{"type": "FeatureCollection", "attribution": "OpenHistoricalMap (source CC0); corridor © OpenStreetMap contributors, ODbL", "license": "https://opendatacommons.org/licenses/odbl/1-0/", "source_license": "https://creativecommons.org/publicdomain/zero/1.0/", "corridor_radius_m": 5000, "buffer_crs": "EPSG:32633", "buffer_quad_segs": 64, "length_method": "WGS84 ellipsoidal geodesic; corridor-clipped way length", "server_base_utc": "2026-10-07T03:40:38Z", "features": [{"type": "Feature", "id": "ohm/way/198530396", "geometry": {"type": "LineString", "coordinates": [[12.394337600000002, 51.33561229999999], [12.3979318, 51.33468059999999], [12.398393100000002, 51.334566599999995]]}, "properties": {"source": "OpenHistoricalMap", "way_id": 198530396, "source_url": "https://www.openhistoricalmap.org/way/198530396", "name": null, "name_status": "unrecorded", "status": "historical_record; present-day removal unconfirmed", "railway": "rail", "length_km": 0.305643, "original_way_length_km": 0.305643, "start_date": "1874-11-01", "end_date": "1973", "license": "https://opendatacommons.org/licenses/odbl/1-0/", "source_license": "https://creativecommons.org/publicdomain/zero/1.0/", "source_license_basis": "OHM default CC0", "tags": {"end_date": "1973", "end_date:edtf": "1973~", "railway": "rail", "source": "https://mapwarper.net/maps/22099", "source:name": "Old Leipzig", "source:tiles": "https://mapwarper.net/maps/tile/22099/{z}/{x}/{y}.png", "start_date": "1874-11-01"}}}, {"type": "Feature", "id": "ohm/way/198530397", "geometry": {"type": "LineString", "coordinates": [[12.381141200000002, 51.33022280000001], [12.382385700000002, 51.328024], [12.3829436, 51.326857499999996], [12.3838234, 51.3250607]]}, "properties": {"source": "OpenHistoricalMap", "way_id": 198530397, "source_url": "https://www.openhistoricalmap.org/way/198530397", "name": null, "name_status": "unrecorded", "status": "historical_record; present-day removal unconfirmed", "railway": "rail", "length_km": 0.604127, "original_way_length_km": 0.604127, "start_date": "1842-09-19", "end_date": null, "license": "https://opendatacommons.org/licenses/odbl/1-0/", "source_license": "https://creativecommons.org/publicdomain/zero/1.0/", "source_license_basis": "OHM default CC0", "tags": {"railway": "rail", "source": "https://mapwarper.net/maps/22099", "source:name": "Old Leipzig", "source:tiles": "https://mapwarper.net/maps/tile/22099/{z}/{x}/{y}.png", "start_date": "1842-09-19"}}}, {"type": "Feature", "id": "ohm/way/198530398", "geometry": {"type": "LineString", "coordinates": [[12.387836, 51.3274809], [12.388082700000002, 51.327735700000005], [12.389853000000002, 51.3290229], [12.3914409, 51.33005519999998], [12.392975100000001, 51.331040699999996], [12.3952496, 51.33254229999999], [12.3967087, 51.3335545], [12.3973402, 51.334083], [12.3979318, 51.33468059999999], [12.398028399999998, 51.33478110000001], [12.3984897, 51.335317399999994]]}, "properties": {"source": "OpenHistoricalMap", "way_id": 198530398, "source_url": "https://www.openhistoricalmap.org/way/198530398", "name": "Verbindungsbahn", "name_status": "recorded", "status": "historical_record; present-day removal unconfirmed", "railway": "rail", "length_km": 1.149373, "original_way_length_km": 1.149373, "start_date": "1851-07-20", "end_date": "1878-08-20", "license": "https://opendatacommons.org/licenses/odbl/1-0/", "source_license": "https://creativecommons.org/publicdomain/zero/1.0/", "source_license_basis": "OHM default CC0", "tags": {"end_date": "1878-08-20", "name": "Verbindungsbahn", "railway": "rail", "source": "https://mapwarper.net/maps/22099", "source:1": "https://de.wikipedia.org/wiki/Alte_Verbindungsbahn_Leipzig", "source:name": "Old Leipzig", "source:tiles": "https://mapwarper.net/maps/tile/22099/{z}/{x}/{y}.png", "start_date": "1851-07-20"}}}, {"type": "Feature", "id": "ohm/way/198530399", "geometry": {"type": "LineString", "coordinates": [[12.3848534, 51.34601399999999], [12.38554, 51.3464429], [12.386183700000002, 51.34675119999999], [12.3867738, 51.34698569999999], [12.3872352, 51.347133199999995], [12.387857400000001, 51.34724709999999], [12.3886192, 51.3473208], [12.3899495, 51.3473744], [12.390453800000001, 51.34736769999999], [12.391119, 51.347227], [12.39187, 51.347032599999984], [12.3925352, 51.34677799999999], [12.3928034, 51.34666409999999]]}, "properties": {"source": "OpenHistoricalMap", "way_id": 198530399, "source_url": "https://www.openhistoricalmap.org/way/198530399", "name": null, "name_status": "unrecorded", "status": "historical_record; present-day removal unconfirmed", "railway": "rail", "length_km": 0.618137, "original_way_length_km": 0.618137, "start_date": "1876", "end_date": null, "license": "https://opendatacommons.org/licenses/odbl/1-0/", "source_license": "https://creativecommons.org/publicdomain/zero/1.0/", "source_license_basis": "OHM default CC0", "tags": {"railway": "rail", "source": "https://mapwarper.net/maps/22099", "source:name": "Old Leipzig", "source:tiles": "https://mapwarper.net/maps/tile/22099/{z}/{x}/{y}.png", "start_date": "1876", "start_date:edtf": "/1876"}}}, {"type": "Feature", "id": "ohm/way/198530400", "geometry": {"type": "LineString", "coordinates": [[12.382353500000002, 51.343762299999995], [12.3833942, 51.34459329999999], [12.383877, 51.34501550000001], [12.3844027, 51.345370700000004], [12.3848641, 51.34555839999999], [12.3853791, 51.3457661], [12.3862266, 51.3460073], [12.3870206, 51.3461615], [12.3879218, 51.346261999999996], [12.3884153, 51.34630219999999], [12.3895848, 51.3463156], [12.3908508, 51.346235199999995], [12.3942819, 51.346151]]}, "properties": {"source": "OpenHistoricalMap", "way_id": 198530400, "source_url": "https://www.openhistoricalmap.org/way/198530400", "name": null, "name_status": "unrecorded", "status": "historical_record; present-day removal unconfirmed", "railway": "rail", "length_km": 0.9408, "original_way_length_km": 0.9408, "start_date": "1837-04-24", "end_date": "1878", "license": "https://opendatacommons.org/licenses/odbl/1-0/", "source_license": "https://creativecommons.org/publicdomain/zero/1.0/", "source_license_basis": "OHM default CC0", "tags": {"end_date": "1878", "layer": "1", "railway": "rail", "source": "https://mapwarper.net/maps/22099", "source:name": "Old Leipzig", "source:tiles": "https://mapwarper.net/maps/tile/22099/{z}/{x}/{y}.png", "start_date": "1837-04-24"}}}, {"type": "Feature", "id": "ohm/way/198530401", "geometry": {"type": "LineString", "coordinates": [[12.3807657, 51.343953299999995], [12.3809534, 51.344281699999996], [12.381473300000001, 51.34535089999999]]}, "properties": {"source": "OpenHistoricalMap", "way_id": 198530401, "source_url": "https://www.openhistoricalmap.org/way/198530401", "name": null, "name_status": "unrecorded", "status": "historical_record; present-day removal unconfirmed", "railway": "rail", "length_km": 0.163153, "original_way_length_km": 0.163153, "start_date": "1876", "end_date": "1915", "license": "https://opendatacommons.org/licenses/odbl/1-0/", "source_license": "https://creativecommons.org/publicdomain/zero/1.0/", "source_license_basis": "OHM default CC0", "tags": {"end_date": "1915", "railway": "rail", "source": "https://mapwarper.net/maps/22099", "source:name": "Old Leipzig", "source:tiles": "https://mapwarper.net/maps/tile/22099/{z}/{x}/{y}.png", "start_date": "1876", "start_date:edtf": "/1876"}}}, {"type": "Feature", "id": "ohm/way/198530402", "geometry": {"type": "LineString", "coordinates": [[12.380776400000002, 51.344861399999985], [12.381473300000001, 51.34535089999999], [12.383361999999998, 51.3466775], [12.3845208, 51.347495], [12.3856044, 51.34829919999999]]}, "properties": {"source": "OpenHistoricalMap", "way_id": 198530402, "source_url": "https://www.openhistoricalmap.org/way/198530402", "name": null, "name_status": "unrecorded", "status": "historical_record; present-day removal unconfirmed", "railway": "rail", "length_km": 0.509383, "original_way_length_km": 0.509383, "start_date": "1876", "end_date": "1915", "license": "https://opendatacommons.org/licenses/odbl/1-0/", "source_license": "https://creativecommons.org/publicdomain/zero/1.0/", "source_license_basis": "OHM default CC0", "tags": {"end_date": "1915", "end_date:edtf": "1815/", "railway": "rail", "source": "https://mapwarper.net/maps/22099", "source:name": "Old Leipzig", "source:tiles": "https://mapwarper.net/maps/tile/22099/{z}/{x}/{y}.png", "start_date": "1876", "start_date:edtf": "/1876"}}}, {"type": "Feature", "id": "ohm/way/198530403", "geometry": {"type": "LineString", "coordinates": [[12.3845208, 51.347495], [12.3849499, 51.34768100000001], [12.3852476, 51.34782340000001], [12.3855937, 51.3479524], [12.3861676, 51.34814500000001], [12.3868838, 51.348342699999996], [12.387498, 51.3484365], [12.3882276, 51.348475099999995], [12.3890832, 51.348451600000004], [12.389794, 51.348324299999994], [12.390376, 51.3481903], [12.3910888, 51.34798159999999]]}, "properties": {"source": "OpenHistoricalMap", "way_id": 198530403, "source_url": "https://www.openhistoricalmap.org/way/198530403", "name": null, "name_status": "unrecorded", "status": "historical_record; present-day removal unconfirmed", "railway": "rail", "length_km": 0.494672, "original_way_length_km": 0.494672, "start_date": "1876", "end_date": null, "license": "https://opendatacommons.org/licenses/odbl/1-0/", "source_license": "https://creativecommons.org/publicdomain/zero/1.0/", "source_license_basis": "OHM default CC0", "tags": {"railway": "rail", "source": "https://mapwarper.net/maps/22099", "source:name": "Old Leipzig", "source:tiles": "https://mapwarper.net/maps/tile/22099/{z}/{x}/{y}.png", "start_date": "1876", "start_date:edtf": "/1876"}}}, {"type": "Feature", "id": "ohm/way/198530404", "geometry": {"type": "LineString", "coordinates": [[12.381527400000001, 51.3439433], [12.3829329, 51.345142900000006], [12.383426400000001, 51.34569239999998], [12.384091600000001, 51.346530099999995], [12.3847637, 51.34730509999999], [12.3850679, 51.34765589999999], [12.3856044, 51.34829919999999], [12.386151500000002, 51.3489425], [12.3864405, 51.349306], [12.3864627, 51.34947849999999], [12.3865136, 51.3497583], [12.3865485, 51.35008829999999], [12.38657, 51.350517199999985]]}, "properties": {"source": "OpenHistoricalMap", "way_id": 198530404, "source_url": "https://www.openhistoricalmap.org/way/198530404", "name": null, "name_status": "unrecorded", "status": "historical_record; present-day removal unconfirmed", "railway": "rail", "length_km": 0.82442, "original_way_length_km": 0.82442, "start_date": "1876", "end_date": "1915", "license": "https://opendatacommons.org/licenses/odbl/1-0/", "source_license": "https://creativecommons.org/publicdomain/zero/1.0/", "source_license_basis": "OHM default CC0", "tags": {"end_date": "1915", "end_date:edtf": "1915/", "railway": "rail", "source": "https://mapwarper.net/maps/22099", "source:name": "Old Leipzig", "source:tiles": "https://mapwarper.net/maps/tile/22099/{z}/{x}/{y}.png", "start_date": "1876", "start_date:edtf": "/1876"}}}, {"type": "Feature", "id": "ohm/way/198530405", "geometry": {"type": "LineString", "coordinates": [[12.3828041, 51.348855399999984], [12.383126, 51.3489894], [12.3836552, 51.34920820000001], [12.3844778, 51.349518700000004], [12.3849392, 51.3496327], [12.385422, 51.3497332], [12.386055, 51.3497734], [12.3865136, 51.3497583], [12.3870635, 51.349706399999995], [12.3876965, 51.349512], [12.3880827, 51.3493981], [12.3885763, 51.3491636], [12.3890269, 51.3489693], [12.3900676, 51.34849349999999], [12.3910888, 51.34798159999999], [12.3926747, 51.34718680000001]]}, "properties": {"source": "OpenHistoricalMap", "way_id": 198530405, "source_url": "https://www.openhistoricalmap.org/way/198530405", "name": null, "name_status": "unrecorded", "status": "historical_record; present-day removal unconfirmed", "railway": "rail", "length_km": 0.80566, "original_way_length_km": 0.80566, "start_date": "1876", "end_date": null, "license": "https://opendatacommons.org/licenses/odbl/1-0/", "source_license": "https://creativecommons.org/publicdomain/zero/1.0/", "source_license_basis": "OHM default CC0", "tags": {"railway": "rail", "source": "https://mapwarper.net/maps/22099", "source:name": "Old Leipzig", "source:tiles": "https://mapwarper.net/maps/tile/22099/{z}/{x}/{y}.png", "start_date": "1876", "start_date:edtf": "/1876"}}}, {"type": "Feature", "id": "ohm/way/198530406", "geometry": {"type": "LineString", "coordinates": [[12.379961000000002, 51.346684199999984], [12.3819351, 51.3482523], [12.3828041, 51.348855399999984], [12.3835766, 51.349438299999996], [12.384522000000002, 51.3501482]]}, "properties": {"source": "OpenHistoricalMap", "way_id": 198530406, "source_url": "https://www.openhistoricalmap.org/way/198530406", "name": null, "name_status": "unrecorded", "status": "historical_record; present-day removal unconfirmed", "railway": "rail", "length_km": 0.499644, "original_way_length_km": 0.499644, "start_date": "1876", "end_date": null, "license": "https://opendatacommons.org/licenses/odbl/1-0/", "source_license": "https://creativecommons.org/publicdomain/zero/1.0/", "source_license_basis": "OHM default CC0", "tags": {"railway": "rail", "source": "https://mapwarper.net/maps/22099", "source:name": "Old Leipzig", "source:tiles": "https://mapwarper.net/maps/tile/22099/{z}/{x}/{y}.png", "start_date": "1876", "start_date:edtf": "/1876"}}}, {"type": "Feature", "id": "ohm/way/198530407", "geometry": {"type": "LineString", "coordinates": [[12.3798537, 51.34573259999999], [12.3820209, 51.347756399999994], [12.383523000000002, 51.3490698], [12.3836552, 51.34920820000001], [12.384274, 51.349880600000006], [12.384522000000002, 51.3501482], [12.3847461, 51.3503899], [12.384778300000002, 51.35049039999999]]}, "properties": {"source": "OpenHistoricalMap", "way_id": 198530407, "source_url": "https://www.openhistoricalmap.org/way/198530407", "name": null, "name_status": "unrecorded", "status": "historical_record; present-day removal unconfirmed", "railway": "rail", "length_km": 0.632037, "original_way_length_km": 0.632037, "start_date": "1876", "end_date": "1915", "license": "https://opendatacommons.org/licenses/odbl/1-0/", "source_license": "https://creativecommons.org/publicdomain/zero/1.0/", "source_license_basis": "OHM default CC0", "tags": {"end_date": "1915", "end_date:edtf": "1915/", "railway": "rail", "source": "https://mapwarper.net/maps/22099", "source:name": "Old Leipzig", "source:tiles": "https://mapwarper.net/maps/tile/22099/{z}/{x}/{y}.png", "start_date": "1876", "start_date:edtf": "/1876"}}}, {"type": "Feature", "id": "ohm/way/198658433", "geometry": {"type": "LineString", "coordinates": [[12.3286218552394, 51.37824830502684], [12.378201100000002, 51.36155889999999]]}, "properties": {"source": "OpenHistoricalMap", "way_id": 198658433, "source_url": "https://www.openhistoricalmap.org/way/198658433", "name": "Bahnstrecke Magdeburg–Leipzig", "name_status": "recorded", "status": "historical_record; present-day removal unconfirmed", "railway": "rail", "length_km": 3.920218, "original_way_length_km": 31.114963, "start_date": "1840-08-18", "end_date": null, "license": "https://opendatacommons.org/licenses/odbl/1-0/", "source_license": "https://creativecommons.org/publicdomain/zero/1.0/", "source_license_basis": "OHM default CC0", "tags": {"gauge": "1435", "name": "Bahnstrecke Magdeburg–Leipzig", "operator": "Magdeburg-Leipziger Eisenbahn-Gesellschaft", "railway": "rail", "start_date": "1840-08-18", "usage": "main"}}}, {"type": "Feature", "id": "ohm/way/198658438", "geometry": {"type": "LineString", "coordinates": [[13.582989265160192, 51.67134473675051], [13.5626214, 51.61119499999999], [13.57468953652334, 51.575585539902335]]}, "properties": {"source": "OpenHistoricalMap", "way_id": 198658438, "source_url": "https://www.openhistoricalmap.org/way/198658438", "name": "Berlin-Dresdener Eisenbahn", "name_status": "recorded", "status": "historical_record; present-day removal unconfirmed", "railway": "rail", "length_km": 10.88841, "original_way_length_km": 147.74625, "start_date": "1875-06-17", "end_date": null, "license": "https://opendatacommons.org/licenses/odbl/1-0/", "source_license": "https://creativecommons.org/publicdomain/zero/1.0/", "source_license_basis": "OHM default CC0", "tags": {"name": "Berlin-Dresdener Eisenbahn", "railway": "rail", "source:url": "https://de.wikipedia.org/wiki/Bahnstrecke_Berlin%E2%80%93Dresden", "start_date": "1875-06-17"}}}, {"type": "Feature", "id": "ohm/way/198658441", "geometry": {"type": "LineString", "coordinates": [[13.225521226446077, 51.62997064602731], [13.26662520057394, 51.53777687879268]]}, "properties": {"source": "OpenHistoricalMap", "way_id": 198658441, "source_url": "https://www.openhistoricalmap.org/way/198658441", "name": null, "name_status": "unrecorded", "status": "historical_record; present-day removal unconfirmed", "railway": "rail", "length_km": 10.645741, "original_way_length_km": 79.614886, "start_date": "1848", "end_date": null, "license": "https://opendatacommons.org/licenses/odbl/1-0/", "source_license": "https://creativecommons.org/publicdomain/zero/1.0/", "source_license_basis": "OHM default CC0", "tags": {"railway": "rail", "start_date": "1848"}}}, {"type": "Feature", "id": "ohm/way/198662470", "geometry": {"type": "LineString", "coordinates": [[15.437036786001345, 51.97003221223925], [15.432462499999998, 51.9989101], [15.4341934, 52.00451129999998], [15.434405600000002, 52.0052029], [15.4347037, 52.006195000000005], [15.4348075, 52.00659749999999], [15.4348738, 52.00695300000001], [15.4349158, 52.0072436], [15.434943399999998, 52.007604400000005], [15.434946200000002, 52.007860999999984], [15.434936900000002, 52.008138499999994], [15.434917700000002, 52.0083977], [15.434884800000003, 52.008701300000006], [15.434829000000002, 52.0089986], [15.434743200000002, 52.0093711], [15.434657200000002, 52.0096725], [15.434554900000002, 52.009959599999995], [15.434444899999999, 52.01021860000001], [15.434350100000001, 52.0104232], [15.434163599999998, 52.0107941], [15.432529400000002, 52.01291389999999], [15.4302978, 52.0141025], [15.427722900000001, 52.0149477], [15.4252767, 52.0153703], [15.414977, 52.01505329999999], [15.4124772, 52.0153571]]}, "properties": {"source": "OpenHistoricalMap", "way_id": 198662470, "source_url": "https://www.openhistoricalmap.org/way/198662470", "name": null, "name_status": "unrecorded", "status": "historical_record; present-day removal unconfirmed", "railway": "rail", "length_km": 6.293288, "original_way_length_km": 67.610279, "start_date": "1871-10-01", "end_date": null, "license": "https://opendatacommons.org/licenses/odbl/1-0/", "source_license": "https://creativecommons.org/publicdomain/zero/1.0/", "source_license_basis": "OHM default CC0", "tags": {"gauge": "1435", "railway": "rail", "start_date": "1871-10-01", "usage": "main"}}}, {"type": "Feature", "id": "ohm/way/198730499", "geometry": {"type": "LineString", "coordinates": [[12.3731636, 51.31052029999999], [12.37311, 51.3103694], [12.3730252, 51.310184899999996], [12.3729941, 51.31010109999999], [12.3729759, 51.31002], [12.372968400000001, 51.3098798], [12.3729661, 51.30978319999999], [12.3729726, 51.30966609999999], [12.373097900000001, 51.3089912], [12.3731997, 51.3083857], [12.3732949, 51.3078713], [12.3734108, 51.3072448], [12.3735388, 51.3065532], [12.3736989, 51.305688100000005]]}, "properties": {"source": "OpenHistoricalMap", "way_id": 198730499, "source_url": "https://www.openhistoricalmap.org/way/198730499", "name": null, "name_status": "unrecorded", "status": "historical_record; present-day removal unconfirmed", "railway": "disused", "length_km": 0.542095, "original_way_length_km": 0.542095, "start_date": "2015-11-27", "end_date": null, "license": "https://opendatacommons.org/licenses/odbl/1-0/", "source_license": "https://creativecommons.org/publicdomain/zero/1.0/", "source_license_basis": "OHM default CC0", "tags": {"railway": "disused", "start_date": "2015-11-27"}}}, {"type": "Feature", "id": "ohm/way/198730500", "geometry": {"type": "LineString", "coordinates": [[12.3730244, 51.30966579999998], [12.3730173, 51.309755499999994], [12.3730148, 51.309787], [12.373018700000001, 51.3099226], [12.373024400000002, 51.31001189999999], [12.3730474, 51.31009770000001], [12.3730742, 51.310180599999995], [12.373118800000002, 51.3102851], [12.3731635, 51.31038519999999], [12.3732183, 51.310486499999996]]}, "properties": {"source": "OpenHistoricalMap", "way_id": 198730500, "source_url": "https://www.openhistoricalmap.org/way/198730500", "name": null, "name_status": "unrecorded", "status": "historical_record; present-day removal unconfirmed", "railway": "disused", "length_km": 0.093121, "original_way_length_km": 0.093121, "start_date": "2015-11-27", "end_date": null, "license": "https://opendatacommons.org/licenses/odbl/1-0/", "source_license": "https://creativecommons.org/publicdomain/zero/1.0/", "source_license_basis": "OHM default CC0", "tags": {"railway": "disused", "start_date": "2015-11-27"}}}, {"type": "Feature", "id": "ohm/way/198730501", "geometry": {"type": "LineString", "coordinates": [[12.3730244, 51.30966579999998], [12.373033100000002, 51.30971060000001], [12.373049299999998, 51.30973999999999], [12.373075500000002, 51.3097681], [12.373108000000002, 51.309787], [12.3732072, 51.30981549999999], [12.3732965, 51.3098358], [12.3733935, 51.30985329999999], [12.373467, 51.3098612], [12.3735252, 51.309859799999984], [12.3735622, 51.30985329999999], [12.3736204, 51.3098327]]}, "properties": {"source": "OpenHistoricalMap", "way_id": 198730501, "source_url": "https://www.openhistoricalmap.org/way/198730501", "name": null, "name_status": "unrecorded", "status": "historical_record; present-day removal unconfirmed", "railway": "disused", "length_km": 0.053066, "original_way_length_km": 0.053066, "start_date": "2015-11-27", "end_date": null, "license": "https://opendatacommons.org/licenses/odbl/1-0/", "source_license": "https://creativecommons.org/publicdomain/zero/1.0/", "source_license_basis": "OHM default CC0", "tags": {"railway": "disused", "start_date": "2015-11-27"}}}, {"type": "Feature", "id": "ohm/way/198730502", "geometry": {"type": "LineString", "coordinates": [[12.3736308, 51.309865399999985], [12.373546, 51.309889099999985], [12.373507600000002, 51.30989329999999], [12.3734413, 51.30989249999999], [12.3733921, 51.3098877], [12.3733321, 51.3098745], [12.3731458, 51.3098265], [12.3730908, 51.3098065], [12.3730448, 51.30978060000001], [12.3730173, 51.309755499999994], [12.3729866, 51.309719099999995], [12.3729726, 51.30966609999999]]}, "properties": {"source": "OpenHistoricalMap", "way_id": 198730502, "source_url": "https://www.openhistoricalmap.org/way/198730502", "name": null, "name_status": "unrecorded", "status": "historical_record; present-day removal unconfirmed", "railway": "disused", "length_km": 0.058458, "original_way_length_km": 0.058458, "start_date": "2015-11-27", "end_date": null, "license": "https://opendatacommons.org/licenses/odbl/1-0/", "source_license": "https://creativecommons.org/publicdomain/zero/1.0/", "source_license_basis": "OHM default CC0", "tags": {"railway": "disused", "start_date": "2015-11-27"}}}, {"type": "Feature", "id": "ohm/way/198730503", "geometry": {"type": "LineString", "coordinates": [[12.373743100000002, 51.30569589999998], [12.3733022, 51.3081019], [12.373249900000001, 51.30838719999999], [12.373136800000001, 51.308994199999994], [12.3730244, 51.30966579999998]]}, "properties": {"source": "OpenHistoricalMap", "way_id": 198730503, "source_url": "https://www.openhistoricalmap.org/way/198730503", "name": null, "name_status": "unrecorded", "status": "historical_record; present-day removal unconfirmed", "railway": "disused", "length_km": 0.444506, "original_way_length_km": 0.444506, "start_date": "2015-11-27", "end_date": null, "license": "https://opendatacommons.org/licenses/odbl/1-0/", "source_license": "https://creativecommons.org/publicdomain/zero/1.0/", "source_license_basis": "OHM default CC0", "tags": {"railway": "disused", "start_date": "2015-11-27"}}}, {"type": "Feature", "id": "ohm/way/198739689", "geometry": {"type": "LineString", "coordinates": [[14.380213914747117, 51.71351054495317], [14.361362300000001, 51.728942100000005], [14.346927100000002, 51.73643739999999], [14.3460926, 51.73708009999999], [14.345395300000002, 51.73770629999999], [14.344837400000001, 51.738317499999994], [14.3444726, 51.7388191], [14.3441159, 51.7394088], [14.3416858, 51.74587759999999], [14.341385399999998, 51.74662820000001], [14.3410849, 51.7471331], [14.340688, 51.747657800000006], [14.3401945, 51.7481826], [14.3396607, 51.748649199999996], [14.339167200000002, 51.74902449999998], [14.338568999999998, 51.74940979999999], [14.337777799999998, 51.7498365], [14.3368283, 51.75025659999999], [14.335908300000002, 51.75059869999999], [14.335447, 51.75074980000001], [14.3349293, 51.75089429999999], [14.3345645, 51.750974], [14.334062899999997, 51.751062], [14.333537200000002, 51.75112339999999], [14.333292499999999, 51.751144000000004]]}, "properties": {"source": "OpenHistoricalMap", "way_id": 198739689, "source_url": "https://www.openhistoricalmap.org/way/198739689", "name": null, "name_status": "unrecorded", "status": "historical_record; present-day removal unconfirmed", "railway": "rail", "length_km": 5.454363, "original_way_length_km": 88.612003, "start_date": "1867", "end_date": null, "license": "https://opendatacommons.org/licenses/odbl/1-0/", "source_license": "https://creativecommons.org/publicdomain/zero/1.0/", "source_license_basis": "OHM default CC0", "tags": {"railway": "rail", "start_date": "1867", "usage": "main"}}}, {"type": "Feature", "id": "ohm/way/198739692", "geometry": {"type": "LineString", "coordinates": [[14.7176132, 51.9389592], [14.7234018, 51.933742099999996], [14.733712900000002, 51.92444739999999], [14.755647243174565, 51.90502620051204]]}, "properties": {"source": "OpenHistoricalMap", "way_id": 198739692, "source_url": "https://www.openhistoricalmap.org/way/198739692", "name": "Kolej Dolnośląsko Marchijska", "name_status": "recorded", "status": "historical_record; present-day removal unconfirmed", "railway": "rail", "length_km": 4.593718, "original_way_length_km": 29.34958, "start_date": "1846-09-01", "end_date": null, "license": "https://opendatacommons.org/licenses/odbl/1-0/", "source_license": "https://creativecommons.org/publicdomain/zero/1.0/", "source_license_basis": "OHM default CC0", "tags": {"gauge": "1435", "name": "Kolej Dolnośląsko Marchijska", "railway": "rail", "start_date": "1846-09-01", "usage": "main"}}}, {"type": "Feature", "id": "ohm/way/198759806", "geometry": {"type": "LineString", "coordinates": [[15.750240557624915, 52.25862928756196], [15.7504026, 52.25852509999999], [15.7506515, 52.258356899999995], [15.7509746, 52.25812950000001], [15.751484200000002, 52.257761], [15.753012900000002, 52.25660619999999], [15.7843617, 52.23285339999999], [15.784625, 52.232661], [15.7849237, 52.23244509999999], [15.7852927, 52.23218759999999], [15.785663399999999, 52.23193959999999], [15.7860065, 52.23173370000001], [15.7863546, 52.2315328], [15.786769100000003, 52.23131190000001], [15.787176500000001, 52.2311117], [15.787640700000003, 52.2309008], [15.7880328, 52.2307346], [15.788426599999998, 52.230579999999996], [15.788843700000001, 52.2304304], [15.789425100000003, 52.2302354], [15.7898294, 52.230111599999994], [15.790262800000002, 52.22999239999999], [15.7906816, 52.229886699999994], [15.7911325, 52.2297796], [15.7915759, 52.229686599999994], [15.791950300000002, 52.229614], [15.792307300000001, 52.2295532], [15.7928247, 52.22947039999999], [15.7933293, 52.2294081], [15.793716700000001, 52.22936459999999], [15.7940099, 52.2293391], [15.794449, 52.22930409999999], [15.794847599999999, 52.22928129999998], [15.795284700000002, 52.22926019999999], [15.7958416, 52.2292492], [15.796301400000003, 52.2292496], [15.796725200000001, 52.22925789999999], [15.7972798, 52.2292796], [15.7978935, 52.229317], [15.798521400000002, 52.229373499999994], [15.7991126, 52.2294469], [15.7998745, 52.229558499999996], [15.8005308, 52.22967969999999], [15.801119399999997, 52.22980450000001], [15.8019246, 52.230001699999995], [15.803264299999999, 52.2303647], [15.803974300000002, 52.230562899999995], [15.804617599999998, 52.2307525], [15.805126299999998, 52.2309156], [15.805729900000001, 52.23112089999999], [15.8061314, 52.2312926], [15.806814, 52.231595], [15.8076227, 52.23201009999999], [15.8080406, 52.2322552], [15.808420600000002, 52.2324891], [15.8087803, 52.23273369999999], [15.809301800000002, 52.23312859999999], [15.809497600000002, 52.23328469999999], [15.809720800000001, 52.2334789], [15.809994400000003, 52.23373839999999], [15.810320800000001, 52.23406059999999], [15.8105689, 52.23431579999999], [15.811907599999998, 52.23572589999999], [15.8121597, 52.23600290000001], [15.8125432, 52.23639419999999], [15.8154324, 52.239451800000005], [15.8156433, 52.239675899999995], [15.8158029, 52.23988430000001], [15.816750100000002, 52.2411911], [15.8169038, 52.241389399999996], [15.817184800000001, 52.2417325], [15.8173853, 52.2419566], [15.817927999999998, 52.2425446], [15.821276799999998, 52.24607120000002], [15.8295924, 52.254851800000004], [15.829779600000002, 52.2550444], [15.830088700000001, 52.255355900000005], [15.830390900000001, 52.25564099999999], [15.830657400000002, 52.2558675], [15.8309906, 52.2561394], [15.831310800000002, 52.25637939999999], [15.8316716, 52.25663279999999], [15.833075400000002, 52.25744619999999], [15.834642, 52.25816330000001], [15.8364057, 52.2587543], [15.837995500000002, 52.2591196], [15.8395342, 52.259363799999996], [15.840652299999999, 52.259494100000005], [15.8418445, 52.259567100000005], [15.8427184, 52.25957700000001], [15.8494653, 52.25947089999999]]}, "properties": {"source": "OpenHistoricalMap", "way_id": 198759806, "source_url": "https://www.openhistoricalmap.org/way/198759806", "name": null, "name_status": "unrecorded", "status": "historical_record; present-day removal unconfirmed", "railway": "rail", "length_km": 9.994685, "original_way_length_km": 11.362921, "start_date": "1925-11-24", "end_date": null, "license": "https://opendatacommons.org/licenses/odbl/1-0/", "source_license": "https://creativecommons.org/publicdomain/zero/1.0/", "source_license_basis": "OHM default CC0", "tags": {"gauge": "1435", "railway": "rail", "source:1:name": "Esri World Imagery", "start_date": "1925-11-24", "start_date:source:1:name": "Reichsbahndirektion Osten in Frankfurt (Oder)", "start_date:source:1:url": "https://www.bahnstatistik.de/Direktionen/RBD_Osten.htm", "start_date:source:2:name": "Eisenbahn Wiki - 1925", "start_date:source:2:url": "https://eisenbahn.fandom.com/wiki/Streckenchronik_1925", "usage": "main"}}}, {"type": "Feature", "id": "ohm/way/198759807", "geometry": {"type": "LineString", "coordinates": [[15.8494653, 52.25947089999999], [15.854001, 52.2595679], [15.8591495, 52.259566899999996], [15.870333000000002, 52.2595568], [15.8814682, 52.2595484], [15.884812900000002, 52.25954519999999], [15.886496000000001, 52.2595419], [15.887315400000002, 52.2595403], [15.888145499999998, 52.2595452], [15.8898729, 52.259564499999996], [15.8907594, 52.2595725], [15.891557299999999, 52.259572000000006], [15.8949423, 52.25956579999999], [15.896736699999998, 52.259559], [15.897554700000002, 52.2595573], [15.898355400000002, 52.259562200000005], [15.9017591, 52.2596045], [15.9025894, 52.25959379999999], [15.9029944, 52.25958289999999], [15.903397999999997, 52.259567099999984], [15.904991200000001, 52.2595128], [15.914211, 52.259480499999995], [15.936784700000002, 52.259489900000005], [15.953521399999998, 52.2639553], [15.995359567641225, 52.282098083347144]]}, "properties": {"source": "OpenHistoricalMap", "way_id": 198759807, "source_url": "https://www.openhistoricalmap.org/way/198759807", "name": null, "name_status": "unrecorded", "status": "historical_record; present-day removal unconfirmed", "railway": "rail", "length_km": 10.706149, "original_way_length_km": 75.524547, "start_date": "1870", "end_date": null, "license": "https://opendatacommons.org/licenses/odbl/1-0/", "source_license": "https://creativecommons.org/publicdomain/zero/1.0/", "source_license_basis": "OHM default CC0", "tags": {"gauge": "1435", "railway": "rail", "start_date": "1870", "usage": "main"}}}, {"type": "Feature", "id": "ohm/way/198759808", "geometry": {"type": "LineString", "coordinates": [[15.758038824693077, 52.26455736990477], [15.785609999999998, 52.2646741], [15.786692899999998, 52.264674], [15.787854100000002, 52.264649799999994], [15.7888684, 52.2645969], [15.790244899999998, 52.26449689999999], [15.7941418, 52.2641413], [15.7973592, 52.263854099999996], [15.8077543, 52.262901299999996], [15.8124828, 52.26247639999999], [15.8409924, 52.25991469999999], [15.844119199999998, 52.25962979999999], [15.846204700000001, 52.259562], [15.8494653, 52.25947089999999]]}, "properties": {"source": "OpenHistoricalMap", "way_id": 198759808, "source_url": "https://www.openhistoricalmap.org/way/198759808", "name": null, "name_status": "unrecorded", "status": "historical_record; present-day removal unconfirmed", "railway": "rail", "length_km": 6.283237, "original_way_length_km": 7.970024, "start_date": "1870-06-26", "end_date": "1930-08", "license": "https://opendatacommons.org/licenses/odbl/1-0/", "source_license": "https://creativecommons.org/publicdomain/zero/1.0/", "source_license_basis": "OHM default CC0", "tags": {"end_date": "1930-08", "end_date:source:1:name": "Reichsbahndirektion Osten in Frankfurt (Oder)", "end_date:source:1:url": "https://www.bahnstatistik.de/Direktionen/RBD_Osten.htm", "end_date:source:2:url": "https://www.atlaskolejowy.net/pl/lubuskie/?id=linia&poz=1190", "gauge": "1435", "railway": "rail", "source:1:name": "Geoportal 2: ISOK hillshade", "source:2:name": "Esri World Imagery", "source:3:name": "Geoportal 2: Orthophotomap (aerial image) WMTS", "source:4:name": "Atlas Kolejowy", "source:4:url": "https://www.atlaskolejowy.net/pl/lubuskie/?id=linia&poz=1190", "start_date": "1870-06-26", "start_date:source:1:name": "Reichsbahndirektion Osten in Frankfurt (Oder)", "start_date:source:1:url": "https://www.bahnstatistik.de/Direktionen/RBD_Osten.htm", "start_date:source:2:url": "https://www.atlaskolejowy.net/pl/lubuskie/?id=linia&poz=1190", "usage": "main"}}}, {"type": "Feature", "id": "ohm/way/198759810", "geometry": {"type": "LineString", "coordinates": [[15.904991200000001, 52.2595128], [15.907301900000002, 52.259805], [15.910177199999998, 52.26096080000001], [15.911915300000002, 52.2623923], [15.911958200000003, 52.26440169999999], [15.907216, 52.27220169999999], [15.9044694, 52.281418099999996], [15.9058213, 52.2835578], [15.915992199999998, 52.2893464], [15.9196185, 52.2921026], [15.9222793, 52.2953048], [15.9229659, 52.299714], [15.920700630130492, 52.30389891217813]]}, "properties": {"source": "OpenHistoricalMap", "way_id": 198759810, "source_url": "https://www.openhistoricalmap.org/way/198759810", "name": null, "name_status": "unrecorded", "status": "historical_record; present-day removal unconfirmed", "railway": "rail", "length_km": 5.766565, "original_way_length_km": 41.899744, "start_date": "1920", "end_date": null, "license": "https://opendatacommons.org/licenses/odbl/1-0/", "source_license": "https://creativecommons.org/publicdomain/zero/1.0/", "source_license_basis": "OHM default CC0", "tags": {"gauge": "1435", "railway": "rail", "start_date": "1920", "usage": "branch"}}}, {"type": "Feature", "id": "ohm/way/198769010", "geometry": {"type": "LineString", "coordinates": [[14.4085120318035, 51.8860100717161], [14.4120024, 51.875749199999994], [14.409427499999998, 51.86811809999999], [14.403718399999999, 51.861853799999984]]}, "properties": {"source": "OpenHistoricalMap", "way_id": 198769010, "source_url": "https://www.openhistoricalmap.org/way/198769010", "name": null, "name_status": "unrecorded", "status": "historical_record; present-day removal unconfirmed", "railway": "rail", "length_km": 2.834388, "original_way_length_km": 34.268679, "start_date": "1876", "end_date": "2014", "license": "https://opendatacommons.org/licenses/odbl/1-0/", "source_license": "https://creativecommons.org/publicdomain/zero/1.0/", "source_license_basis": "OHM default CC0", "tags": {"end_date": "2014", "gauge": "1435", "railway": "rail", "start_date": "1876", "usage": "branch"}}}, {"type": "Feature", "id": "ohm/way/198772421", "geometry": {"type": "LineString", "coordinates": [[12.997126499999998, 51.56592], [12.9986286, 51.5669871], [12.998929, 51.56794740000001], [12.9956674, 51.57232199999999], [12.989873800000002, 51.575629299999996], [12.942850765305668, 51.59633262294815]]}, "properties": {"source": "OpenHistoricalMap", "way_id": 198772421, "source_url": "https://www.openhistoricalmap.org/way/198772421", "name": null, "name_status": "unrecorded", "status": "historical_record; present-day removal unconfirmed", "railway": "rail", "length_km": 5.339185, "original_way_length_km": 22.3972, "start_date": "1895", "end_date": null, "license": "https://opendatacommons.org/licenses/odbl/1-0/", "source_license": "https://creativecommons.org/publicdomain/zero/1.0/", "source_license_basis": "OHM default CC0", "tags": {"railway": "rail", "start_date": "1895"}}}, {"type": "Feature", "id": "ohm/way/198828209", "geometry": {"type": "LineString", "coordinates": [[16.1119771, 52.108261199999994], [16.1122263, 52.10796419999999], [16.1125217, 52.1076122], [16.1149062, 52.10540640000001], [16.1153776, 52.1049622], [16.1157179, 52.1046096], [16.1160103, 52.10427730000001], [16.1162627, 52.103966], [16.1164367, 52.1037278], [16.1165949, 52.103496799999995], [16.11683, 52.1031333], [16.119433600000004, 52.0990657], [16.1196108, 52.09879959999999], [16.1198308, 52.098486599999994], [16.120044, 52.098213900000005], [16.1202881, 52.09794119999999], [16.1205214, 52.0976957], [16.1207695, 52.09746249999999], [16.121023, 52.097243399999996], [16.1212993, 52.09701839999999], [16.121491, 52.0968759], [16.1217041, 52.09672199999999], [16.1219886, 52.09653479999999], [16.1222877, 52.09634700000001], [16.1226162, 52.09615999999998], [16.1229287, 52.09599110000001], [16.1232425, 52.0958362], [16.1235778, 52.0956805], [16.1240351, 52.095486], [16.1245005, 52.09530889999999], [16.1250275, 52.095127600000005], [16.1255948, 52.0949562], [16.1261836, 52.09480549999999], [16.1268193, 52.094664599999994], [16.1276977, 52.094508000000005], [16.1281013, 52.09443879999999], [16.128704800000005, 52.094339899999994], [16.1294371, 52.0942435], [16.1298864, 52.0941949], [16.130341, 52.094156999999996], [16.1307996, 52.0941249], [16.1312959, 52.0941018], [16.1319126, 52.0940855], [16.1324827, 52.09408859999999], [16.1330286, 52.0941018], [16.1335476, 52.094127400000005], [16.1340237, 52.0941579], [16.1345078, 52.0942024], [16.1350188, 52.0942609], [16.1355539, 52.094334999999994], [16.1360769, 52.0944166], [16.1365718, 52.09450799999999], [16.1370371, 52.0946044], [16.1375038, 52.0947124], [16.1379531, 52.094826899999994], [16.138401, 52.094952899999996], [16.138861, 52.095093000000006], [16.1393036, 52.095240499999996], [16.1397287, 52.0953946], [16.140241, 52.095593900000004], [16.14076, 52.09581969999999], [16.1412254, 52.09603719999999], [16.1416088, 52.09623419999999], [16.1420565, 52.096475699999985], [16.1433411, 52.09720339999999], [16.1699866, 52.11314709999999], [16.175957973474667, 52.12646370485083]]}, "properties": {"source": "OpenHistoricalMap", "way_id": 198828209, "source_url": "https://www.openhistoricalmap.org/way/198828209", "name": null, "name_status": "unrecorded", "status": "historical_record; present-day removal unconfirmed", "railway": "rail", "length_km": 7.198714, "original_way_length_km": 28.40567, "start_date": "1909", "end_date": null, "license": "https://opendatacommons.org/licenses/odbl/1-0/", "source_license": "https://creativecommons.org/publicdomain/zero/1.0/", "source_license_basis": "OHM default CC0", "tags": {"gauge": "1435", "railway": "rail", "start_date": "1909", "usage": "branch"}}}, {"type": "Feature", "id": "ohm/way/198828210", "geometry": {"type": "MultiLineString", "coordinates": [[[15.623218, 52.0953232], [15.6240393, 52.0956518], [15.6246139, 52.095916599999995], [15.624994899999999, 52.096083899999996], [15.625338500000002, 52.0962309], [15.625660800000002, 52.09635029999999], [15.626137, 52.096508899999996], [15.626510299999998, 52.096626099999995], [15.6267807, 52.0967086], [15.6271902, 52.096822100000004], [15.6278425, 52.096985499999995], [15.6328641, 52.098096700000006], [15.641208499999998, 52.099939799999994], [15.668482099999999, 52.1059676], [15.6692321, 52.1061322], [15.6699582, 52.10629140000001], [15.6705258, 52.10641909999999], [15.6712453, 52.10655299999999], [15.671714900000001, 52.10663919999999], [15.672283299999998, 52.1067401], [15.6728687, 52.106828099999994], [15.6732611, 52.106888100000006], [15.673751200000002, 52.106953499999996], [15.674073700000001, 52.10699599999999], [15.674420700000002, 52.10703500000001], [15.6775519, 52.1073799], [15.6779435, 52.1074261], [15.678426300000002, 52.10748039999999], [15.6789359, 52.10755619999999], [15.6794509, 52.10764350000001], [15.6799176, 52.10773249999999], [15.6803548, 52.107834600000004], [15.680741099999999, 52.10793180000001], [15.681180900000001, 52.1080521], [15.681706699999998, 52.108215200000004], [15.682176000000002, 52.1083914], [15.6826562, 52.1085776], [15.6856361, 52.109813], [15.6860223, 52.10997449999999], [15.686443400000002, 52.1101376], [15.6868699, 52.110289099999996], [15.687371499999998, 52.11044059999998], [15.6878595, 52.110574199999995], [15.6883183, 52.110664699999994], [15.6887823, 52.11074369999999], [15.6892893, 52.1108245], [15.6897882, 52.11087880000001], [15.690268300000001, 52.11090849999999], [15.690716199999999, 52.1109233], [15.691209700000002, 52.1109266], [15.6916415, 52.1109185], [15.691942399999999, 52.1109035], [15.6921887, 52.110880499999986], [15.692717100000001, 52.1108195], [15.693007700000003, 52.1107823], [15.6932737, 52.1107372], [15.693779300000001, 52.11063419999999], [15.694283500000001, 52.1105263], [15.7001119, 52.1092151], [15.700527700000002, 52.1091047], [15.7009327, 52.108977900000006], [15.7012761, 52.10885269999999], [15.701646199999999, 52.1087052], [15.7020445, 52.10854299999999], [15.702440100000002, 52.1083552], [15.702826399999998, 52.1081377], [15.703153600000002, 52.10792689999999], [15.703448600000002, 52.10773249999999], [15.7037075, 52.10754059999999], [15.7039729, 52.1073073], [15.704247900000002, 52.107062], [15.704490700000001, 52.10680990000001], [15.704686500000001, 52.10656529999999], [15.7048555, 52.106326399999986], [15.7050204, 52.1060884], [15.705169200000002, 52.105824899999995], [15.7053262, 52.105505199999996], [15.7064675, 52.102189599999996], [15.707619500000002, 52.09891], [15.708469699999998, 52.096524099999996], [15.7086092, 52.096145099999994], [15.7087487, 52.095792499999995], [15.7089418, 52.0954432], [15.709140299999998, 52.09513669999998], [15.7093495, 52.0948631], [15.709569500000002, 52.09458959999999], [15.7097894, 52.0943391], [15.7100469, 52.094095200000005], [15.7103446, 52.09381510000001], [15.7106383, 52.09357369999999], [15.710957500000001, 52.09333970000001], [15.7113129, 52.0931032], [15.711671, 52.09287909999999], [15.712031699999999, 52.0926748], [15.7123025, 52.09253640000001], [15.7126379, 52.0923781], [15.7130107, 52.092210900000005], [15.713394300000001, 52.09205349999999], [15.7137859, 52.0919093], [15.714198899999998, 52.09177499999999], [15.714612, 52.09163989999999], [15.7150787, 52.091521199999995], [15.7155508, 52.0914092], [15.7160309, 52.09130859999999], [15.718763269291228, 52.090747804695766]], [[16.015475797654272, 52.11631617934105], [16.0252788, 52.11800999999999], [16.0410422, 52.12073649999999], [16.041871, 52.12089209999999], [16.0425872, 52.1210477], [16.0432792, 52.1212174], [16.0439993, 52.121429799999994], [16.044867, 52.12170809999999], [16.045827300000003, 52.1220111], [16.0467432, 52.122314599999996], [16.0472696, 52.1224739], [16.0478388, 52.12263039999999], [16.0484478, 52.1227588], [16.0489655, 52.1228477], [16.0494375, 52.12290039999999], [16.0499384, 52.12294899999999], [16.0504782, 52.1229955], [16.0526231, 52.12317509999998], [16.0531858, 52.12322209999999]]]}, "properties": {"source": "OpenHistoricalMap", "way_id": 198828210, "source_url": "https://www.openhistoricalmap.org/way/198828210", "name": null, "name_status": "unrecorded", "status": "historical_record; present-day removal unconfirmed", "railway": "rail", "length_km": 10.951146, "original_way_length_km": 34.098906, "start_date": "1905-04-01", "end_date": "2015-02", "license": "https://opendatacommons.org/licenses/odbl/1-0/", "source_license": "https://creativecommons.org/publicdomain/zero/1.0/", "source_license_basis": "OHM default CC0", "tags": {"end_date": "2015-02", "end_date:edtf": "[2015-02,..2015-04,2015]", "end_date:source:1:url": "https://www.atlaskolejowy.net/pl/lubuskie/?id=linia&poz=10", "end_date:source:2:url": "https://www.bazakolejowa.pl/index.php?dzial=linie&id=599&okno=historia", "end_date:source:3:name": "Stacja kolejowa Wolsztyn", "end_date:source:3:url": "https://web.archive.org/web/20240218003853/https://polot.net/pl/pkp-wolsztyn-2022r-1316", "gauge": "1435", "railway": "rail", "source:1:name": "Esri World Imagery", "source:2:name": "Geoportal 2: ISOK hillshade", "source:3:name": "Geoportal 2: Orthophotomap (aerial image) WMTS", "source:4:name": "Atlas Kolejowy", "source:4:url": "https://www.atlaskolejowy.net/pl/lubuskie/?id=linia&poz=10", "source:5:name": "Ogólnopolska Baza Kolejowa", "source:5:url": "https://www.bazakolejowa.pl/index.php?dzial=linie&id=599", "start_date": "1905-04-01", "start_date:source:1:name": "Königliche Eisenbahndirektion zu Posen", "start_date:source:1:url": "https://www.bahnstatistik.de/Direktionen/RBD_Posen.htm", "start_date:source:2:url": "https://www.atlaskolejowy.net/pl/lubuskie/?id=linia&poz=10", "start_date:source:3:url": "https://www.bazakolejowa.pl/index.php?dzial=linie&id=599&okno=historia", "usage": "branch"}}}, {"type": "Feature", "id": "ohm/way/198828211", "geometry": {"type": "LineString", "coordinates": [[15.914211, 52.259480499999995], [15.9300899, 52.25596980000001], [15.9684561, 52.2383129], [15.9777258, 52.23179489999998], [16.0142897, 52.1986643], [16.0768604, 52.1406921], [16.0805409, 52.137300100000004], [16.1008662, 52.1185387], [16.1069709, 52.11289469999999], [16.1080477, 52.11189599999999], [16.1090001, 52.1110183], [16.1119771, 52.108261199999994], [16.1123433, 52.1079264], [16.1150906, 52.10538150000001], [16.1182691, 52.1024296], [16.1187971, 52.10195819999999], [16.1193386, 52.10150409999999], [16.1206008, 52.100472499999995], [16.1232936, 52.09827039999999], [16.1269164, 52.0953089], [16.1273653, 52.0949389], [16.1278042, 52.0945685], [16.1286427, 52.093788], [16.130296, 52.09224839999999], [16.146868191345416, 52.07665263306624]]}, "properties": {"source": "OpenHistoricalMap", "way_id": 198828211, "source_url": "https://www.openhistoricalmap.org/way/198828211", "name": null, "name_status": "unrecorded", "status": "historical_record; present-day removal unconfirmed", "railway": "rail", "length_km": 26.177192, "original_way_length_km": 65.645722, "start_date": "1896", "end_date": null, "license": "https://opendatacommons.org/licenses/odbl/1-0/", "source_license": "https://creativecommons.org/publicdomain/zero/1.0/", "source_license_basis": "OHM default CC0", "tags": {"gauge": "1435", "railway": "rail", "start_date": "1896", "usage": "branch"}}}, {"type": "Feature", "id": "ohm/way/199596219", "geometry": {"type": "LineString", "coordinates": [[15.6185719, 52.0379022], [15.621813600000001, 52.0383767], [15.631834400000002, 52.0398336], [15.632837399999998, 52.0399798], [15.6336408, 52.040093899999995], [15.634477400000002, 52.0402079], [15.6351572, 52.04029849999999], [15.6358132, 52.0403716], [15.636019702819613, 52.04039462114272]]}, "properties": {"source": "OpenHistoricalMap", "way_id": 199596219, "source_url": "https://www.openhistoricalmap.org/way/199596219", "name": null, "name_status": "unrecorded", "status": "historical_record; present-day removal unconfirmed", "railway": "rail", "length_km": 1.229024, "original_way_length_km": 8.747735, "start_date": "1915-11-01", "end_date": "2004", "license": "https://opendatacommons.org/licenses/odbl/1-0/", "source_license": "https://creativecommons.org/publicdomain/zero/1.0/", "source_license_basis": "OHM default CC0", "tags": {"end_date": "2004", "end_date:source:1:url": "https://www.atlaskolejowy.net/pl/lubuskie/?id=linia&poz=30", "end_date:source:2:url": "https://www.bazakolejowa.pl/index.php?dzial=linie&id=621&okno=historia", "gauge": "1435", "railway": "rail", "source:1:name": "Esri World Imagery", "source:2:name": "Geoportal 2: ISOK hillshade", "source:3:name": "Geoportal 2: Orthophotomap (aerial image) WMS", "source:4:name": "Atlas Kolejowy", "source:4:url": "https://www.atlaskolejowy.net/pl/lubuskie/?id=linia&poz=30", "source:5:name": "Ogólnopolska Baza Kolejowa", "source:5:url": "https://www.bazakolejowa.pl/index.php?dzial=linie&id=621", "start_date": "1915-11-01", "start_date:source:1:name": "Königliche Eisenbahndirektion zu Posen", "start_date:source:1:url": "https://www.bahnstatistik.de/Direktionen/RBD_Posen.htm", "start_date:source:2:url": "https://www.atlaskolejowy.net/pl/lubuskie/?id=linia&poz=30", "start_date:source:3:url": "https://www.bazakolejowa.pl/index.php?dzial=linie&id=621&okno=historia", "usage": "branch"}}}, {"type": "Feature", "id": "ohm/way/199596220", "geometry": {"type": "LineString", "coordinates": [[15.5967517, 52.079729099999994], [15.596478400000002, 52.0797021], [15.5962229, 52.079689], [15.5959349, 52.0796742], [15.5956096, 52.07967289999999], [15.5894419, 52.0797605], [15.5884567, 52.0797642], [15.5879575, 52.07976130000001], [15.587564199999997, 52.0797803], [15.587211200000002, 52.07979489999999], [15.5868654, 52.07981970000001], [15.5865077, 52.079848899999995], [15.5861809, 52.07988399999999], [15.5859135, 52.079924899999995], [15.585647299999998, 52.079965], [15.5853965, 52.08001029999999], [15.5851238, 52.08006919999999], [15.584716800000002, 52.080163699999986], [15.5843626, 52.0802601], [15.584041799999998, 52.08035499999999], [15.583723300000003, 52.08045289999999], [15.583421400000002, 52.0805639], [15.583169500000002, 52.080672], [15.5828378, 52.08080339999999], [15.582313800000001, 52.08105909999998], [15.5819185, 52.08128589999999], [15.5724145, 52.0870576], [15.5700187, 52.08851799999999], [15.569239100000003, 52.0889882], [15.5684357, 52.08944389999999], [15.5676059, 52.0898774], [15.566738100000002, 52.09032669999999], [15.5658925, 52.09078159999999], [15.5613618, 52.09315289999999], [15.5473107, 52.1005618], [15.5426665, 52.10300579999999], [15.5416397, 52.10356639999999], [15.5412974, 52.103762], [15.5409629, 52.10399579999999], [15.5405963, 52.104289099999995], [15.5403206, 52.1045402], [15.540061500000002, 52.104823399999994], [15.5399046, 52.10503069999999], [15.5397706, 52.105240299999984], [15.5395862, 52.105550399999984], [15.5394388, 52.10592409999999], [15.538837682875924, 52.10757686442816]]}, "properties": {"source": "OpenHistoricalMap", "way_id": 199596220, "source_url": "https://www.openhistoricalmap.org/way/199596220", "name": null, "name_status": "unrecorded", "status": "historical_record; present-day removal unconfirmed", "railway": "rail", "length_km": 5.270276, "original_way_length_km": 23.08955, "start_date": "1919-06-16", "end_date": "2016", "license": "https://opendatacommons.org/licenses/odbl/1-0/", "source_license": "https://creativecommons.org/publicdomain/zero/1.0/", "source_license_basis": "OHM default CC0", "tags": {"end_date": "2016", "end_date:edtf": "[2016,2016-10?]", "end_date:source:1:url": "https://www.atlaskolejowy.net/pl/lubuskie/?id=linia&poz=32", "end_date:source:2:url": "https://www.bazakolejowa.pl/index.php?dzial=linie&id=625&okno=historia", "gauge": "1435", "railway": "rail", "source:1:name": "Esri World Imagery", "source:2:name": "Geoportal 2: ISOK hillshade", "source:3:name": "Geoportal 2: Orthophotomap (aerial image) WMTS", "source:4:name": "Atlas Kolejowy", "source:4:url": "https://www.atlaskolejowy.net/pl/lubuskie/?id=linia&poz=32", "source:5:name": "Ogólnopolska Baza Kolejowa", "source:5:url": "https://www.bazakolejowa.pl/index.php?dzial=linie&id=625", "start_date": "1919-06-16", "start_date:edtf": "[1919-06-16,1919-07-01]", "start_date:source:1:name": "Königliche Eisenbahndirektion zu Posen", "start_date:source:1:url": "https://www.bahnstatistik.de/Direktionen/RBD_Posen.htm", "start_date:source:2:url": "https://www.bazakolejowa.pl/index.php?dzial=linie&id=625&okno=historia", "start_date:source:3:url": "https://www.atlaskolejowy.net/pl/lubuskie/?id=linia&poz=32", "usage": "branch"}}}, {"type": "Feature", "id": "ohm/way/199596313", "geometry": {"type": "LineString", "coordinates": [[15.412268400000002, 52.01499069999999], [15.413897, 52.0147326], [15.4146846, 52.0146116], [15.4155363, 52.0144887], [15.416011599999997, 52.01442949999999], [15.4164579, 52.01437489999999], [15.4169013, 52.014333399999984], [15.4173838, 52.0142943], [15.417848900000001, 52.014268099999995], [15.4183366, 52.0142461], [15.418792599999998, 52.0142297], [15.4192189, 52.01422389999999], [15.4195944, 52.014231599999995], [15.4200359, 52.0142461], [15.4230704, 52.0144019], [15.437677700000002, 52.0151259], [15.438392700000001, 52.015172899999996], [15.4389385, 52.0152188], [15.4394805, 52.01527870000002], [15.4399626, 52.015338799999995], [15.4404557, 52.01541499999999], [15.4409047, 52.0154923], [15.4413882, 52.0155867], [15.441856400000002, 52.01569049999999], [15.442219999999999, 52.0157772], [15.442660500000002, 52.0158893], [15.4432166, 52.01603779999999], [15.451720099999998, 52.0184089], [15.452185999999998, 52.018538799999995], [15.4660033, 52.0225539], [15.502052199999998, 52.0299475], [15.512866900000002, 52.0353863], [15.5204199, 52.04531180000001], [15.526943, 52.0483735], [15.5303335, 52.04932360000001], [15.5515766, 52.0518835], [15.5559969, 52.05325579999999], [15.559687600000002, 52.05541969999999], [15.5691289, 52.0630718], [15.593700700000001, 52.0778304], [15.5955219, 52.078873], [15.6039181, 52.083848100000004], [15.60515, 52.08460809999999], [15.6063414, 52.08537270000001], [15.6091099, 52.08714979999999], [15.6094106, 52.087306299999995], [15.6099739, 52.087576500000004], [15.6113972, 52.0884284], [15.6138666, 52.089897400000005], [15.6149948, 52.0905646], [15.615697, 52.0909347], [15.615986600000001, 52.09110299999999], [15.6182698, 52.092466200000004], [15.620534900000001, 52.0938249], [15.6208344, 52.09403499999999], [15.621177200000002, 52.09425350000001], [15.6220635, 52.09471409999999], [15.6229771, 52.0951882], [15.623218, 52.0953232], [15.623427, 52.0954404], [15.6238249, 52.095666499999986], [15.624399999999998, 52.0960248], [15.6249434, 52.0963731], [15.625494700000003, 52.096734], [15.626041200000001, 52.09710009999999], [15.661353899999998, 52.1276924], [15.668392, 52.13127529999999], [15.721778700000002, 52.13685989999999], [15.732250000000002, 52.14191689999999], [15.754051, 52.1543465], [15.7605742, 52.15624220000001], [15.771388800000002, 52.155926300000004], [15.787911400000002, 52.154952], [15.793876500000001, 52.1549784], [15.7978677, 52.15550489999999], [15.8023738, 52.1567161], [15.806579500000002, 52.158822300000004], [15.809798200000001, 52.1614023], [15.8161497, 52.169667899999986], [15.8275223, 52.1846318], [15.8275887, 52.184724900000006], [15.827817299999998, 52.1850398], [15.8280274, 52.185347499999985]]}, "properties": {"source": "OpenHistoricalMap", "way_id": 199596313, "source_url": "https://www.openhistoricalmap.org/way/199596313", "name": null, "name_status": "unrecorded", "status": "historical_record; present-day removal unconfirmed", "railway": "rail", "length_km": 36.687507, "original_way_length_km": 36.687507, "start_date": "1870-06-26", "end_date": null, "license": "https://opendatacommons.org/licenses/odbl/1-0/", "source_license": "https://creativecommons.org/publicdomain/zero/1.0/", "source_license_basis": "OHM default CC0", "tags": {"gauge": "1435", "railway": "rail", "start_date": "1870-06-26", "usage": "branch"}}}, {"type": "Feature", "id": "ohm/way/199598796", "geometry": {"type": "LineString", "coordinates": [[15.8237375, 52.26683080000001], [15.8149008, 52.2700411], [15.812198399999998, 52.27102389999999], [15.809527800000001, 52.2719944], [15.809108400000001, 52.27214829999999], [15.80864, 52.27232479999999], [15.8071803, 52.27298949999999], [15.803317899999998, 52.27498519999999], [15.785664839050982, 52.288831004005374]]}, "properties": {"source": "OpenHistoricalMap", "way_id": 199598796, "source_url": "https://www.openhistoricalmap.org/way/199598796", "name": null, "name_status": "unrecorded", "status": "historical_record; present-day removal unconfirmed", "railway": "rail", "length_km": 3.622868, "original_way_length_km": 26.349261, "start_date": "1885-06-01", "end_date": null, "license": "https://opendatacommons.org/licenses/odbl/1-0/", "source_license": "https://creativecommons.org/publicdomain/zero/1.0/", "source_license_basis": "OHM default CC0", "tags": {"gauge": "1435", "railway": "rail", "start_date": "1885-06-01", "start_date:source:1:name": "Reichsbahndirektion Osten in Frankfurt (Oder)", "start_date:source:1:url": "https://www.bahnstatistik.de/Direktionen/RBD_Osten.htm", "start_date:source:2:name": "Atlas Kolejowy", "start_date:source:2:url": "https://www.atlaskolejowy.net/pl/lubuskie/?id=linia&poz=25", "start_date:source:3:name": "Ogólnopolska Baza Kolejowa", "start_date:source:3:url": "https://www.bazakolejowa.pl/index.php?dzial=linie&id=609&okno=historia", "usage": "branch"}}}, {"type": "Feature", "id": "ohm/way/199908046", "geometry": {"type": "MultiLineString", "coordinates": [[[12.3225, 51.33027560000001], [12.3224964, 51.33076119999998], [12.322427600000001, 51.331278600000005], [12.322325700000002, 51.33188529999999], [12.322137900000001, 51.332515399999984], [12.322020200000003, 51.33287219999999], [12.3214274, 51.3339017], [12.3206017, 51.3349463], [12.319363300000001, 51.3360682], [12.315576497317307, 51.33865506056299]], [[12.314498305255272, 51.35661488215522], [12.315779000000001, 51.3568962], [12.3180131, 51.3573777], [12.321086400000002, 51.3581142]]]}, "properties": {"source": "OpenHistoricalMap", "way_id": 199908046, "source_url": "https://www.openhistoricalmap.org/way/199908046", "name": null, "name_status": "unrecorded", "status": "historical_record; present-day removal unconfirmed", "railway": "rail", "length_km": 1.573516, "original_way_length_km": 4.341746, "start_date": "1873", "end_date": null, "license": "https://opendatacommons.org/licenses/odbl/1-0/", "source_license": "https://creativecommons.org/publicdomain/zero/1.0/", "source_license_basis": "OHM default CC0", "tags": {"note": "Gleis im Stand 1885; vermutlich schon beim nächten Umbau stark geändert", "railway": "rail", "start_date": "1873"}}}, {"type": "Feature", "id": "ohm/way/199932090", "geometry": {"type": "LineString", "coordinates": [[12.386843600000002, 51.35033619999999], [12.3904512, 51.3537526], [12.3924318, 51.355526999999995], [12.3983135, 51.3604611], [12.3997297, 51.361908099999994], [12.4009313, 51.363917799999996], [12.401210200000001, 51.364855599999984], [12.4011673, 51.36592739999999], [12.400824, 51.366905299999985], [12.398463700000002, 51.37289329999999], [12.39679, 51.376871400000006], [12.3935499, 51.385081], [12.3913612, 51.39067829999999], [12.3901166, 51.39406580000001], [12.3882927, 51.39855079999999], [12.3862757, 51.4028613], [12.384988200000002, 51.40580620000001], [12.3828425, 51.411039499999994], [12.380518286333569, 51.41661903717532]]}, "properties": {"source": "OpenHistoricalMap", "way_id": 199932090, "source_url": "https://www.openhistoricalmap.org/way/199932090", "name": null, "name_status": "unrecorded", "status": "historical_record; present-day removal unconfirmed", "railway": "rail", "length_km": 7.855068, "original_way_length_km": 22.798696, "start_date": "1859-02-01", "end_date": null, "license": "https://opendatacommons.org/licenses/odbl/1-0/", "source_license": "https://creativecommons.org/publicdomain/zero/1.0/", "source_license_basis": "OHM default CC0", "tags": {"railway": "rail", "start_date": "1859-02-01"}}}, {"type": "Feature", "id": "ohm/way/199933110", "geometry": {"type": "LineString", "coordinates": [[12.389190611284372, 51.30439708476802], [12.3900123, 51.3062333], [12.390353, 51.30732869999999], [12.3905273, 51.30795030000001], [12.390570200000003, 51.309653799999985], [12.390269800000002, 51.3115987], [12.3897763, 51.3132753], [12.3886819, 51.3154481], [12.3855277, 51.321549999999995], [12.3838234, 51.3250607]]}, "properties": {"source": "OpenHistoricalMap", "way_id": 199933110, "source_url": "https://www.openhistoricalmap.org/way/199933110", "name": null, "name_status": "unrecorded", "status": "historical_record; present-day removal unconfirmed", "railway": "rail", "length_km": 2.378489, "original_way_length_km": 37.602392, "start_date": "1842-09-19", "end_date": null, "license": "https://opendatacommons.org/licenses/odbl/1-0/", "source_license": "https://creativecommons.org/publicdomain/zero/1.0/", "source_license_basis": "OHM default CC0", "tags": {"railway": "rail", "start_date": "1842-09-19"}}}, {"type": "Feature", "id": "ohm/way/199933816", "geometry": {"type": "LineString", "coordinates": [[12.430649200000001, 51.3445021], [12.4285893, 51.34459589999999], [12.426744000000001, 51.3448104], [12.424769800000002, 51.345158899999994], [12.423375100000001, 51.34550729999999], [12.4216799, 51.34601670000001], [12.4155645, 51.3480136], [12.4123459, 51.3489384], [12.4097924, 51.349541499999994], [12.4076681, 51.349889899999994], [12.405758299999999, 51.3500775]]}, "properties": {"source": "OpenHistoricalMap", "way_id": 199933816, "source_url": "https://www.openhistoricalmap.org/way/199933816", "name": null, "name_status": "unrecorded", "status": "historical_record; present-day removal unconfirmed", "railway": "rail", "length_km": 1.858256, "original_way_length_km": 1.858256, "start_date": "1879", "end_date": null, "license": "https://opendatacommons.org/licenses/odbl/1-0/", "source_license": "https://creativecommons.org/publicdomain/zero/1.0/", "source_license_basis": "OHM default CC0", "tags": {"railway": "rail", "start_date": "1879"}}}, {"type": "Feature", "id": "ohm/way/199933817", "geometry": {"type": "LineString", "coordinates": [[12.522252000000002, 51.343389599999995], [12.5246339, 51.343443199999996], [12.5268654, 51.3436175], [12.52914, 51.3439392], [12.530074954183439, 51.34408106976428]]}, "properties": {"source": "OpenHistoricalMap", "way_id": 199933817, "source_url": "https://www.openhistoricalmap.org/way/199933817", "name": null, "name_status": "unrecorded", "status": "historical_record; present-day removal unconfirmed", "railway": "rail", "length_km": 0.552274, "original_way_length_km": 4.820856, "start_date": "1837-11-12", "end_date": null, "license": "https://opendatacommons.org/licenses/odbl/1-0/", "source_license": "https://creativecommons.org/publicdomain/zero/1.0/", "source_license_basis": "OHM default CC0", "tags": {"railway": "rail", "start_date": "1837-11-12"}}}, {"type": "Feature", "id": "ohm/way/200074112", "geometry": {"type": "LineString", "coordinates": [[14.359183300000002, 51.7581993], [14.362558499999999, 51.7600675], [14.3665431, 51.7623349], [14.3702996, 51.76444829999999], [14.375236400000002, 51.7672715], [14.3771625, 51.7683729], [14.3852527, 51.7729189], [14.3885142, 51.774745899999985], [14.390187899999999, 51.7757655], [14.3917672, 51.7770295], [14.3990979, 51.782607299999995], [14.4235444, 51.8051686], [14.429998900000001, 51.810825799999996], [14.4322448, 51.8128422], [14.4333479, 51.8139926], [14.4345651, 51.8156121], [14.435989900000001, 51.817957199999995]]}, "properties": {"source": "OpenHistoricalMap", "way_id": 200074112, "source_url": "https://www.openhistoricalmap.org/way/200074112", "name": "Bahnstrecke Cottbus–Guben", "name_status": "recorded", "status": "historical_record; present-day removal unconfirmed", "railway": "rail", "length_km": 8.571573, "original_way_length_km": 8.571573, "start_date": "1871-09-01", "end_date": "2002-09-18", "license": "https://opendatacommons.org/licenses/odbl/1-0/", "source_license": "https://creativecommons.org/publicdomain/zero/1.0/", "source_license_basis": "OHM default CC0", "tags": {"end_date": "2002-09-18", "name": "Bahnstrecke Cottbus–Guben", "railway": "rail", "source": "https://de.wikipedia.org/wiki/Bahnstrecke_Cottbus%E2%80%93Guben#Stilllegung", "start_date": "1871-09-01"}}}, {"type": "Feature", "id": "ohm/way/200077863", "geometry": {"type": "LineString", "coordinates": [[13.25949790497684, 51.627631496730444], [13.2594744, 51.6275257], [13.2579873, 51.62307659999999], [13.2563643, 51.6180173], [13.2551748, 51.61443839999999], [13.253586000000002, 51.60958320000001], [13.2532794, 51.60863979999999], [13.2530478, 51.6080729], [13.252741300000002, 51.60753979999999], [13.252189400000002, 51.60693479999999], [13.251290200000001, 51.6062282], [13.248074, 51.603978399999995], [13.2459475, 51.602484999999994], [13.2437358, 51.600920699999996], [13.2433862, 51.60061269999999], [13.2430865, 51.6002604], [13.2428261, 51.5998837], [13.2426763, 51.59958009999999], [13.2425551, 51.5992257], [13.2424803, 51.598797399999995], [13.242425000000003, 51.5983489], [13.242412000000002, 51.59787209999998], [13.2424348, 51.597554900000006], [13.242506300000002, 51.59727409999999]]}, "properties": {"source": "OpenHistoricalMap", "way_id": 200077863, "source_url": "https://www.openhistoricalmap.org/way/200077863", "name": "Bahnstrecke Falkenberg–Beeskow", "name_status": "recorded", "status": "historical_record; present-day removal unconfirmed", "railway": "rail", "length_km": 3.676979, "original_way_length_km": 13.910862, "start_date": "1898-03-15", "end_date": null, "license": "https://opendatacommons.org/licenses/odbl/1-0/", "source_license": "https://creativecommons.org/publicdomain/zero/1.0/", "source_license_basis": "OHM default CC0", "tags": {"name": "Bahnstrecke Falkenberg–Beeskow", "railway": "rail", "start_date": "1898-03-15"}}}, {"type": "Feature", "id": "ohm/way/200258854", "geometry": {"type": "LineString", "coordinates": [[12.418218, 51.3473185], [12.4183817, 51.34741309999999], [12.419150800000002, 51.34785369999999], [12.4194246, 51.3480105], [12.4195192, 51.34806729999998], [12.4199018, 51.34828689999999], [12.4204828, 51.3486212], [12.4206093, 51.34869909999998], [12.4209792, 51.348916499999994], [12.421421800000001, 51.349177899999994], [12.4232761, 51.35027349999999], [12.423469500000001, 51.35039309999999], [12.4235653, 51.35045129999999]]}, "properties": {"source": "OpenHistoricalMap", "way_id": 200258854, "source_url": "https://www.openhistoricalmap.org/way/200258854", "name": "Torgauer Straße", "name_status": "recorded", "status": "historical_record; present-day removal unconfirmed", "railway": "tram", "length_km": 0.510193, "original_way_length_km": 0.510193, "start_date": "1828", "end_date": null, "license": "https://opendatacommons.org/licenses/odbl/1-0/", "source_license": "https://creativecommons.org/publicdomain/zero/1.0/", "source_license_basis": "OHM default CC0", "tags": {"electrified": "contact_line", "frequency": "0", "gauge": "1458", "highway": "primary", "maxheight": "3.7", "name": "Torgauer Straße", "name:etymology:wikidata": "Q12062", "note": "Preußische Staatschaussee Nr. 33", "railway": "tram", "source": "OSM Contributors", "start_date": "1828", "voltage": "600"}}}, {"type": "Feature", "id": "ohm/way/200258859", "geometry": {"type": "LineString", "coordinates": [[12.4178138, 51.3470785], [12.418218, 51.3473185]]}, "properties": {"source": "OpenHistoricalMap", "way_id": 200258859, "source_url": "https://www.openhistoricalmap.org/way/200258859", "name": "Torgauer Straße", "name_status": "recorded", "status": "historical_record; present-day removal unconfirmed", "railway": "tram", "length_km": 0.038808, "original_way_length_km": 0.038808, "start_date": "1828", "end_date": null, "license": "https://opendatacommons.org/licenses/odbl/1-0/", "source_license": "https://creativecommons.org/publicdomain/zero/1.0/", "source_license_basis": "OHM default CC0", "tags": {"bridge": "yes", "electrified": "contact_line", "frequency": "0", "gauge": "1458", "highway": "primary", "layer": "1", "name": "Torgauer Straße", "name:etymology:wikidata": "Q12062", "note": "Preußische Staatschaussee Nr. 33", "railway": "tram", "source": "OSM Contributors", "start_date": "1828", "voltage": "600"}}}, {"type": "Feature", "id": "ohm/way/200259767", "geometry": {"type": "LineString", "coordinates": [[12.380658400000002, 51.360299199999986], [12.3832655, 51.3580951], [12.386741300000002, 51.3518441], [12.3836514, 51.348198899999986]]}, "properties": {"source": "OpenHistoricalMap", "way_id": 200259767, "source_url": "https://www.openhistoricalmap.org/way/200259767", "name": "Bahnstrecke Magdeburg–Leipzig", "name_status": "recorded", "status": "historical_record; present-day removal unconfirmed", "railway": "rail", "length_km": 1.500675, "original_way_length_km": 1.500675, "start_date": "1840-08-18", "end_date": null, "license": "https://opendatacommons.org/licenses/odbl/1-0/", "source_license": "https://creativecommons.org/publicdomain/zero/1.0/", "source_license_basis": "OHM default CC0", "tags": {"gauge": "1435", "name": "Bahnstrecke Magdeburg–Leipzig", "operator": "Magdeburg-Leipziger Eisenbahn-Gesellschaft", "railway": "rail", "start_date": "1840-08-18", "usage": "main"}}}, {"type": "Feature", "id": "ohm/way/200259768", "geometry": {"type": "LineString", "coordinates": [[12.378201100000002, 51.36155889999999], [12.380658400000002, 51.360299199999986]]}, "properties": {"source": "OpenHistoricalMap", "way_id": 200259768, "source_url": "https://www.openhistoricalmap.org/way/200259768", "name": "Bahnstrecke Magdeburg–Leipzig", "name_status": "recorded", "status": "historical_record; present-day removal unconfirmed", "railway": "rail", "length_km": 0.221214, "original_way_length_km": 0.221214, "start_date": "1840-08-18", "end_date": null, "license": "https://opendatacommons.org/licenses/odbl/1-0/", "source_license": "https://creativecommons.org/publicdomain/zero/1.0/", "source_license_basis": "OHM default CC0", "tags": {"bridge": "yes", "gauge": "1435", "layer": "1", "name": "Bahnstrecke Magdeburg–Leipzig", "operator": "Magdeburg-Leipziger Eisenbahn-Gesellschaft", "railway": "rail", "start_date": "1840-08-18", "usage": "main"}}}, {"type": "Feature", "id": "ohm/way/200372903", "geometry": {"type": "LineString", "coordinates": [[12.434133500000002, 51.34445139999998], [12.433481800000001, 51.3444609]]}, "properties": {"source": "OpenHistoricalMap", "way_id": 200372903, "source_url": "https://www.openhistoricalmap.org/way/200372903", "name": null, "name_status": "unrecorded", "status": "historical_record; present-day removal unconfirmed", "railway": "rail", "length_km": 0.045421, "original_way_length_km": 0.045421, "start_date": "1837-04-24", "end_date": null, "license": "https://opendatacommons.org/licenses/odbl/1-0/", "source_license": "https://creativecommons.org/publicdomain/zero/1.0/", "source_license_basis": "OHM default CC0", "tags": {"bridge": "yes", "layer": "1", "railway": "rail", "start_date": "1837-04-24"}}}, {"type": "Feature", "id": "ohm/way/200372904", "geometry": {"type": "LineString", "coordinates": [[12.522252000000002, 51.343389599999995], [12.505150300000002, 51.343604099999986], [12.492211300000001, 51.34376489999999], [12.4744014, 51.343966], [12.4605398, 51.3441268], [12.4512486, 51.3442206], [12.4398546, 51.34436809999999], [12.434133500000002, 51.34445139999998]]}, "properties": {"source": "OpenHistoricalMap", "way_id": 200372904, "source_url": "https://www.openhistoricalmap.org/way/200372904", "name": null, "name_status": "unrecorded", "status": "historical_record; present-day removal unconfirmed", "railway": "rail", "length_km": 6.141017, "original_way_length_km": 6.141017, "start_date": "1837-04-24", "end_date": null, "license": "https://opendatacommons.org/licenses/odbl/1-0/", "source_license": "https://creativecommons.org/publicdomain/zero/1.0/", "source_license_basis": "OHM default CC0", "tags": {"railway": "rail", "start_date": "1837-04-24"}}}, {"type": "Feature", "id": "ohm/way/200487976", "geometry": {"type": "LineString", "coordinates": [[12.378181600000001, 51.36160679999999], [12.377346300000001, 51.3619508], [12.37644, 51.3622865], [12.3740573, 51.3631001], [12.373167900000002, 51.363478699999995], [12.372383600000001, 51.363877599999995], [12.3715426, 51.3643723], [12.3689944, 51.3659811], [12.367816, 51.36656649999999], [12.3663335, 51.366993599999994], [12.3650411, 51.367191399999996], [12.363761400000001, 51.36726259999999], [12.362355, 51.367135999999995], [12.3612906, 51.3669699], [12.358883200000001, 51.3664953], [12.3574134, 51.36611549999999], [12.3556015, 51.3655855], [12.3542711, 51.36516619999999], [12.3527561, 51.36462029999999], [12.3509877, 51.3638401], [12.3498442, 51.363324799999994], [12.3488303, 51.36290519999999], [12.3475216, 51.362426799999994], [12.346213, 51.362080799999994], [12.344326700000002, 51.36174220000001], [12.3370998, 51.36105020000001], [12.3333979, 51.3606821], [12.3320657, 51.360446499999995], [12.3227403, 51.35848099999999], [12.320600200000001, 51.3580434], [12.3188268, 51.357629], [12.3162114, 51.357103099999996], [12.314539614661955, 51.356765536705005]]}, "properties": {"source": "OpenHistoricalMap", "way_id": 200487976, "source_url": "https://www.openhistoricalmap.org/way/200487976", "name": null, "name_status": "unrecorded", "status": "historical_record; present-day removal unconfirmed", "railway": "rail", "length_km": 4.866005, "original_way_length_km": 30.481328, "start_date": "1856", "end_date": null, "license": "https://opendatacommons.org/licenses/odbl/1-0/", "source_license": "https://creativecommons.org/publicdomain/zero/1.0/", "source_license_basis": "OHM default CC0", "tags": {"railway": "rail", "start_date": "1856", "usage": "main"}}}, {"type": "Feature", "id": "ohm/way/200517472", "geometry": {"type": "LineString", "coordinates": [[14.081595576527937, 51.78952894160381], [14.0950065, 51.785176599999986], [14.0970172, 51.7845731], [14.0985848, 51.784218599999996], [14.1004195, 51.78393259999999], [14.1061991, 51.7831774], [14.1317586, 51.77986440000001], [14.142279, 51.778472300000004], [14.143856600000001, 51.778251299999994], [14.1455471, 51.777939700000005], [14.1470588, 51.77762899999999], [14.1510035, 51.7767829], [14.158042200000002, 51.775244499999985], [14.1873183, 51.76885959999999], [14.1942604, 51.7673792], [14.2033873, 51.7654207], [14.2043168, 51.76525859999999], [14.2052972, 51.7651186], [14.2062459, 51.7650085], [14.207184900000001, 51.7649389], [14.2157036, 51.7645694], [14.2165679, 51.7645108], [14.2173642, 51.7644264], [14.2181454, 51.764331199999994], [14.2190546, 51.764193000000006], [14.2199669, 51.76402310000001], [14.221344, 51.7636669], [14.225514, 51.76251349999998], [14.2328933, 51.76047999999999], [14.2337849, 51.7602356], [14.2347062, 51.760017399999995], [14.2357232, 51.759818599999996], [14.237420100000001, 51.75955999999999], [14.2481761, 51.758075899999994], [14.2494211, 51.7578758], [14.2508145, 51.7576113], [14.2517927, 51.75738319999999], [14.2533492, 51.756995100000005], [14.2554059, 51.75652209999999], [14.2567982, 51.756257100000006], [14.2656682, 51.75472719999999], [14.28319, 51.7516903], [14.2969891, 51.749777], [14.305780200000001, 51.7497351], [14.3115396, 51.750455599999995], [14.3220519, 51.750945799999975]]}, "properties": {"source": "OpenHistoricalMap", "way_id": 200517472, "source_url": "https://www.openhistoricalmap.org/way/200517472", "name": null, "name_status": "unrecorded", "status": "historical_record; present-day removal unconfirmed", "railway": "rail", "length_km": 17.321714, "original_way_length_km": 39.483661, "start_date": "1866", "end_date": null, "license": "https://opendatacommons.org/licenses/odbl/1-0/", "source_license": "https://creativecommons.org/publicdomain/zero/1.0/", "source_license_basis": "OHM default CC0", "tags": {"railway": "rail", "start_date": "1866"}}}, {"type": "Feature", "id": "ohm/way/200539577", "geometry": {"type": "LineString", "coordinates": [[14.403718399999999, 51.861853799999984], [14.386596500000001, 51.844368700000004], [14.3771862, 51.8080523]]}, "properties": {"source": "OpenHistoricalMap", "way_id": 200539577, "source_url": "https://www.openhistoricalmap.org/way/200539577", "name": null, "name_status": "unrecorded", "status": "historical_record; present-day removal unconfirmed", "railway": "rail", "length_km": 6.367689, "original_way_length_km": 6.367689, "start_date": "1876", "end_date": "1996", "license": "https://opendatacommons.org/licenses/odbl/1-0/", "source_license": "https://creativecommons.org/publicdomain/zero/1.0/", "source_license_basis": "OHM default CC0", "tags": {"end_date": "1996", "gauge": "1435", "railway": "rail", "start_date": "1876", "usage": "branch"}}}, {"type": "Feature", "id": "ohm/way/200673626", "geometry": {"type": "LineString", "coordinates": [[12.861454018842807, 51.46807528629097], [12.8569836, 51.469133], [12.8566518, 51.469246899999995], [12.856352300000001, 51.4693497], [12.8554313, 51.46974769999999], [12.855334500000001, 51.46980709999999], [12.8550779, 51.46993609999999], [12.8542008, 51.47037689999999], [12.8447316, 51.4774626], [12.841143600000002, 51.48032589999999], [12.8394001, 51.4818748], [12.833610000000002, 51.4871334], [12.832562800000002, 51.4881172], [12.8317453, 51.4892326], [12.8314421, 51.48985029999999], [12.8310288, 51.49077119999999], [12.8307072, 51.491280199999984], [12.8303766, 51.49169199999999], [12.8298989, 51.4922296], [12.829301800000001, 51.4926528], [12.8287323, 51.493047499999996], [12.8270416, 51.4938054], [12.8255538, 51.49458070000001], [12.8250686, 51.49486259999999], [12.8228531, 51.4962319], [12.8198451, 51.49805419999999], [12.8189764, 51.49867839999999], [12.818248700000002, 51.49926229999999], [12.817742699999998, 51.4998563], [12.8172436, 51.50077809999999], [12.8171582, 51.50119809999999], [12.8171053, 51.5017511], [12.817116600000002, 51.50218499999998], [12.8172343, 51.50271929999999], [12.8174628, 51.503210599999996], [12.817864300000002, 51.503839799999994], [12.818473600000003, 51.50449909999999], [12.8192351, 51.504943000000004], [12.8202944, 51.5054859], [12.820758200000002, 51.505671199999995]]}, "properties": {"source": "OpenHistoricalMap", "way_id": 200673626, "source_url": "https://www.openhistoricalmap.org/way/200673626", "name": "Bahnstrecke Mockrehna–Schildau", "name_status": "recorded", "status": "historical_record; present-day removal unconfirmed", "railway": "rail", "length_km": 5.500999, "original_way_length_km": 10.747794, "start_date": "1921-06-01", "end_date": "1971-05-22", "license": "https://opendatacommons.org/licenses/odbl/1-0/", "source_license": "https://creativecommons.org/publicdomain/zero/1.0/", "source_license_basis": "OHM default CC0", "tags": {"electrified": "no", "end_date": "1971-05-22", "gauge": "1435", "name": "Bahnstrecke Mockrehna–Schildau", "railway": "rail", "source:name": "Wolfgang List, Hans Röper, Gerhard Zieglgänsberger: Archiv deutscher Klein- und Privatbahnen. Sachsen-Anhalt. (Strecken, Fahrzeuge, Betrieb). Transpress, Stuttgart 1998, S. 94-96", "start_date": "1921-06-01"}}}, {"type": "Feature", "id": "ohm/way/200673627", "geometry": {"type": "LineString", "coordinates": [[12.8554313, 51.46974769999999], [12.8556567, 51.46955779999998], [12.8559201, 51.46932069999999], [12.8562275, 51.468942399999996], [12.8567178, 51.46822210000001], [12.8570251, 51.4675383]]}, "properties": {"source": "OpenHistoricalMap", "way_id": 200673627, "source_url": "https://www.openhistoricalmap.org/way/200673627", "name": "Bahnstrecke Mockrehna–Schildau", "name_status": "recorded", "status": "historical_record; present-day removal unconfirmed", "railway": "rail", "length_km": 0.271704, "original_way_length_km": 0.271704, "start_date": "1921-06-01", "end_date": "1971-05-22", "license": "https://opendatacommons.org/licenses/odbl/1-0/", "source_license": "https://creativecommons.org/publicdomain/zero/1.0/", "source_license_basis": "OHM default CC0", "tags": {"electrified": "no", "end_date": "1971-05-22", "gauge": "1435", "name": "Bahnstrecke Mockrehna–Schildau", "railway": "rail", "source:name": "Wolfgang List, Hans Röper, Gerhard Zieglgänsberger: Archiv deutscher Klein- und Privatbahnen. Sachsen-Anhalt. (Strecken, Fahrzeuge, Betrieb). Transpress, Stuttgart 1998, S. 94-96", "start_date": "1921-06-01"}}}, {"type": "Feature", "id": "ohm/way/200673628", "geometry": {"type": "LineString", "coordinates": [[12.8550779, 51.46993609999999], [12.855341, 51.4699296], [12.8564941, 51.46942479999999], [12.8566518, 51.469246899999995]]}, "properties": {"source": "OpenHistoricalMap", "way_id": 200673628, "source_url": "https://www.openhistoricalmap.org/way/200673628", "name": "Bahnstrecke Mockrehna–Schildau", "name_status": "recorded", "status": "historical_record; present-day removal unconfirmed", "railway": "rail", "length_km": 0.138768, "original_way_length_km": 0.138768, "start_date": "1921-06-01", "end_date": "1971-05-22", "license": "https://opendatacommons.org/licenses/odbl/1-0/", "source_license": "https://creativecommons.org/publicdomain/zero/1.0/", "source_license_basis": "OHM default CC0", "tags": {"electrified": "no", "end_date": "1971-05-22", "gauge": "1435", "name": "Bahnstrecke Mockrehna–Schildau", "railway": "rail", "source:name": "Wolfgang List, Hans Röper, Gerhard Zieglgänsberger: Archiv deutscher Klein- und Privatbahnen. Sachsen-Anhalt. (Strecken, Fahrzeuge, Betrieb). Transpress, Stuttgart 1998, S. 94-96", "start_date": "1921-06-01"}}}, {"type": "Feature", "id": "ohm/way/200677571", "geometry": {"type": "LineString", "coordinates": [[12.8311309, 51.48957010000001], [12.832562800000002, 51.4881172]]}, "properties": {"source": "OpenHistoricalMap", "way_id": 200677571, "source_url": "https://www.openhistoricalmap.org/way/200677571", "name": null, "name_status": "unrecorded", "status": "historical_record; present-day removal unconfirmed", "railway": "rail", "length_km": 0.189792, "original_way_length_km": 0.189792, "start_date": "1921-06-01", "end_date": "1971-05-22", "license": "https://opendatacommons.org/licenses/odbl/1-0/", "source_license": "https://creativecommons.org/publicdomain/zero/1.0/", "source_license_basis": "OHM default CC0", "tags": {"electrified": "no", "end_date": "1971-05-22", "gauge": "1435", "railway": "rail", "start_date": "1921-06-01"}}}, {"type": "Feature", "id": "ohm/way/200757795", "geometry": {"type": "LineString", "coordinates": [[14.332957599999999, 51.7511721], [14.3325099, 51.7512098], [14.3313861, 51.751281199999994], [14.3308094, 51.75130769999999], [14.3296078, 51.7513061], [14.3220519, 51.750945799999975]]}, "properties": {"source": "OpenHistoricalMap", "way_id": 200757795, "source_url": "https://www.openhistoricalmap.org/way/200757795", "name": null, "name_status": "unrecorded", "status": "historical_record; present-day removal unconfirmed", "railway": "rail", "length_km": 0.755463, "original_way_length_km": 0.755463, "start_date": "1867", "end_date": null, "license": "https://opendatacommons.org/licenses/odbl/1-0/", "source_license": "https://creativecommons.org/publicdomain/zero/1.0/", "source_license_basis": "OHM default CC0", "tags": {"railway": "rail", "start_date": "1867", "usage": "main"}}}, {"type": "Feature", "id": "ohm/way/200757796", "geometry": {"type": "LineString", "coordinates": [[14.333292499999999, 51.751144000000004], [14.332957599999999, 51.7511721]]}, "properties": {"source": "OpenHistoricalMap", "way_id": 200757796, "source_url": "https://www.openhistoricalmap.org/way/200757796", "name": null, "name_status": "unrecorded", "status": "historical_record; present-day removal unconfirmed", "railway": "rail", "length_km": 0.023338, "original_way_length_km": 0.023338, "start_date": "1867", "end_date": null, "license": "https://opendatacommons.org/licenses/odbl/1-0/", "source_license": "https://creativecommons.org/publicdomain/zero/1.0/", "source_license_basis": "OHM default CC0", "tags": {"bridge": "yes", "railway": "rail", "start_date": "1867", "usage": "main"}}}, {"type": "Feature", "id": "ohm/way/200833398", "geometry": {"type": "LineString", "coordinates": [[14.312246000000002, 51.7698469], [14.31214, 51.7702539], [14.3119345, 51.77067099999999], [14.3117727, 51.77110989999999], [14.311551, 51.7714712], [14.3105205, 51.77309300000002], [14.3100818, 51.77387759999999], [14.309603700000002, 51.774696299999995], [14.309483800000002, 51.774940499999985], [14.3093867, 51.775176099999996], [14.3092405, 51.77557649999999], [14.3089604, 51.77645259999999], [14.3083889, 51.778209499999996], [14.3078016, 51.7799747], [14.3071568, 51.781924100000005], [14.3058995, 51.785524], [14.3049903, 51.788175], [14.3047056, 51.7890051], [14.3038418, 51.79170069999999], [14.3038025, 51.79181329999999], [14.3037742, 51.791898], [14.3037387, 51.79201290000001], [14.303690300000001, 51.792100899999994], [14.3035672, 51.79222369999999], [14.3034098, 51.79234520000001], [14.2980293, 51.79548350000001], [14.29778146128084, 51.79564116815948]]}, "properties": {"source": "OpenHistoricalMap", "way_id": 200833398, "source_url": "https://www.openhistoricalmap.org/way/200833398", "name": null, "name_status": "unrecorded", "status": "historical_record; present-day removal unconfirmed", "railway": "narrow_gauge", "length_km": 3.117597, "original_way_length_km": 15.499211, "start_date": "1899-05-21", "end_date": "1970-01-03", "license": "https://opendatacommons.org/licenses/odbl/1-0/", "source_license": "https://creativecommons.org/publicdomain/zero/1.0/", "source_license_basis": "OHM default CC0", "tags": {"end_date": "1970-01-03", "gauge": "1000", "railway": "narrow_gauge", "start_date": "1899-05-21"}}}, {"type": "Feature", "id": "ohm/way/200833401", "geometry": {"type": "LineString", "coordinates": [[14.3124102, 51.76634669999999], [14.3124225, 51.7662055], [14.3125115, 51.7653572], [14.3126488, 51.7648875], [14.3128503, 51.76380339999999], [14.3129902, 51.7630801], [14.3130945, 51.76252409999999], [14.313177400000002, 51.7621235], [14.3133433, 51.76157339999999], [14.3135825, 51.76079379999999], [14.3138005, 51.7600925], [14.3140376, 51.7593427], [14.3143244, 51.7584506], [14.3144903, 51.757863699999994], [14.3146326, 51.75730029999999], [14.3147938, 51.7566547], [14.314917, 51.7561631], [14.3150569, 51.7556129], [14.3151069, 51.75540999999998], [14.3151513, 51.7553229], [14.3152016, 51.755246099999994], [14.3152754, 51.755146], [14.3153391, 51.75510239999999], [14.3154745, 51.7550174], [14.3156807, 51.7549308], [14.3163042, 51.754811999999994], [14.3175676, 51.7545919], [14.3198806, 51.75420239999999], [14.3205712, 51.75406079999999], [14.3212417, 51.75392229999999], [14.3215484, 51.753877599999996], [14.3219747, 51.7538308], [14.322351800000002, 51.753823499999996], [14.323655, 51.7538748], [14.3241792, 51.7538955]]}, "properties": {"source": "OpenHistoricalMap", "way_id": 200833401, "source_url": "https://www.openhistoricalmap.org/way/200833401", "name": null, "name_status": "unrecorded", "status": "historical_record; present-day removal unconfirmed", "railway": "narrow_gauge", "length_km": 1.904976, "original_way_length_km": 1.904976, "start_date": "1899-12-07", "end_date": "1983-02-14", "license": "https://opendatacommons.org/licenses/odbl/1-0/", "source_license": "https://creativecommons.org/publicdomain/zero/1.0/", "source_license_basis": "OHM default CC0", "tags": {"end_date": "1983-02-14", "gauge": "1000", "railway": "narrow_gauge", "start_date": "1899-12-07"}}}, {"type": "Feature", "id": "ohm/way/200833409", "geometry": {"type": "LineString", "coordinates": [[14.312246000000002, 51.7698469], [14.3122708, 51.76941459999999], [14.31228, 51.769229300000006], [14.3123424, 51.7680525], [14.3123414, 51.7677696], [14.3123693, 51.76695689999998], [14.3124102, 51.76634669999999]]}, "properties": {"source": "OpenHistoricalMap", "way_id": 200833409, "source_url": "https://www.openhistoricalmap.org/way/200833409", "name": null, "name_status": "unrecorded", "status": "historical_record; present-day removal unconfirmed", "railway": "narrow_gauge", "length_km": 0.389633, "original_way_length_km": 0.389633, "start_date": "1899-05-21", "end_date": "1983-02-14", "license": "https://opendatacommons.org/licenses/odbl/1-0/", "source_license": "https://creativecommons.org/publicdomain/zero/1.0/", "source_license_basis": "OHM default CC0", "tags": {"end_date": "1983-02-14", "gauge": "1000", "railway": "narrow_gauge", "start_date": "1899-05-21"}}}, {"type": "Feature", "id": "ohm/way/200833411", "geometry": {"type": "LineString", "coordinates": [[14.317943600000001, 51.75235299999999], [14.3181242, 51.7524108], [14.3183423, 51.752464800000006], [14.3185951, 51.752514399999995], [14.31892, 51.7525569], [14.3192406, 51.7525803]]}, "properties": {"source": "OpenHistoricalMap", "way_id": 200833411, "source_url": "https://www.openhistoricalmap.org/way/200833411", "name": null, "name_status": "unrecorded", "status": "historical_record; present-day removal unconfirmed", "railway": "rail", "length_km": 0.093777, "original_way_length_km": 0.093777, "start_date": "1866", "end_date": null, "license": "https://opendatacommons.org/licenses/odbl/1-0/", "source_license": "https://creativecommons.org/publicdomain/zero/1.0/", "source_license_basis": "OHM default CC0", "tags": {"electrified": "no", "gauge": "1435", "maxspeed": "40", "railway": "rail", "railway:etcs": "no", "railway:gnt": "no", "railway:lzb": "no", "railway:pzb": "no", "service": "spur", "start_date": "1866", "start_date:edtf": "1866/", "usage": "industrial"}}}, {"type": "Feature", "id": "ohm/way/200833415", "geometry": {"type": "LineString", "coordinates": [[14.3173738, 51.7523542], [14.3182049, 51.7526408], [14.3187282, 51.752851299999996], [14.3192331, 51.7530913], [14.320252, 51.7536611], [14.320781300000002, 51.75393249999999], [14.3215903, 51.754197500000004]]}, "properties": {"source": "OpenHistoricalMap", "way_id": 200833415, "source_url": "https://www.openhistoricalmap.org/way/200833415", "name": null, "name_status": "unrecorded", "status": "historical_record; present-day removal unconfirmed", "railway": "rail", "length_km": 0.357923, "original_way_length_km": 0.357923, "start_date": "1866", "end_date": null, "license": "https://opendatacommons.org/licenses/odbl/1-0/", "source_license": "https://creativecommons.org/publicdomain/zero/1.0/", "source_license_basis": "OHM default CC0", "tags": {"gauge": "1435", "railway": "rail", "service": "spur", "start_date": "1866", "start_date:edtf": "1846/1866"}}}, {"type": "Feature", "id": "ohm/way/200833416", "geometry": {"type": "LineString", "coordinates": [[14.3230249, 51.7555991], [14.3230349, 51.75567900000001], [14.3229002, 51.7568755], [14.3226269, 51.7587851], [14.3225473, 51.76006749999999], [14.3223269, 51.7609197], [14.3222854, 51.76108039999998]]}, "properties": {"source": "OpenHistoricalMap", "way_id": 200833416, "source_url": "https://www.openhistoricalmap.org/way/200833416", "name": null, "name_status": "unrecorded", "status": "historical_record; present-day removal unconfirmed", "railway": "rail", "length_km": 0.6126, "original_way_length_km": 0.6126, "start_date": "1866", "end_date": null, "license": "https://opendatacommons.org/licenses/odbl/1-0/", "source_license": "https://creativecommons.org/publicdomain/zero/1.0/", "source_license_basis": "OHM default CC0", "tags": {"gauge": "1435", "railway": "rail", "service": "spur", "start_date": "1866", "start_date:edtf": "1846/1866"}}}, {"type": "Feature", "id": "ohm/way/200833417", "geometry": {"type": "LineString", "coordinates": [[14.3229882, 51.7554179], [14.322991100000001, 51.75543489999998], [14.3230068, 51.75550439999999], [14.3230129, 51.7555314], [14.3230194, 51.755567899999996], [14.3230249, 51.7555991]]}, "properties": {"source": "OpenHistoricalMap", "way_id": 200833417, "source_url": "https://www.openhistoricalmap.org/way/200833417", "name": null, "name_status": "unrecorded", "status": "historical_record; present-day removal unconfirmed", "railway": "rail", "length_km": 0.020322, "original_way_length_km": 0.020322, "start_date": "1866", "end_date": null, "license": "https://opendatacommons.org/licenses/odbl/1-0/", "source_license": "https://creativecommons.org/publicdomain/zero/1.0/", "source_license_basis": "OHM default CC0", "tags": {"gauge": "1435", "railway": "rail", "service": "spur", "start_date": "1866", "start_date:edtf": "1846/1866"}}}, {"type": "Feature", "id": "ohm/way/200833418", "geometry": {"type": "LineString", "coordinates": [[14.3228382, 51.7550447], [14.3229169, 51.755419800000006]]}, "properties": {"source": "OpenHistoricalMap", "way_id": 200833418, "source_url": "https://www.openhistoricalmap.org/way/200833418", "name": null, "name_status": "unrecorded", "status": "historical_record; present-day removal unconfirmed", "railway": "rail", "length_km": 0.042087, "original_way_length_km": 0.042087, "start_date": "1866", "end_date": null, "license": "https://opendatacommons.org/licenses/odbl/1-0/", "source_license": "https://creativecommons.org/publicdomain/zero/1.0/", "source_license_basis": "OHM default CC0", "tags": {"gauge": "1435", "railway": "rail", "service": "spur", "start_date": "1866", "start_date:edtf": "1846/1866"}}}, {"type": "Feature", "id": "ohm/way/200833419", "geometry": {"type": "LineString", "coordinates": [[14.3229169, 51.755419800000006], [14.3229186, 51.7554311], [14.3229288, 51.75550069999999], [14.3229381, 51.7555643], [14.3229391, 51.755570799999994]]}, "properties": {"source": "OpenHistoricalMap", "way_id": 200833419, "source_url": "https://www.openhistoricalmap.org/way/200833419", "name": null, "name_status": "unrecorded", "status": "historical_record; present-day removal unconfirmed", "railway": "rail", "length_km": 0.01687, "original_way_length_km": 0.01687, "start_date": "1866", "end_date": null, "license": "https://opendatacommons.org/licenses/odbl/1-0/", "source_license": "https://creativecommons.org/publicdomain/zero/1.0/", "source_license_basis": "OHM default CC0", "tags": {"gauge": "1435", "railway": "rail", "service": "spur", "start_date": "1866", "start_date:edtf": "1846/1866"}}}, {"type": "Feature", "id": "ohm/way/200833420", "geometry": {"type": "LineString", "coordinates": [[14.3229083, 51.7552281], [14.3230355, 51.7554203]]}, "properties": {"source": "OpenHistoricalMap", "way_id": 200833420, "source_url": "https://www.openhistoricalmap.org/way/200833420", "name": null, "name_status": "unrecorded", "status": "historical_record; present-day removal unconfirmed", "railway": "rail", "length_km": 0.023118, "original_way_length_km": 0.023118, "start_date": "1866", "end_date": null, "license": "https://opendatacommons.org/licenses/odbl/1-0/", "source_license": "https://creativecommons.org/publicdomain/zero/1.0/", "source_license_basis": "OHM default CC0", "tags": {"gauge": "1435", "railway": "rail", "service": "spur", "start_date": "1866", "start_date:edtf": "1846/1866"}}}, {"type": "Feature", "id": "ohm/way/200833421", "geometry": {"type": "LineString", "coordinates": [[14.3161319, 51.75238749999999], [14.3164687, 51.7524493]]}, "properties": {"source": "OpenHistoricalMap", "way_id": 200833421, "source_url": "https://www.openhistoricalmap.org/way/200833421", "name": null, "name_status": "unrecorded", "status": "historical_record; present-day removal unconfirmed", "railway": "rail", "length_km": 0.024253, "original_way_length_km": 0.024253, "start_date": null, "end_date": null, "license": "https://opendatacommons.org/licenses/odbl/1-0/", "source_license": "https://creativecommons.org/publicdomain/zero/1.0/", "source_license_basis": "OHM default CC0", "tags": {"fixme": "yes", "fixme:start_date": "needs a start_date value; this railway is currently being rendered before railways were invented", "maxspeed": "40", "railway": "rail", "service": "yard", "usage": "industrial"}}}, {"type": "Feature", "id": "ohm/way/200833423", "geometry": {"type": "LineString", "coordinates": [[14.3171652, 51.752050499999996], [14.3168031, 51.7519786], [14.316737, 51.75196880000001], [14.3166347, 51.751952199999984]]}, "properties": {"source": "OpenHistoricalMap", "way_id": 200833423, "source_url": "https://www.openhistoricalmap.org/way/200833423", "name": null, "name_status": "unrecorded", "status": "historical_record; present-day removal unconfirmed", "railway": "abandoned", "length_km": 0.038249, "original_way_length_km": 0.038249, "start_date": null, "end_date": null, "license": "https://opendatacommons.org/licenses/odbl/1-0/", "source_license": "https://creativecommons.org/publicdomain/zero/1.0/", "source_license_basis": "OHM default CC0", "tags": {"abandoned:railway": "rail", "gauge": "1435", "maxspeed": "40", "railway": "abandoned", "railway:etcs": "no", "railway:gnt": "no", "railway:lzb": "no", "railway:pzb": "no", "service": "spur", "usage": "industrial"}}}, {"type": "Feature", "id": "ohm/way/200833424", "geometry": {"type": "LineString", "coordinates": [[14.3178181, 51.7528414], [14.3183272, 51.75301389999999]]}, "properties": {"source": "OpenHistoricalMap", "way_id": 200833424, "source_url": "https://www.openhistoricalmap.org/way/200833424", "name": null, "name_status": "unrecorded", "status": "historical_record; present-day removal unconfirmed", "railway": "rail", "length_km": 0.040054, "original_way_length_km": 0.040054, "start_date": null, "end_date": null, "license": "https://opendatacommons.org/licenses/odbl/1-0/", "source_license": "https://creativecommons.org/publicdomain/zero/1.0/", "source_license_basis": "OHM default CC0", "tags": {"fixme": "yes", "fixme:start_date": "needs a start_date value; this railway is currently being rendered before railways were invented", "gauge": "1435", "railway": "rail", "service": "yard"}}}, {"type": "Feature", "id": "ohm/way/200833427", "geometry": {"type": "LineString", "coordinates": [[14.3210818, 51.764370599999985], [14.3216195, 51.762780299999996], [14.3217025, 51.7625288], [14.3217788, 51.7622976], [14.3220293, 51.761806199999995], [14.3221289, 51.7615631], [14.3222854, 51.76108039999998]]}, "properties": {"source": "OpenHistoricalMap", "way_id": 200833427, "source_url": "https://www.openhistoricalmap.org/way/200833427", "name": null, "name_status": "unrecorded", "status": "historical_record; present-day removal unconfirmed", "railway": "rail", "length_km": 0.375651, "original_way_length_km": 0.375651, "start_date": "1846-06-24", "end_date": "1879", "license": "https://opendatacommons.org/licenses/odbl/1-0/", "source_license": "https://creativecommons.org/publicdomain/zero/1.0/", "source_license_basis": "OHM default CC0", "tags": {"end_date": "1879", "gauge": "1435", "railway": "rail", "start_date": "1846-06-24"}}}, {"type": "Feature", "id": "ohm/way/200833428", "geometry": {"type": "LineString", "coordinates": [[14.3217025, 51.7625288], [14.3217191, 51.76233109999998], [14.3217333, 51.7620422], [14.321744700000002, 51.76190309999999], [14.3217105, 51.76158420000001]]}, "properties": {"source": "OpenHistoricalMap", "way_id": 200833428, "source_url": "https://www.openhistoricalmap.org/way/200833428", "name": null, "name_status": "unrecorded", "status": "historical_record; present-day removal unconfirmed", "railway": "rail", "length_km": 0.105242, "original_way_length_km": 0.105242, "start_date": null, "end_date": null, "license": "https://opendatacommons.org/licenses/odbl/1-0/", "source_license": "https://creativecommons.org/publicdomain/zero/1.0/", "source_license_basis": "OHM default CC0", "tags": {"fixme": "yes", "fixme:start_date": "needs a start_date value; this railway is currently being rendered before railways were invented", "gauge": "1435", "railway": "rail"}}}, {"type": "Feature", "id": "ohm/way/200833429", "geometry": {"type": "LineString", "coordinates": [[14.3229391, 51.755570799999994], [14.3229438, 51.7558945], [14.322931, 51.75618099999999]]}, "properties": {"source": "OpenHistoricalMap", "way_id": 200833429, "source_url": "https://www.openhistoricalmap.org/way/200833429", "name": null, "name_status": "unrecorded", "status": "historical_record; present-day removal unconfirmed", "railway": "rail", "length_km": 0.067906, "original_way_length_km": 0.067906, "start_date": "1866", "end_date": null, "license": "https://opendatacommons.org/licenses/odbl/1-0/", "source_license": "https://creativecommons.org/publicdomain/zero/1.0/", "source_license_basis": "OHM default CC0", "tags": {"gauge": "1435", "railway": "rail", "service": "spur", "start_date": "1866", "start_date:edtf": "1846/1866"}}}, {"type": "Feature", "id": "ohm/way/200833430", "geometry": {"type": "LineString", "coordinates": [[14.3215903, 51.754197500000004], [14.3221155, 51.75441549999999], [14.322516, 51.7546136], [14.3227877, 51.7549125], [14.3228382, 51.7550447], [14.3229083, 51.7552281], [14.3229882, 51.7554179]]}, "properties": {"source": "OpenHistoricalMap", "way_id": 200833430, "source_url": "https://www.openhistoricalmap.org/way/200833430", "name": null, "name_status": "unrecorded", "status": "historical_record; present-day removal unconfirmed", "railway": "rail", "length_km": 0.175093, "original_way_length_km": 0.175093, "start_date": "1866", "end_date": null, "license": "https://opendatacommons.org/licenses/odbl/1-0/", "source_license": "https://creativecommons.org/publicdomain/zero/1.0/", "source_license_basis": "OHM default CC0", "tags": {"gauge": "1435", "railway": "rail", "service": "spur", "start_date": "1866", "start_date:edtf": "1846/1866"}}}, {"type": "Feature", "id": "ohm/way/200833432", "geometry": {"type": "LineString", "coordinates": [[14.3210818, 51.764370599999985], [14.3209015, 51.76491479999999], [14.3206283, 51.76605620000001], [14.320056300000001, 51.7670163], [14.3199993, 51.767111899999996], [14.3199299, 51.76720019999999], [14.3192508, 51.7680641], [14.3174288, 51.769743799999986], [14.317236, 51.7699235], [14.3158477, 51.77120450000001], [14.3150742, 51.771947899999994], [14.3126821, 51.77425629999999], [14.309506000000003, 51.77828530000001], [14.3039619, 51.784962], [14.302800700000002, 51.78608169999998], [14.2964369, 51.789384399999996], [14.296129600000002, 51.78958159999999], [14.290116346646508, 51.79517184000363]]}, "properties": {"source": "OpenHistoricalMap", "way_id": 200833432, "source_url": "https://www.openhistoricalmap.org/way/200833432", "name": null, "name_status": "unrecorded", "status": "historical_record; present-day removal unconfirmed", "railway": "rail", "length_km": 4.091638, "original_way_length_km": 11.743742, "start_date": "1846-06-24", "end_date": "1879", "license": "https://opendatacommons.org/licenses/odbl/1-0/", "source_license": "https://creativecommons.org/publicdomain/zero/1.0/", "source_license_basis": "OHM default CC0", "tags": {"end_date": "1879", "gauge": "1435", "railway": "rail", "start_date": "1846-06-24", "wikipedia": "de:Cottbus-Schwielochsee-Eisenbahn"}}}, {"type": "Feature", "id": "ohm/way/200833442", "geometry": {"type": "LineString", "coordinates": [[14.317271200000002, 51.75360159999999], [14.3172843, 51.75358979999999], [14.317312, 51.7535619], [14.3175872, 51.7533103], [14.317688, 51.753226099999985], [14.3178614, 51.75309989999999], [14.3180476, 51.7529958], [14.3182366, 51.75290669999999], [14.3183587, 51.7528561], [14.3184708, 51.752816399999986], [14.318593200000002, 51.7527777], [14.3186894, 51.7527509], [14.3188472, 51.7527142], [14.3190336, 51.7526781], [14.3192033, 51.75265489999998], [14.3194411, 51.7526322], [14.3198469, 51.75261720000001], [14.3202025, 51.75261569999999]]}, "properties": {"source": "OpenHistoricalMap", "way_id": 200833442, "source_url": "https://www.openhistoricalmap.org/way/200833442", "name": null, "name_status": "unrecorded", "status": "historical_record; present-day removal unconfirmed", "railway": "rail", "length_km": 0.245079, "original_way_length_km": 0.245079, "start_date": "1866", "end_date": null, "license": "https://opendatacommons.org/licenses/odbl/1-0/", "source_license": "https://creativecommons.org/publicdomain/zero/1.0/", "source_license_basis": "OHM default CC0", "tags": {"electrified": "no", "gauge": "1435", "maxspeed": "40", "railway": "rail", "railway:etcs": "no", "railway:gnt": "no", "railway:lzb": "no", "railway:pzb": "no", "service": "spur", "start_date": "1866", "start_date:edtf": "1866/", "usage": "industrial"}}}, {"type": "Feature", "id": "ohm/way/200833445", "geometry": {"type": "LineString", "coordinates": [[14.3197192, 51.7525975], [14.3194893, 51.75258049999999], [14.3192851, 51.7525609], [14.3189335, 51.75251680000001], [14.3187048, 51.7524744], [14.318432, 51.75240589999999], [14.3181676, 51.7523217], [14.317956, 51.7522582], [14.3177233, 51.752193899999995], [14.3173245, 51.752094199999995], [14.3172371, 51.752070999999994], [14.3171652, 51.752050499999996], [14.316819, 51.75196580000001], [14.3165662, 51.7518998], [14.3156291, 51.7516664]]}, "properties": {"source": "OpenHistoricalMap", "way_id": 200833445, "source_url": "https://www.openhistoricalmap.org/way/200833445", "name": null, "name_status": "unrecorded", "status": "historical_record; present-day removal unconfirmed", "railway": "rail", "length_km": 0.30226, "original_way_length_km": 0.30226, "start_date": "1866", "end_date": null, "license": "https://opendatacommons.org/licenses/odbl/1-0/", "source_license": "https://creativecommons.org/publicdomain/zero/1.0/", "source_license_basis": "OHM default CC0", "tags": {"gauge": "1435", "maxspeed": "40", "operator": "DB Netz AG", "railway": "rail", "railway:etcs": "no", "railway:gnt": "no", "railway:lzb": "no", "railway:pzb": "no", "service": "yard", "start_date": "1866", "start_date:edtf": "1866/", "workrules": "DE:EBO"}}}, {"type": "Feature", "id": "ohm/way/200833446", "geometry": {"type": "LineString", "coordinates": [[14.3166347, 51.751952199999984], [14.3163096, 51.7519008], [14.3161708, 51.75187770000001], [14.3159904, 51.751858399999996], [14.3158438, 51.75184949999999], [14.3155328, 51.751841399999996], [14.315409400000002, 51.7518444]]}, "properties": {"source": "OpenHistoricalMap", "way_id": 200833446, "source_url": "https://www.openhistoricalmap.org/way/200833446", "name": null, "name_status": "unrecorded", "status": "historical_record; present-day removal unconfirmed", "railway": "abandoned", "length_km": 0.085929, "original_way_length_km": 0.085929, "start_date": null, "end_date": null, "license": "https://opendatacommons.org/licenses/odbl/1-0/", "source_license": "https://creativecommons.org/publicdomain/zero/1.0/", "source_license_basis": "OHM default CC0", "tags": {"abandoned:railway": "rail", "electrified": "no", "gauge": "1435", "maxspeed": "40", "railway": "abandoned", "railway:etcs": "no", "railway:gnt": "no", "railway:lzb": "no", "railway:pzb": "no", "service": "spur", "usage": "industrial"}}}, {"type": "Feature", "id": "ohm/way/200833448", "geometry": {"type": "LineString", "coordinates": [[14.3144575, 51.7523625], [14.314521500000001, 51.75232539999999], [14.3146368, 51.75227649999999], [14.3147674, 51.752225200000005], [14.3149093, 51.7521798], [14.3150961, 51.75213289999999], [14.3152935, 51.7521008], [14.315592300000002, 51.7520552], [14.315701700000002, 51.7520422], [14.3158575, 51.7520269], [14.3160227, 51.75201779999999], [14.3162398, 51.75201799999999], [14.3163423, 51.7520221], [14.3165404, 51.7520347], [14.316701, 51.75205329999999], [14.3168618, 51.7520769], [14.3170412, 51.752109199999985], [14.317238700000003, 51.75215469999999], [14.3175301, 51.7522335]]}, "properties": {"source": "OpenHistoricalMap", "way_id": 200833448, "source_url": "https://www.openhistoricalmap.org/way/200833448", "name": null, "name_status": "unrecorded", "status": "historical_record; present-day removal unconfirmed", "railway": "disused", "length_km": 0.22461, "original_way_length_km": 0.22461, "start_date": null, "end_date": null, "license": "https://opendatacommons.org/licenses/odbl/1-0/", "source_license": "https://creativecommons.org/publicdomain/zero/1.0/", "source_license_basis": "OHM default CC0", "tags": {"electrified": "no", "gauge": "1435", "maxspeed": "40", "railway": "disused", "railway:etcs": "no", "railway:gnt": "no", "railway:lzb": "no", "railway:pzb": "no", "service": "spur", "usage": "industrial"}}}, {"type": "Feature", "id": "ohm/way/200833449", "geometry": {"type": "LineString", "coordinates": [[14.317875, 51.751887999999994], [14.318519, 51.7519537], [14.3187604, 51.751971499999996], [14.322600100000002, 51.752116699999995], [14.3238599, 51.752168899999994], [14.3239711, 51.75216979999999], [14.3241777, 51.75216650000001], [14.3245735, 51.7521526]]}, "properties": {"source": "OpenHistoricalMap", "way_id": 200833449, "source_url": "https://www.openhistoricalmap.org/way/200833449", "name": null, "name_status": "unrecorded", "status": "historical_record; present-day removal unconfirmed", "railway": "rail", "length_km": 0.464025, "original_way_length_km": 0.464025, "start_date": "1866", "end_date": null, "license": "https://opendatacommons.org/licenses/odbl/1-0/", "source_license": "https://creativecommons.org/publicdomain/zero/1.0/", "source_license_basis": "OHM default CC0", "tags": {"gauge": "1435", "maxspeed": "40", "operator": "DB Netz AG", "railway": "rail", "railway:etcs": "no", "railway:gnt": "no", "railway:lzb": "no", "railway:pzb": "no", "service": "yard", "start_date": "1866", "start_date:edtf": "1866/", "workrules": "DE:EBO"}}}, {"type": "Feature", "id": "ohm/way/200833450", "geometry": {"type": "LineString", "coordinates": [[14.3159168, 51.7516095], [14.316687700000001, 51.751750699999995], [14.3174208, 51.751880699999994], [14.3177076, 51.7519199], [14.3180575, 51.75196030000001], [14.318442000000001, 51.75199130000001], [14.318792, 51.7520139], [14.3206753, 51.752085799999996], [14.3227909, 51.75217049999999], [14.3234927, 51.752198799999995], [14.3236613, 51.7522038], [14.3239323, 51.7522081], [14.3245342, 51.75219379999999], [14.324639499999998, 51.7521905], [14.3252786, 51.752163599999996], [14.325927799999999, 51.7521447], [14.326450299999998, 51.752126499999996], [14.326640200000002, 51.7521193], [14.3268334, 51.75210409999999], [14.327047600000002, 51.7520838], [14.3270879, 51.752079999999985], [14.3271047, 51.75207839999999], [14.327427100000001, 51.75203499999999], [14.327951300000002, 51.7519479]]}, "properties": {"source": "OpenHistoricalMap", "way_id": 200833450, "source_url": "https://www.openhistoricalmap.org/way/200833450", "name": null, "name_status": "unrecorded", "status": "historical_record; present-day removal unconfirmed", "railway": "rail", "length_km": 0.839661, "original_way_length_km": 0.839661, "start_date": "1866", "end_date": null, "license": "https://opendatacommons.org/licenses/odbl/1-0/", "source_license": "https://creativecommons.org/publicdomain/zero/1.0/", "source_license_basis": "OHM default CC0", "tags": {"gauge": "1435", "maxspeed": "40", "operator": "DB Netz AG", "railway": "rail", "railway:etcs": "no", "railway:gnt": "no", "railway:lzb": "no", "railway:pzb": "no", "service": "yard", "start_date": "1866", "start_date:edtf": "1866/", "workrules": "DE:EBO"}}}, {"type": "Feature", "id": "ohm/way/200833451", "geometry": {"type": "LineString", "coordinates": [[14.3172482, 51.7520093], [14.3166302, 51.7517964], [14.3163548, 51.75171469999999], [14.316242900000002, 51.7516864], [14.3160975, 51.751649799999996], [14.3159168, 51.7516095], [14.3157394, 51.75158009999999], [14.3155358, 51.75155050000001]]}, "properties": {"source": "OpenHistoricalMap", "way_id": 200833451, "source_url": "https://www.openhistoricalmap.org/way/200833451", "name": null, "name_status": "unrecorded", "status": "historical_record; present-day removal unconfirmed", "railway": "rail", "length_km": 0.12945, "original_way_length_km": 0.12945, "start_date": "1866", "end_date": null, "license": "https://opendatacommons.org/licenses/odbl/1-0/", "source_license": "https://creativecommons.org/publicdomain/zero/1.0/", "source_license_basis": "OHM default CC0", "tags": {"gauge": "1435", "maxspeed": "40", "operator": "DB Netz AG", "railway": "rail", "railway:etcs": "no", "railway:gnt": "no", "railway:lzb": "no", "railway:pzb": "no", "service": "yard", "start_date": "1866", "start_date:edtf": "1866/", "workrules": "DE:EBO"}}}, {"type": "Feature", "id": "ohm/way/200833452", "geometry": {"type": "LineString", "coordinates": [[14.3239323, 51.7522081], [14.3233433, 51.7522238], [14.3232429, 51.7522252], [14.323133, 51.752223999999984], [14.3228423, 51.752213299999994], [14.3187865, 51.7520521], [14.3184607, 51.7520344], [14.318095000000001, 51.752003399999985], [14.3177958, 51.7519715], [14.3174401, 51.7519236], [14.317206900000002, 51.75189139999999], [14.3169481, 51.75185139999999], [14.3166598, 51.75179119999999], [14.3163548, 51.75171469999999]]}, "properties": {"source": "OpenHistoricalMap", "way_id": 200833452, "source_url": "https://www.openhistoricalmap.org/way/200833452", "name": null, "name_status": "unrecorded", "status": "historical_record; present-day removal unconfirmed", "railway": "rail", "length_km": 0.528812, "original_way_length_km": 0.528812, "start_date": "1866", "end_date": null, "license": "https://opendatacommons.org/licenses/odbl/1-0/", "source_license": "https://creativecommons.org/publicdomain/zero/1.0/", "source_license_basis": "OHM default CC0", "tags": {"gauge": "1435", "maxspeed": "40", "operator": "DB Netz AG", "railway": "rail", "railway:etcs": "no", "railway:gnt": "no", "railway:lzb": "no", "railway:pzb": "no", "service": "yard", "start_date": "1866", "start_date:edtf": "1866/", "workrules": "DE:EBO"}}}, {"type": "Feature", "id": "ohm/way/200833453", "geometry": {"type": "LineString", "coordinates": [[14.3252786, 51.752163599999996], [14.3250534, 51.75216299999999], [14.324902099999997, 51.75215899999999], [14.3245735, 51.7521526], [14.3226036, 51.752074], [14.318466, 51.75191769999999], [14.3181507, 51.7519081], [14.317875, 51.751887999999994], [14.3172892, 51.75182430000001]]}, "properties": {"source": "OpenHistoricalMap", "way_id": 200833453, "source_url": "https://www.openhistoricalmap.org/way/200833453", "name": null, "name_status": "unrecorded", "status": "historical_record; present-day removal unconfirmed", "railway": "rail", "length_km": 0.553326, "original_way_length_km": 0.553326, "start_date": "1866", "end_date": null, "license": "https://opendatacommons.org/licenses/odbl/1-0/", "source_license": "https://creativecommons.org/publicdomain/zero/1.0/", "source_license_basis": "OHM default CC0", "tags": {"gauge": "1435", "maxspeed": "40", "operator": "DB Netz AG", "railway": "rail", "railway:etcs": "no", "railway:gnt": "no", "railway:lzb": "no", "railway:pzb": "no", "service": "yard", "start_date": "1866", "start_date:edtf": "1866/", "workrules": "DE:EBO"}}}, {"type": "Feature", "id": "ohm/way/200833454", "geometry": {"type": "LineString", "coordinates": [[14.3156991, 51.751627400000004], [14.3161432, 51.751715499999996], [14.3168513, 51.751895999999995], [14.3170301, 51.75194379999999], [14.3172482, 51.7520093], [14.3177331, 51.752172400000006], [14.3181676, 51.7523217]]}, "properties": {"source": "OpenHistoricalMap", "way_id": 200833454, "source_url": "https://www.openhistoricalmap.org/way/200833454", "name": null, "name_status": "unrecorded", "status": "historical_record; present-day removal unconfirmed", "railway": "rail", "length_km": 0.187619, "original_way_length_km": 0.187619, "start_date": "1866", "end_date": null, "license": "https://opendatacommons.org/licenses/odbl/1-0/", "source_license": "https://creativecommons.org/publicdomain/zero/1.0/", "source_license_basis": "OHM default CC0", "tags": {"gauge": "1435", "maxspeed": "40", "operator": "DB Netz AG", "railway": "rail", "railway:etcs": "no", "railway:gnt": "no", "railway:lzb": "no", "railway:pzb": "no", "service": "yard", "start_date": "1866", "start_date:edtf": "1866/", "workrules": "DE:EBO"}}}, {"type": "Feature", "id": "ohm/way/200833455", "geometry": {"type": "LineString", "coordinates": [[14.308009, 51.7516062], [14.310599, 51.7515329], [14.3128015, 51.75147299999999], [14.3133558, 51.7514563], [14.3135923, 51.751458], [14.313878, 51.751467299999995], [14.3144044, 51.751512500000004], [14.3147752, 51.7515668], [14.3155495, 51.751697699999994], [14.3157117, 51.75172849999999], [14.3162048, 51.751858], [14.3163984, 51.75190450000001], [14.3166347, 51.751952199999984]]}, "properties": {"source": "OpenHistoricalMap", "way_id": 200833455, "source_url": "https://www.openhistoricalmap.org/way/200833455", "name": null, "name_status": "unrecorded", "status": "historical_record; present-day removal unconfirmed", "railway": "abandoned", "length_km": 0.604315, "original_way_length_km": 0.604315, "start_date": null, "end_date": null, "license": "https://opendatacommons.org/licenses/odbl/1-0/", "source_license": "https://creativecommons.org/publicdomain/zero/1.0/", "source_license_basis": "OHM default CC0", "tags": {"abandoned:railway": "rail", "gauge": "1435", "maxspeed": "40", "railway": "abandoned", "railway:etcs": "no", "railway:gnt": "no", "railway:lzb": "no", "railway:pzb": "no", "service": "spur", "usage": "industrial"}}}, {"type": "Feature", "id": "ohm/way/200833456", "geometry": {"type": "LineString", "coordinates": [[14.3164193, 51.7525058], [14.3166379, 51.752646]]}, "properties": {"source": "OpenHistoricalMap", "way_id": 200833456, "source_url": "https://www.openhistoricalmap.org/way/200833456", "name": null, "name_status": "unrecorded", "status": "historical_record; present-day removal unconfirmed", "railway": "rail", "length_km": 0.021707, "original_way_length_km": 0.021707, "start_date": null, "end_date": null, "license": "https://opendatacommons.org/licenses/odbl/1-0/", "source_license": "https://creativecommons.org/publicdomain/zero/1.0/", "source_license_basis": "OHM default CC0", "tags": {"electrified": "no", "fixme": "yes", "fixme:start_date": "needs a start_date value; this railway is currently being rendered before railways were invented", "gauge": "1435", "maxspeed": "40", "railway": "rail", "railway:etcs": "no", "railway:gnt": "no", "railway:lzb": "no", "railway:pzb": "no", "service": "spur", "usage": "industrial"}}}, {"type": "Feature", "id": "ohm/way/200833457", "geometry": {"type": "LineString", "coordinates": [[14.3164439, 51.75248799999999], [14.3166805, 51.752591100000004]]}, "properties": {"source": "OpenHistoricalMap", "way_id": 200833457, "source_url": "https://www.openhistoricalmap.org/way/200833457", "name": null, "name_status": "unrecorded", "status": "historical_record; present-day removal unconfirmed", "railway": "rail", "length_km": 0.019963, "original_way_length_km": 0.019963, "start_date": null, "end_date": null, "license": "https://opendatacommons.org/licenses/odbl/1-0/", "source_license": "https://creativecommons.org/publicdomain/zero/1.0/", "source_license_basis": "OHM default CC0", "tags": {"electrified": "no", "fixme": "yes", "fixme:start_date": "needs a start_date value; this railway is currently being rendered before railways were invented", "gauge": "1435", "maxspeed": "40", "railway": "rail", "railway:etcs": "no", "railway:gnt": "no", "railway:lzb": "no", "railway:pzb": "no", "service": "spur", "usage": "industrial"}}}, {"type": "Feature", "id": "ohm/way/200833458", "geometry": {"type": "LineString", "coordinates": [[14.3231264, 51.7523683], [14.3229537, 51.7523828], [14.3225678, 51.7524064], [14.3224549, 51.75241199999999], [14.3218094, 51.75247139999998], [14.3214997, 51.7525254], [14.3212241, 51.75259919999998], [14.3208931, 51.7526424], [14.3206852, 51.75263480000001], [14.3202025, 51.75261569999999], [14.3197192, 51.7525975], [14.3192406, 51.7525803], [14.3179994, 51.752534699999984], [14.317802500000003, 51.7525204], [14.3175469, 51.7524965], [14.3172817, 51.752471699999994], [14.3169017, 51.7524537], [14.3167548, 51.75244649999999], [14.3164747, 51.7524327]]}, "properties": {"source": "OpenHistoricalMap", "way_id": 200833458, "source_url": "https://www.openhistoricalmap.org/way/200833458", "name": null, "name_status": "unrecorded", "status": "historical_record; present-day removal unconfirmed", "railway": "rail", "length_km": 0.46414, "original_way_length_km": 0.46414, "start_date": "1866", "end_date": null, "license": "https://opendatacommons.org/licenses/odbl/1-0/", "source_license": "https://creativecommons.org/publicdomain/zero/1.0/", "source_license_basis": "OHM default CC0", "tags": {"electrified": "no", "gauge": "1435", "maxspeed": "40", "railway": "rail", "railway:etcs": "no", "railway:gnt": "no", "railway:lzb": "no", "railway:pzb": "no", "service": "spur", "start_date": "1866", "start_date:edtf": "1866/", "usage": "industrial"}}}, {"type": "Feature", "id": "ohm/way/200833460", "geometry": {"type": "LineString", "coordinates": [[14.3145805, 51.752391299999985], [14.3147768, 51.752297599999984], [14.3150486, 51.7522057], [14.315234, 51.75215999999999], [14.315416, 51.752125799999995], [14.3155842, 51.75209799999999], [14.3157934, 51.7520759], [14.3160473, 51.75207489999999], [14.3163882, 51.7520758], [14.3166042, 51.752089199999986], [14.316762700000002, 51.7521053], [14.3169886, 51.752130400000006], [14.3172687, 51.75217669999999], [14.3175301, 51.7522335], [14.317705700000001, 51.7522804], [14.317943600000001, 51.75235299999999]]}, "properties": {"source": "OpenHistoricalMap", "way_id": 200833460, "source_url": "https://www.openhistoricalmap.org/way/200833460", "name": null, "name_status": "unrecorded", "status": "historical_record; present-day removal unconfirmed", "railway": "disused", "length_km": 0.245713, "original_way_length_km": 0.245713, "start_date": null, "end_date": null, "license": "https://opendatacommons.org/licenses/odbl/1-0/", "source_license": "https://creativecommons.org/publicdomain/zero/1.0/", "source_license_basis": "OHM default CC0", "tags": {"electrified": "no", "gauge": "1435", "maxspeed": "40", "railway": "disused", "railway:etcs": "no", "railway:gnt": "no", "railway:lzb": "no", "railway:pzb": "no", "service": "spur", "usage": "industrial"}}}, {"type": "Feature", "id": "ohm/way/200833461", "geometry": {"type": "LineString", "coordinates": [[14.3164545, 51.7523746], [14.3165675, 51.75234919999999]]}, "properties": {"source": "OpenHistoricalMap", "way_id": 200833461, "source_url": "https://www.openhistoricalmap.org/way/200833461", "name": null, "name_status": "unrecorded", "status": "historical_record; present-day removal unconfirmed", "railway": "rail", "length_km": 0.008299, "original_way_length_km": 0.008299, "start_date": null, "end_date": null, "license": "https://opendatacommons.org/licenses/odbl/1-0/", "source_license": "https://creativecommons.org/publicdomain/zero/1.0/", "source_license_basis": "OHM default CC0", "tags": {"electrified": "no", "fixme": "yes", "fixme:start_date": "needs a start_date value; this railway is currently being rendered before railways were invented", "gauge": "1435", "maxspeed": "40", "railway": "rail", "railway:etcs": "no", "railway:gnt": "no", "railway:lzb": "no", "railway:pzb": "no", "service": "spur", "usage": "industrial"}}}, {"type": "Feature", "id": "ohm/way/200833462", "geometry": {"type": "LineString", "coordinates": [[14.316474, 51.752413899999986], [14.3167803, 51.752404399999996]]}, "properties": {"source": "OpenHistoricalMap", "way_id": 200833462, "source_url": "https://www.openhistoricalmap.org/way/200833462", "name": null, "name_status": "unrecorded", "status": "historical_record; present-day removal unconfirmed", "railway": "rail", "length_km": 0.021178, "original_way_length_km": 0.021178, "start_date": null, "end_date": null, "license": "https://opendatacommons.org/licenses/odbl/1-0/", "source_license": "https://creativecommons.org/publicdomain/zero/1.0/", "source_license_basis": "OHM default CC0", "tags": {"electrified": "no", "fixme": "yes", "fixme:start_date": "needs a start_date value; this railway is currently being rendered before railways were invented", "gauge": "1435", "maxspeed": "40", "railway": "rail", "railway:etcs": "no", "railway:gnt": "no", "railway:lzb": "no", "railway:pzb": "no", "service": "spur", "usage": "industrial"}}}, {"type": "Feature", "id": "ohm/way/200833463", "geometry": {"type": "LineString", "coordinates": [[14.3163525, 51.7525302], [14.316476, 51.7527524], [14.3165988, 51.752973299999994]]}, "properties": {"source": "OpenHistoricalMap", "way_id": 200833463, "source_url": "https://www.openhistoricalmap.org/way/200833463", "name": null, "name_status": "unrecorded", "status": "historical_record; present-day removal unconfirmed", "railway": "rail", "length_km": 0.052152, "original_way_length_km": 0.052152, "start_date": null, "end_date": null, "license": "https://opendatacommons.org/licenses/odbl/1-0/", "source_license": "https://creativecommons.org/publicdomain/zero/1.0/", "source_license_basis": "OHM default CC0", "tags": {"electrified": "no", "fixme": "yes", "fixme:start_date": "needs a start_date value; this railway is currently being rendered before railways were invented", "gauge": "1435", "maxspeed": "40", "railway": "rail", "railway:etcs": "no", "railway:gnt": "no", "railway:lzb": "no", "railway:pzb": "no", "service": "spur", "usage": "industrial"}}}, {"type": "Feature", "id": "ohm/way/200833464", "geometry": {"type": "LineString", "coordinates": [[14.3163854, 51.75252129999999], [14.3165826, 51.75271379999999]]}, "properties": {"source": "OpenHistoricalMap", "way_id": 200833464, "source_url": "https://www.openhistoricalmap.org/way/200833464", "name": null, "name_status": "unrecorded", "status": "historical_record; present-day removal unconfirmed", "railway": "rail", "length_km": 0.025381, "original_way_length_km": 0.025381, "start_date": null, "end_date": null, "license": "https://opendatacommons.org/licenses/odbl/1-0/", "source_license": "https://creativecommons.org/publicdomain/zero/1.0/", "source_license_basis": "OHM default CC0", "tags": {"electrified": "no", "fixme": "yes", "fixme:start_date": "needs a start_date value; this railway is currently being rendered before railways were invented", "gauge": "1435", "maxspeed": "40", "railway": "rail", "railway:etcs": "no", "railway:gnt": "no", "railway:lzb": "no", "railway:pzb": "no", "service": "spur", "usage": "industrial"}}}, {"type": "Feature", "id": "ohm/way/200833465", "geometry": {"type": "LineString", "coordinates": [[14.3164627, 51.7524661], [14.3167278, 51.7525348]]}, "properties": {"source": "OpenHistoricalMap", "way_id": 200833465, "source_url": "https://www.openhistoricalmap.org/way/200833465", "name": null, "name_status": "unrecorded", "status": "historical_record; present-day removal unconfirmed", "railway": "rail", "length_km": 0.019838, "original_way_length_km": 0.019838, "start_date": null, "end_date": null, "license": "https://opendatacommons.org/licenses/odbl/1-0/", "source_license": "https://creativecommons.org/publicdomain/zero/1.0/", "source_license_basis": "OHM default CC0", "tags": {"electrified": "no", "fixme": "yes", "fixme:start_date": "needs a start_date value; this railway is currently being rendered before railways were invented", "gauge": "1435", "maxspeed": "40", "railway": "rail", "railway:etcs": "no", "railway:gnt": "no", "railway:lzb": "no", "railway:pzb": "no", "service": "spur", "usage": "industrial"}}}, {"type": "Feature", "id": "ohm/way/200833466", "geometry": {"type": "LineString", "coordinates": [[14.3164684, 51.752396099999984], [14.3166499, 51.75236739999999]]}, "properties": {"source": "OpenHistoricalMap", "way_id": 200833466, "source_url": "https://www.openhistoricalmap.org/way/200833466", "name": null, "name_status": "unrecorded", "status": "historical_record; present-day removal unconfirmed", "railway": "rail", "length_km": 0.012934, "original_way_length_km": 0.012934, "start_date": null, "end_date": null, "license": "https://opendatacommons.org/licenses/odbl/1-0/", "source_license": "https://creativecommons.org/publicdomain/zero/1.0/", "source_license_basis": "OHM default CC0", "tags": {"electrified": "no", "fixme": "yes", "fixme:start_date": "needs a start_date value; this railway is currently being rendered before railways were invented", "gauge": "1435", "maxspeed": "40", "railway": "rail", "railway:etcs": "no", "railway:gnt": "no", "railway:lzb": "no", "railway:pzb": "no", "service": "spur", "usage": "industrial"}}}, {"type": "Feature", "id": "ohm/way/200833468", "geometry": {"type": "LineString", "coordinates": [[14.3140509, 51.752251900000005], [14.3142669, 51.7521468], [14.3144641, 51.752071], [14.3147678, 51.75197679999999], [14.315027, 51.7519278], [14.3152591, 51.7518988], [14.3154398, 51.7518867], [14.3156483, 51.75188670000001], [14.3157646, 51.7518896], [14.3159984, 51.751911], [14.3167538, 51.75202289999999], [14.316947500000001, 51.7520536], [14.3171813, 51.7521078], [14.3174313, 51.7521812], [14.317943600000001, 51.75235299999999]]}, "properties": {"source": "OpenHistoricalMap", "way_id": 200833468, "source_url": "https://www.openhistoricalmap.org/way/200833468", "name": null, "name_status": "unrecorded", "status": "historical_record; present-day removal unconfirmed", "railway": "rail", "length_km": 0.288767, "original_way_length_km": 0.288767, "start_date": "1866", "end_date": null, "license": "https://opendatacommons.org/licenses/odbl/1-0/", "source_license": "https://creativecommons.org/publicdomain/zero/1.0/", "source_license_basis": "OHM default CC0", "tags": {"electrified": "no", "gauge": "1435", "maxspeed": "40", "railway": "rail", "railway:etcs": "no", "railway:gnt": "no", "railway:lzb": "no", "railway:pzb": "no", "service": "spur", "start_date": "1866", "start_date:edtf": "1866/", "usage": "industrial"}}}, {"type": "Feature", "id": "ohm/way/200833469", "geometry": {"type": "LineString", "coordinates": [[14.3141789, 51.752270800000005], [14.314384, 51.75217310000001], [14.3145763, 51.75210820000001], [14.3147318, 51.752063299999996], [14.3148677, 51.75203119999999], [14.314997900000002, 51.7520041], [14.3151349, 51.75198279999999], [14.315300800000001, 51.7519649], [14.3154908, 51.75195639999998], [14.3156981, 51.751953500000006], [14.3163334, 51.751984499999985], [14.3164253, 51.75198889999999], [14.3165646, 51.75199949999999], [14.3167538, 51.75202289999999]]}, "properties": {"source": "OpenHistoricalMap", "way_id": 200833469, "source_url": "https://www.openhistoricalmap.org/way/200833469", "name": null, "name_status": "unrecorded", "status": "historical_record; present-day removal unconfirmed", "railway": "rail", "length_km": 0.18658, "original_way_length_km": 0.18658, "start_date": "1866", "end_date": null, "license": "https://opendatacommons.org/licenses/odbl/1-0/", "source_license": "https://creativecommons.org/publicdomain/zero/1.0/", "source_license_basis": "OHM default CC0", "tags": {"electrified": "no", "gauge": "1435", "maxspeed": "40", "railway": "rail", "railway:etcs": "no", "railway:gnt": "no", "railway:lzb": "no", "railway:pzb": "no", "service": "spur", "start_date": "1866", "start_date:edtf": "1866/", "usage": "industrial"}}}, {"type": "Feature", "id": "ohm/way/200970175", "geometry": {"type": "LineString", "coordinates": [[14.72168273997723, 52.02422377267669], [14.687690400000001, 51.9929144], [14.689407, 51.98424599999999], [14.6998141, 51.9724472], [14.700283999999998, 51.971985], [14.7006085, 51.971659399999986], [14.700982000000002, 51.97128039999999], [14.701325300000002, 51.970913599999996], [14.701696100000001, 51.9704916], [14.7019572, 51.97018090000001], [14.702246800000001, 51.9698085], [14.7025543, 51.969395899999995], [14.7027768, 51.9690692], [14.7030567, 51.96862279999999], [14.7033038, 51.9682022], [14.703503000000001, 51.967864], [14.703684399999998, 51.96753599999999], [14.7040555, 51.9668095]]}, "properties": {"source": "OpenHistoricalMap", "way_id": 200970175, "source_url": "https://www.openhistoricalmap.org/way/200970175", "name": "Kolej Dolnośląsko Marchijska", "name_status": "recorded", "status": "historical_record; present-day removal unconfirmed", "railway": "rail", "length_km": 7.354493, "original_way_length_km": 47.675996, "start_date": "1846-09-01", "end_date": null, "license": "https://opendatacommons.org/licenses/odbl/1-0/", "source_license": "https://creativecommons.org/publicdomain/zero/1.0/", "source_license_basis": "OHM default CC0", "tags": {"gauge": "1435", "name": "Kolej Dolnośląsko Marchijska", "railway": "rail", "start_date": "1846-09-01", "usage": "main"}}}, {"type": "Feature", "id": "ohm/way/200971176", "geometry": {"type": "LineString", "coordinates": [[15.05531880660394, 51.98557262504172], [15.0551924, 51.9857345], [15.054403, 51.986320499999984]]}, "properties": {"source": "OpenHistoricalMap", "way_id": 200971176, "source_url": "https://www.openhistoricalmap.org/way/200971176", "name": null, "name_status": "unrecorded", "status": "historical_record; present-day removal unconfirmed", "railway": "rail", "length_km": 0.104804, "original_way_length_km": 5.812854, "start_date": "1913-11-01", "end_date": "1995-04-17", "license": "https://opendatacommons.org/licenses/odbl/1-0/", "source_license": "https://creativecommons.org/publicdomain/zero/1.0/", "source_license_basis": "OHM default CC0", "tags": {"end_date": "1995-04-17", "gauge": "1435", "railway": "rail", "start_date": "1913-11-01", "usage": "branch"}}}, {"type": "Feature", "id": "ohm/way/200971181", "geometry": {"type": "LineString", "coordinates": [[15.0524456, 51.9873861], [15.0492739, 51.98890099999999], [15.047652500000002, 51.98966039999999], [15.0452069, 51.9908098], [15.0429928, 51.991652999999985], [15.041214800000002, 51.9922151], [15.038776, 51.992835899999996], [15.0346272, 51.9938511], [15.033593500000002, 51.9941751], [15.0324256, 51.99464119999999], [15.031560399999998, 51.99522049999999], [15.030738599999998, 51.9959463], [15.030316799999998, 51.996678700000004], [15.0300465, 51.9975642], [15.0299383, 51.998316599999995], [15.029722100000003, 52.00065349999999], [15.0297653, 52.0033031], [15.0298951, 52.004588], [15.0305439, 52.006931200000004], [15.031549599999998, 52.010093], [15.0325661, 52.0138137], [15.0339828, 52.0186322], [15.035583300000003, 52.02417549999999], [15.0360807, 52.025665999999994], [15.0366863, 52.0267439], [15.037562199999998, 52.02770199999999], [15.038481399999998, 52.0284805], [15.0398764, 52.0292723], [15.041152500000003, 52.0298378], [15.0423808, 52.0302783], [15.042843100000002, 52.030405399999985], [15.0432488, 52.03049209999999], [15.0442852, 52.03072079999998], [15.0519347, 52.03239799999999], [15.0524953, 52.0325151], [15.0529244, 52.03262240000001], [15.0533348, 52.0327313], [15.0538361, 52.032900999999995]]}, "properties": {"source": "OpenHistoricalMap", "way_id": 200971181, "source_url": "https://www.openhistoricalmap.org/way/200971181", "name": null, "name_status": "unrecorded", "status": "historical_record; present-day removal unconfirmed", "railway": "rail", "length_km": 6.675481, "original_way_length_km": 6.675481, "start_date": "1913-11-01", "end_date": "1995-04-17", "license": "https://opendatacommons.org/licenses/odbl/1-0/", "source_license": "https://creativecommons.org/publicdomain/zero/1.0/", "source_license_basis": "OHM default CC0", "tags": {"end_date": "1995-04-17", "gauge": "1435", "railway": "rail", "start_date": "1913-11-01", "usage": "branch"}}}, {"type": "Feature", "id": "ohm/way/200971182", "geometry": {"type": "LineString", "coordinates": [[15.054403, 51.986320499999984], [15.053570299999999, 51.986786699999996], [15.0524456, 51.9873861]]}, "properties": {"source": "OpenHistoricalMap", "way_id": 200971182, "source_url": "https://www.openhistoricalmap.org/way/200971182", "name": null, "name_status": "unrecorded", "status": "historical_record; present-day removal unconfirmed", "railway": "rail", "length_km": 0.17929, "original_way_length_km": 0.17929, "start_date": "1913-11-01", "end_date": "1995-04-17", "license": "https://opendatacommons.org/licenses/odbl/1-0/", "source_license": "https://creativecommons.org/publicdomain/zero/1.0/", "source_license_basis": "OHM default CC0", "tags": {"bridge": "yes", "end_date": "1995-04-17", "gauge": "1435", "layer": "1", "railway": "rail", "start_date": "1913-11-01", "usage": "branch"}}}, {"type": "Feature", "id": "ohm/way/201132374", "geometry": {"type": "LineString", "coordinates": [[12.3224826, 51.3300351], [12.3225, 51.33027560000001]]}, "properties": {"source": "OpenHistoricalMap", "way_id": 201132374, "source_url": "https://www.openhistoricalmap.org/way/201132374", "name": null, "name_status": "unrecorded", "status": "historical_record; present-day removal unconfirmed", "railway": "rail", "length_km": 0.026784, "original_way_length_km": 0.026784, "start_date": "1873", "end_date": null, "license": "https://opendatacommons.org/licenses/odbl/1-0/", "source_license": "https://creativecommons.org/publicdomain/zero/1.0/", "source_license_basis": "OHM default CC0", "tags": {"bridge": "yes", "layer": "1", "note": "Gleis im Stand 1885; vermutlich schon beim nächten Umbau stark geändert", "railway": "rail", "start_date": "1873"}}}, {"type": "Feature", "id": "ohm/way/201132375", "geometry": {"type": "LineString", "coordinates": [[12.3222399, 51.32888410000001], [12.3223957, 51.3294849], [12.3224826, 51.3300351]]}, "properties": {"source": "OpenHistoricalMap", "way_id": 201132375, "source_url": "https://www.openhistoricalmap.org/way/201132375", "name": null, "name_status": "unrecorded", "status": "historical_record; present-day removal unconfirmed", "railway": "rail", "length_km": 0.129229, "original_way_length_km": 0.129229, "start_date": "1873", "end_date": null, "license": "https://opendatacommons.org/licenses/odbl/1-0/", "source_license": "https://creativecommons.org/publicdomain/zero/1.0/", "source_license_basis": "OHM default CC0", "tags": {"note": "Gleis im Stand 1885; vermutlich schon beim nächten Umbau stark geändert", "railway": "rail", "start_date": "1873", "usage": "main"}}}, {"type": "Feature", "id": "ohm/way/201132390", "geometry": {"type": "LineString", "coordinates": [[12.323539360125455, 51.32640223410263], [12.323545400000002, 51.3264175]]}, "properties": {"source": "OpenHistoricalMap", "way_id": 201132390, "source_url": "https://www.openhistoricalmap.org/way/201132390", "name": null, "name_status": "unrecorded", "status": "historical_record; present-day removal unconfirmed", "railway": "rail", "length_km": 0.00175, "original_way_length_km": 0.57383, "start_date": "1879", "end_date": "1895", "license": "https://opendatacommons.org/licenses/odbl/1-0/", "source_license": "https://creativecommons.org/publicdomain/zero/1.0/", "source_license_basis": "OHM default CC0", "tags": {"end_date": "1895", "gauge": "1435", "railway": "rail", "railway:track_ref": "IX", "start_date": "1879", "usage": "industrial"}}}, {"type": "Feature", "id": "ohm/way/201132413", "geometry": {"type": "LineString", "coordinates": [[12.32298697324454, 51.32699980098255], [12.3230253, 51.32706799999998], [12.323105900000002, 51.3271821], [12.3232343, 51.3273604]]}, "properties": {"source": "OpenHistoricalMap", "way_id": 201132413, "source_url": "https://www.openhistoricalmap.org/way/201132413", "name": null, "name_status": "unrecorded", "status": "historical_record; present-day removal unconfirmed", "railway": "rail", "length_km": 0.043688, "original_way_length_km": 0.328399, "start_date": "1879", "end_date": "2004", "license": "https://opendatacommons.org/licenses/odbl/1-0/", "source_license": "https://creativecommons.org/publicdomain/zero/1.0/", "source_license_basis": "OHM default CC0", "tags": {"end_date": "2004", "gauge": "1435", "railway": "rail", "railway:track_ref": "1", "start_date": "1879"}}}, {"type": "Feature", "id": "ohm/way/201132418", "geometry": {"type": "LineString", "coordinates": [[12.322031791201049, 51.328082017600785], [12.3221962, 51.32871560000001]]}, "properties": {"source": "OpenHistoricalMap", "way_id": 201132418, "source_url": "https://www.openhistoricalmap.org/way/201132418", "name": null, "name_status": "unrecorded", "status": "historical_record; present-day removal unconfirmed", "railway": "rail", "length_km": 0.071414, "original_way_length_km": 7.398423, "start_date": "1873-10-20", "end_date": null, "license": "https://opendatacommons.org/licenses/odbl/1-0/", "source_license": "https://creativecommons.org/publicdomain/zero/1.0/", "source_license_basis": "OHM default CC0", "tags": {"gauge": "1435", "note": "start_date und end_date geschätzt", "railway": "rail", "start_date": "1873-10-20", "usage": "main"}}}, {"type": "Feature", "id": "ohm/way/201132419", "geometry": {"type": "LineString", "coordinates": [[12.3221962, 51.32871560000001], [12.3222399, 51.32888410000001]]}, "properties": {"source": "OpenHistoricalMap", "way_id": 201132419, "source_url": "https://www.openhistoricalmap.org/way/201132419", "name": null, "name_status": "unrecorded", "status": "historical_record; present-day removal unconfirmed", "railway": "rail", "length_km": 0.018992, "original_way_length_km": 0.018992, "start_date": "1873", "end_date": null, "license": "https://opendatacommons.org/licenses/odbl/1-0/", "source_license": "https://creativecommons.org/publicdomain/zero/1.0/", "source_license_basis": "OHM default CC0", "tags": {"note": "Gleis im Stand 1885; vermutlich schon beim nächten Umbau stark geändert", "railway": "rail", "start_date": "1873", "usage": "main"}}}, {"type": "Feature", "id": "ohm/way/201132420", "geometry": {"type": "LineString", "coordinates": [[12.3223116, 51.3288765], [12.322268200000002, 51.32870799999999]]}, "properties": {"source": "OpenHistoricalMap", "way_id": 201132420, "source_url": "https://www.openhistoricalmap.org/way/201132420", "name": null, "name_status": "unrecorded", "status": "historical_record; present-day removal unconfirmed", "railway": "rail", "length_km": 0.018989, "original_way_length_km": 0.018989, "start_date": "1873-10-20", "end_date": null, "license": "https://opendatacommons.org/licenses/odbl/1-0/", "source_license": "https://creativecommons.org/publicdomain/zero/1.0/", "source_license_basis": "OHM default CC0", "tags": {"bridge": "yes", "gauge": "1435", "layer": "1", "note": "start_date und end_date geschätzt", "railway": "rail", "start_date": "1873-10-20"}}}, {"type": "Feature", "id": "ohm/way/201132421", "geometry": {"type": "LineString", "coordinates": [[12.3223957, 51.3294849], [12.3223853, 51.32922870000001], [12.3223116, 51.3288765]]}, "properties": {"source": "OpenHistoricalMap", "way_id": 201132421, "source_url": "https://www.openhistoricalmap.org/way/201132421", "name": null, "name_status": "unrecorded", "status": "historical_record; present-day removal unconfirmed", "railway": "rail", "length_km": 0.068032, "original_way_length_km": 0.068032, "start_date": "1873-10-20", "end_date": null, "license": "https://opendatacommons.org/licenses/odbl/1-0/", "source_license": "https://creativecommons.org/publicdomain/zero/1.0/", "source_license_basis": "OHM default CC0", "tags": {"gauge": "1435", "note": "start_date und end_date geschätzt", "railway": "rail", "start_date": "1873-10-20"}}}, {"type": "Feature", "id": "ohm/way/201132422", "geometry": {"type": "LineString", "coordinates": [[12.325637500000001, 51.3300188], [12.325906900000001, 51.3301459], [12.326079000000002, 51.3302149], [12.3262696, 51.33027729999999], [12.326884800000002, 51.330442700000006]]}, "properties": {"source": "OpenHistoricalMap", "way_id": 201132422, "source_url": "https://www.openhistoricalmap.org/way/201132422", "name": null, "name_status": "unrecorded", "status": "historical_record; present-day removal unconfirmed", "railway": "rail", "length_km": 0.099396, "original_way_length_km": 0.099396, "start_date": "1879", "end_date": "1995", "license": "https://opendatacommons.org/licenses/odbl/1-0/", "source_license": "https://creativecommons.org/publicdomain/zero/1.0/", "source_license_basis": "OHM default CC0", "tags": {"end_date": "1995", "gauge": "1435", "note": "end-date geschätzt; start_date dieses Gleis-Abschnittes erst nach 1894", "railway": "rail", "start_date": "1879", "start_date:edtf": "1879/", "usage": "industrial"}}}, {"type": "Feature", "id": "ohm/way/201132428", "geometry": {"type": "LineString", "coordinates": [[12.323086950582008, 51.32688965462222], [12.323111100000002, 51.32693799999999]]}, "properties": {"source": "OpenHistoricalMap", "way_id": 201132428, "source_url": "https://www.openhistoricalmap.org/way/201132428", "name": null, "name_status": "unrecorded", "status": "historical_record; present-day removal unconfirmed", "railway": "rail", "length_km": 0.005636, "original_way_length_km": 0.072528, "start_date": "1879", "end_date": "2004", "license": "https://opendatacommons.org/licenses/odbl/1-0/", "source_license": "https://creativecommons.org/publicdomain/zero/1.0/", "source_license_basis": "OHM default CC0", "tags": {"end_date": "2004", "gauge": "1435", "railway": "rail", "railway:track_ref": "12", "start_date": "1879", "usage": "industrial"}}}, {"type": "Feature", "id": "ohm/way/201132433", "geometry": {"type": "LineString", "coordinates": [[12.3235005, 51.327148699999995], [12.3237009, 51.3272202], [12.323903800000002, 51.32727939999998], [12.3252625, 51.3276498]]}, "properties": {"source": "OpenHistoricalMap", "way_id": 201132433, "source_url": "https://www.openhistoricalmap.org/way/201132433", "name": null, "name_status": "unrecorded", "status": "historical_record; present-day removal unconfirmed", "railway": "rail", "length_km": 0.134958, "original_way_length_km": 0.134958, "start_date": "1886", "end_date": "1995", "license": "https://opendatacommons.org/licenses/odbl/1-0/", "source_license": "https://creativecommons.org/publicdomain/zero/1.0/", "source_license_basis": "OHM default CC0", "tags": {"end_date": "1995", "gauge": "1435", "note": "start_date und end_date geschätzt, 1895 vorhanden", "railway": "rail", "service": "spur", "start_date": "1886", "usage": "industrial"}}}, {"type": "Feature", "id": "ohm/way/201132434", "geometry": {"type": "LineString", "coordinates": [[12.324593, 51.32741479999999], [12.324978900000001, 51.32755749999999], [12.3252625, 51.3276498]]}, "properties": {"source": "OpenHistoricalMap", "way_id": 201132434, "source_url": "https://www.openhistoricalmap.org/way/201132434", "name": null, "name_status": "unrecorded", "status": "historical_record; present-day removal unconfirmed", "railway": "rail", "length_km": 0.05351, "original_way_length_km": 0.05351, "start_date": "1886", "end_date": "1995", "license": "https://opendatacommons.org/licenses/odbl/1-0/", "source_license": "https://creativecommons.org/publicdomain/zero/1.0/", "source_license_basis": "OHM default CC0", "tags": {"end_date": "1995", "gauge": "1435", "note": "start_date und end_date geschätzt, 1895 vorhanden", "railway": "rail", "ref": "PVa", "start_date": "1886", "usage": "industrial"}}}, {"type": "Feature", "id": "ohm/way/201132435", "geometry": {"type": "LineString", "coordinates": [[12.324593, 51.32741479999999], [12.3248737, 51.32750599999999], [12.324940500000002, 51.3275238], [12.3252816, 51.32761529999999]]}, "properties": {"source": "OpenHistoricalMap", "way_id": 201132435, "source_url": "https://www.openhistoricalmap.org/way/201132435", "name": null, "name_status": "unrecorded", "status": "historical_record; present-day removal unconfirmed", "railway": "rail", "length_km": 0.052963, "original_way_length_km": 0.052963, "start_date": "1879", "end_date": "1995", "license": "https://opendatacommons.org/licenses/odbl/1-0/", "source_license": "https://creativecommons.org/publicdomain/zero/1.0/", "source_license_basis": "OHM default CC0", "tags": {"end_date": "1995", "gauge": "1435", "railway": "rail", "start_date": "1879", "start_date:edtf": "1879/", "usage": "industrial"}}}, {"type": "Feature", "id": "ohm/way/201132440", "geometry": {"type": "LineString", "coordinates": [[12.323298818348006, 51.32665623500936], [12.3233023, 51.32665990000001], [12.323441799999998, 51.326789100000006], [12.3235743, 51.326895199999996], [12.323730000000001, 51.3270012], [12.323916, 51.32711450000001], [12.3240926, 51.3272053], [12.3242397, 51.3272732], [12.3244035, 51.32734399999999], [12.324593, 51.32741479999999]]}, "properties": {"source": "OpenHistoricalMap", "way_id": 201132440, "source_url": "https://www.openhistoricalmap.org/way/201132440", "name": null, "name_status": "unrecorded", "status": "historical_record; present-day removal unconfirmed", "railway": "rail", "length_km": 0.124835, "original_way_length_km": 0.170894, "start_date": "1879", "end_date": "1906", "license": "https://opendatacommons.org/licenses/odbl/1-0/", "source_license": "https://creativecommons.org/publicdomain/zero/1.0/", "source_license_basis": "OHM default CC0", "tags": {"end_date": "1906", "gauge": "1435", "railway": "rail", "start_date": "1879", "usage": "industrial"}}}, {"type": "Feature", "id": "ohm/way/201132449", "geometry": {"type": "LineString", "coordinates": [[12.3252816, 51.32761529999999], [12.3249481, 51.327511799999996], [12.3247859, 51.327454100000004], [12.3246244, 51.3273898], [12.3244157, 51.32729170000002], [12.3242588, 51.327206000000004], [12.324095, 51.327098500000005], [12.323946200000002, 51.3269809], [12.3238009, 51.3268291], [12.3237149, 51.32672159999999], [12.3236289, 51.326590100000004], [12.323545400000002, 51.3264175]]}, "properties": {"source": "OpenHistoricalMap", "way_id": 201132449, "source_url": "https://www.openhistoricalmap.org/way/201132449", "name": null, "name_status": "unrecorded", "status": "historical_record; present-day removal unconfirmed", "railway": "rail", "length_km": 0.187152, "original_way_length_km": 0.187152, "start_date": "1879", "end_date": "1895", "license": "https://opendatacommons.org/licenses/odbl/1-0/", "source_license": "https://creativecommons.org/publicdomain/zero/1.0/", "source_license_basis": "OHM default CC0", "tags": {"end_date": "1895", "gauge": "1435", "railway": "rail", "ref": "PVI", "start_date": "1879", "usage": "industrial"}}}, {"type": "Feature", "id": "ohm/way/201132453", "geometry": {"type": "LineString", "coordinates": [[12.3221731, 51.32833920000001], [12.322045700414177, 51.32806577966585]]}, "properties": {"source": "OpenHistoricalMap", "way_id": 201132453, "source_url": "https://www.openhistoricalmap.org/way/201132453", "name": null, "name_status": "unrecorded", "status": "historical_record; present-day removal unconfirmed", "railway": "rail", "length_km": 0.031689, "original_way_length_km": 0.775105, "start_date": "1873-10-20", "end_date": null, "license": "https://opendatacommons.org/licenses/odbl/1-0/", "source_license": "https://creativecommons.org/publicdomain/zero/1.0/", "source_license_basis": "OHM default CC0", "tags": {"gauge": "1435", "note": "start_date und end_date geschätzt", "railway": "rail", "start_date": "1873-10-20"}}}, {"type": "Feature", "id": "ohm/way/201132454", "geometry": {"type": "LineString", "coordinates": [[12.322268200000002, 51.32870799999999], [12.3221731, 51.32833920000001], [12.322089413383448, 51.32801474805345]]}, "properties": {"source": "OpenHistoricalMap", "way_id": 201132454, "source_url": "https://www.openhistoricalmap.org/way/201132454", "name": null, "name_status": "unrecorded", "status": "historical_record; present-day removal unconfirmed", "railway": "rail", "length_km": 0.078128, "original_way_length_km": 0.865716, "start_date": "1873-10-20", "end_date": null, "license": "https://opendatacommons.org/licenses/odbl/1-0/", "source_license": "https://creativecommons.org/publicdomain/zero/1.0/", "source_license_basis": "OHM default CC0", "tags": {"gauge": "1435", "note": "start_date und end_date geschätzt", "railway": "rail", "start_date": "1873-10-20"}}}, {"type": "Feature", "id": "ohm/way/201132466", "geometry": {"type": "LineString", "coordinates": [[12.326248092121123, 51.323747787167115], [12.329865400000001, 51.323323299999984]]}, "properties": {"source": "OpenHistoricalMap", "way_id": 201132466, "source_url": "https://www.openhistoricalmap.org/way/201132466", "name": null, "name_status": "unrecorded", "status": "historical_record; present-day removal unconfirmed", "railway": "rail", "length_km": 0.256541, "original_way_length_km": 0.580097, "start_date": "1879", "end_date": "1995", "license": "https://opendatacommons.org/licenses/odbl/1-0/", "source_license": "https://creativecommons.org/publicdomain/zero/1.0/", "source_license_basis": "OHM default CC0", "tags": {"end_date": "1995", "gauge": "1435", "railway": "rail", "ref": "PXIV", "start_date": "1879", "start_date:edtf": "1879/", "usage": "industrial"}}}, {"type": "Feature", "id": "ohm/way/201132468", "geometry": {"type": "LineString", "coordinates": [[12.323027048663379, 51.32695564943707], [12.3230702, 51.3270616], [12.3231291, 51.3271795], [12.3232343, 51.3273604]]}, "properties": {"source": "OpenHistoricalMap", "way_id": 201132468, "source_url": "https://www.openhistoricalmap.org/way/201132468", "name": null, "name_status": "unrecorded", "status": "historical_record; present-day removal unconfirmed", "railway": "rail", "length_km": 0.04733, "original_way_length_km": 0.78342, "start_date": "1879", "end_date": "2004", "license": "https://opendatacommons.org/licenses/odbl/1-0/", "source_license": "https://creativecommons.org/publicdomain/zero/1.0/", "source_license_basis": "OHM default CC0", "tags": {"end_date": "2004", "gauge": "1435", "railway": "rail", "railway:track_ref": "II", "start_date": "1879", "usage": "industrial"}}}, {"type": "Feature", "id": "ohm/way/201132469", "geometry": {"type": "LineString", "coordinates": [[12.323538242737262, 51.32640339775974], [12.323545400000002, 51.3264175]]}, "properties": {"source": "OpenHistoricalMap", "way_id": 201132469, "source_url": "https://www.openhistoricalmap.org/way/201132469", "name": null, "name_status": "unrecorded", "status": "historical_record; present-day removal unconfirmed", "railway": "rail", "length_km": 0.001646, "original_way_length_km": 0.629893, "start_date": "1879", "end_date": "1895", "license": "https://opendatacommons.org/licenses/odbl/1-0/", "source_license": "https://creativecommons.org/publicdomain/zero/1.0/", "source_license_basis": "OHM default CC0", "tags": {"end_date": "1895", "gauge": "1435", "railway": "rail", "railway:track_ref": "VIII", "start_date": "1879", "usage": "industrial"}}}, {"type": "Feature", "id": "ohm/way/201132473", "geometry": {"type": "LineString", "coordinates": [[12.324167962604287, 51.3257475910698], [12.3242703, 51.32580490000001], [12.324411000000001, 51.325870099999996], [12.3245113, 51.32591049999999], [12.3246273, 51.325953199999994], [12.3247379, 51.32598939999999], [12.3248607, 51.3260256], [12.3249657, 51.326055099999984], [12.325108300000002, 51.3260841], [12.325224600000002, 51.326107900000004], [12.325360300000002, 51.3261307], [12.325485800000001, 51.326146599999994], [12.325701700000002, 51.326163999999984], [12.3258017, 51.32616809999999], [12.3259089, 51.326169400000005], [12.325991700000001, 51.32616879999999], [12.3260951, 51.3261646], [12.3262013, 51.3261597], [12.326327, 51.3261482], [12.3265109, 51.3261281], [12.3294151, 51.32580359999999]]}, "properties": {"source": "OpenHistoricalMap", "way_id": 201132473, "source_url": "https://www.openhistoricalmap.org/way/201132473", "name": null, "name_status": "unrecorded", "status": "historical_record; present-day removal unconfirmed", "railway": "rail", "length_km": 0.380878, "original_way_length_km": 0.502836, "start_date": "1879", "end_date": "1995", "license": "https://opendatacommons.org/licenses/odbl/1-0/", "source_license": "https://creativecommons.org/publicdomain/zero/1.0/", "source_license_basis": "OHM default CC0", "tags": {"end_date": "1995", "gauge": "1435", "railway": "rail", "ref": "PXII", "start_date": "1879", "start_date:edtf": "1879/", "usage": "industrial"}}}, {"type": "Feature", "id": "ohm/way/201132474", "geometry": {"type": "LineString", "coordinates": [[12.3269602, 51.32603139999999], [12.326846500000002, 51.32605159999999], [12.326773500000002, 51.326066100000006], [12.326567800000001, 51.3261049], [12.3264423, 51.326127699999994], [12.326327, 51.3261443], [12.3262013, 51.3261597]]}, "properties": {"source": "OpenHistoricalMap", "way_id": 201132474, "source_url": "https://www.openhistoricalmap.org/way/201132474", "name": null, "name_status": "unrecorded", "status": "historical_record; present-day removal unconfirmed", "railway": "rail", "length_km": 0.054832, "original_way_length_km": 0.054832, "start_date": "1879", "end_date": "1995", "license": "https://opendatacommons.org/licenses/odbl/1-0/", "source_license": "https://creativecommons.org/publicdomain/zero/1.0/", "source_license_basis": "OHM default CC0", "tags": {"end_date": "1995", "gauge": "1435", "note": "end-date geschätzt", "railway": "rail", "service": "spur", "start_date": "1879", "start_date:edtf": "1879/", "usage": "industrial"}}}, {"type": "Feature", "id": "ohm/way/201132475", "geometry": {"type": "LineString", "coordinates": [[12.3260936, 51.3261208], [12.3262089, 51.3261122], [12.326339400000002, 51.3260985], [12.3269602, 51.32603139999999], [12.3293961, 51.325768]]}, "properties": {"source": "OpenHistoricalMap", "way_id": 201132475, "source_url": "https://www.openhistoricalmap.org/way/201132475", "name": null, "name_status": "unrecorded", "status": "historical_record; present-day removal unconfirmed", "railway": "rail", "length_km": 0.233533, "original_way_length_km": 0.233533, "start_date": "1879", "end_date": "1995", "license": "https://opendatacommons.org/licenses/odbl/1-0/", "source_license": "https://creativecommons.org/publicdomain/zero/1.0/", "source_license_basis": "OHM default CC0", "tags": {"end_date": "1995", "gauge": "1435", "note": "end-date geschätzt", "railway": "rail", "service": "spur", "start_date": "1879", "start_date:edtf": "1879/", "usage": "industrial"}}}, {"type": "Feature", "id": "ohm/way/201132476", "geometry": {"type": "LineString", "coordinates": [[12.324997821509573, 51.32492410710546], [12.325123200000002, 51.324940999999995], [12.3253318, 51.32496009999999], [12.3255522, 51.3249693], [12.325806, 51.324964699999995], [12.3260672, 51.3249419], [12.3262073, 51.3249282], [12.3323571, 51.3241997]]}, "properties": {"source": "OpenHistoricalMap", "way_id": 201132476, "source_url": "https://www.openhistoricalmap.org/way/201132476", "name": null, "name_status": "unrecorded", "status": "historical_record; present-day removal unconfirmed", "railway": "rail", "length_km": 0.521275, "original_way_length_km": 0.729213, "start_date": "1879", "end_date": "1995", "license": "https://opendatacommons.org/licenses/odbl/1-0/", "source_license": "https://creativecommons.org/publicdomain/zero/1.0/", "source_license_basis": "OHM default CC0", "tags": {"end_date": "1995", "gauge": "1435", "railway": "rail", "ref": "PXIII", "start_date": "1879", "start_date:edtf": "1879/", "usage": "industrial"}}}, {"type": "Feature", "id": "ohm/way/201132477", "geometry": {"type": "LineString", "coordinates": [[12.334822400000002, 51.3270701], [12.3340456, 51.327129000000006], [12.3321869, 51.3272964], [12.3302953, 51.3274668], [12.329958200000002, 51.327496599999996], [12.3283031, 51.3276431], [12.3271776, 51.3277366], [12.3266173, 51.3277828], [12.3263661, 51.327809699999996]]}, "properties": {"source": "OpenHistoricalMap", "way_id": 201132477, "source_url": "https://www.openhistoricalmap.org/way/201132477", "name": null, "name_status": "unrecorded", "status": "historical_record; present-day removal unconfirmed", "railway": "rail", "length_km": 0.595163, "original_way_length_km": 0.595163, "start_date": "1886", "end_date": "1995", "license": "https://opendatacommons.org/licenses/odbl/1-0/", "source_license": "https://creativecommons.org/publicdomain/zero/1.0/", "source_license_basis": "OHM default CC0", "tags": {"abandoned:railway": "rail", "end_date": "1995", "gauge": "1435", "note": "start_date und end_date geschätzt, 1895 vorhanden", "railway": "rail", "service": "spur", "start_date": "1886", "usage": "industrial"}}}, {"type": "Feature", "id": "ohm/way/201132478", "geometry": {"type": "LineString", "coordinates": [[12.3263758, 51.327748199999995], [12.326527200000001, 51.32774959999999], [12.326678200000002, 51.327748199999995], [12.3268868, 51.327743], [12.3269729, 51.327740699999985], [12.3271776, 51.3277366]]}, "properties": {"source": "OpenHistoricalMap", "way_id": 201132478, "source_url": "https://www.openhistoricalmap.org/way/201132478", "name": null, "name_status": "unrecorded", "status": "historical_record; present-day removal unconfirmed", "railway": "rail", "length_km": 0.055914, "original_way_length_km": 0.055914, "start_date": "1886", "end_date": "1995", "license": "https://opendatacommons.org/licenses/odbl/1-0/", "source_license": "https://creativecommons.org/publicdomain/zero/1.0/", "source_license_basis": "OHM default CC0", "tags": {"abandoned:railway": "rail", "end_date": "1995", "gauge": "1435", "note": "start_date und end_date geschätzt, 1895 vorhanden", "railway": "rail", "service": "spur", "start_date": "1886", "usage": "industrial"}}}, {"type": "Feature", "id": "ohm/way/201132479", "geometry": {"type": "LineString", "coordinates": [[12.3253092, 51.32762259999999], [12.325578, 51.3276832], [12.325758200000001, 51.327712999999996], [12.3259271, 51.3277309], [12.3260453, 51.3277418], [12.326157700000001, 51.32774679999999], [12.3262569, 51.3277496], [12.3263758, 51.327748199999995], [12.3265261, 51.32774319999999], [12.326675600000002, 51.327732700000006], [12.327276400000002, 51.327690399999994], [12.328224600000002, 51.327607], [12.3294324, 51.3275033], [12.329745500000001, 51.32747609999999], [12.3307231, 51.327391099999986], [12.331333400000002, 51.3273361], [12.3331001, 51.327176699999995], [12.3348539, 51.3270246], [12.335081, 51.32700199999999], [12.335264700000002, 51.32697519999999], [12.3355054, 51.3269366], [12.3356275, 51.326913600000005], [12.3357562, 51.3268826], [12.335962600000002, 51.32681709999999]]}, "properties": {"source": "OpenHistoricalMap", "way_id": 201132479, "source_url": "https://www.openhistoricalmap.org/way/201132479", "name": null, "name_status": "unrecorded", "status": "historical_record; present-day removal unconfirmed", "railway": "rail", "length_km": 0.753812, "original_way_length_km": 0.753812, "start_date": "1886", "end_date": "1995", "license": "https://opendatacommons.org/licenses/odbl/1-0/", "source_license": "https://creativecommons.org/publicdomain/zero/1.0/", "source_license_basis": "OHM default CC0", "tags": {"end_date": "1995", "gauge": "1435", "note": "start und ende geschätzt", "railway": "rail", "ref": "PVI", "start_date": "1886", "usage": "industrial"}}}, {"type": "Feature", "id": "ohm/way/201132480", "geometry": {"type": "LineString", "coordinates": [[12.3281634, 51.3284091], [12.328461300000003, 51.328468099999995], [12.3287281, 51.32851459999999], [12.3289306, 51.328542299999995], [12.329160600000002, 51.32856699999999], [12.329334300000001, 51.32858079999999], [12.329571700000002, 51.32859129999999], [12.329742000000001, 51.32859549999999], [12.3299646, 51.328593399999995], [12.330173200000003, 51.3285833], [12.330401200000003, 51.32856569999999], [12.331376800000001, 51.3284798], [12.3320219, 51.328427899999994], [12.3325798, 51.3283876], [12.333414, 51.32833649999999], [12.3345351, 51.32826610000001], [12.334737, 51.32825149999999], [12.3349857, 51.32822629999999], [12.335652300000001, 51.32813459999999], [12.335948, 51.3280721], [12.3361825, 51.328009599999994], [12.336282600000002, 51.327979799999994], [12.336802900000002, 51.327801]]}, "properties": {"source": "OpenHistoricalMap", "way_id": 201132480, "source_url": "https://www.openhistoricalmap.org/way/201132480", "name": null, "name_status": "unrecorded", "status": "historical_record; present-day removal unconfirmed", "railway": "rail", "length_km": 0.616574, "original_way_length_km": 0.616574, "start_date": "1879", "end_date": "1995", "license": "https://opendatacommons.org/licenses/odbl/1-0/", "source_license": "https://creativecommons.org/publicdomain/zero/1.0/", "source_license_basis": "OHM default CC0", "tags": {"end_date": "1995", "gauge": "1435", "railway": "rail", "ref": "PVIII", "start_date": "1879", "start_date:edtf": "1879/", "usage": "industrial"}}}, {"type": "Feature", "id": "ohm/way/201132481", "geometry": {"type": "LineString", "coordinates": [[12.3252625, 51.3276498], [12.3256689, 51.3277573], [12.3260351, 51.32785489999999], [12.3262831, 51.32791869999999], [12.3265122, 51.3279807], [12.326739800000002, 51.3280472], [12.3269645, 51.3281247], [12.327114800000002, 51.32818489999998], [12.327298600000002, 51.32826789999999], [12.3274282, 51.32833889999999], [12.327523900000001, 51.3283844], [12.3276277, 51.32842949999999], [12.327727300000001, 51.32846579999999], [12.327817800000002, 51.32849439999998], [12.327995600000001, 51.3285467]]}, "properties": {"source": "OpenHistoricalMap", "way_id": 201132481, "source_url": "https://www.openhistoricalmap.org/way/201132481", "name": null, "name_status": "unrecorded", "status": "historical_record; present-day removal unconfirmed", "railway": "rail", "length_km": 0.216142, "original_way_length_km": 0.216142, "start_date": "1886", "end_date": "1995", "license": "https://opendatacommons.org/licenses/odbl/1-0/", "source_license": "https://creativecommons.org/publicdomain/zero/1.0/", "source_license_basis": "OHM default CC0", "tags": {"end_date": "1995", "gauge": "1435", "note": "start_date und end_date geschätzt, 1895 vorhanden", "railway": "rail", "ref": "PVa", "start_date": "1886", "usage": "industrial"}}}, {"type": "Feature", "id": "ohm/way/201132482", "geometry": {"type": "LineString", "coordinates": [[12.3265539, 51.3287656], [12.326491800000001, 51.3287633], [12.3264308, 51.32876120000001]]}, "properties": {"source": "OpenHistoricalMap", "way_id": 201132482, "source_url": "https://www.openhistoricalmap.org/way/201132482", "name": null, "name_status": "unrecorded", "status": "historical_record; present-day removal unconfirmed", "railway": "rail", "length_km": 0.008594, "original_way_length_km": 0.008594, "start_date": "1874", "end_date": "1995", "license": "https://opendatacommons.org/licenses/odbl/1-0/", "source_license": "https://creativecommons.org/publicdomain/zero/1.0/", "source_license_basis": "OHM default CC0", "tags": {"end_date": "1995", "gauge": "1435", "note": "end-date geschätzt", "railway": "rail", "service": "spur", "start_date": "1874", "start_date:edtf": "1874/", "usage": "industrial"}}}, {"type": "Feature", "id": "ohm/way/201132483", "geometry": {"type": "LineString", "coordinates": [[12.3263744, 51.32908929999999], [12.3262739, 51.3290627], [12.3262365, 51.32905279999999]]}, "properties": {"source": "OpenHistoricalMap", "way_id": 201132483, "source_url": "https://www.openhistoricalmap.org/way/201132483", "name": null, "name_status": "unrecorded", "status": "historical_record; present-day removal unconfirmed", "railway": "rail", "length_km": 0.010434, "original_way_length_km": 0.010434, "start_date": "1879", "end_date": "1995", "license": "https://opendatacommons.org/licenses/odbl/1-0/", "source_license": "https://creativecommons.org/publicdomain/zero/1.0/", "source_license_basis": "OHM default CC0", "tags": {"end_date": "1995", "gauge": "1435", "note": "end-date geschätzt", "railway": "rail", "service": "spur", "start_date": "1879", "start_date:edtf": "1879/", "usage": "industrial"}}}, {"type": "Feature", "id": "ohm/way/201132484", "geometry": {"type": "LineString", "coordinates": [[12.3264722, 51.328699099999994], [12.3264546, 51.32872559999999], [12.3264308, 51.32876120000001], [12.3264079, 51.3287956], [12.326393700000002, 51.32881689999999], [12.3263714, 51.3288503], [12.326349900000002, 51.3288827], [12.3262529, 51.3290281], [12.3262365, 51.32905279999999], [12.326221400000001, 51.32907540000001], [12.3261527, 51.3291786]]}, "properties": {"source": "OpenHistoricalMap", "way_id": 201132484, "source_url": "https://www.openhistoricalmap.org/way/201132484", "name": null, "name_status": "unrecorded", "status": "historical_record; present-day removal unconfirmed", "railway": "rail", "length_km": 0.057808, "original_way_length_km": 0.057808, "start_date": "1879", "end_date": "1995", "license": "https://opendatacommons.org/licenses/odbl/1-0/", "source_license": "https://creativecommons.org/publicdomain/zero/1.0/", "source_license_basis": "OHM default CC0", "tags": {"end_date": "1995", "gauge": "1435", "note": "end-date geschätzt", "railway": "rail", "service": "spur", "start_date": "1879", "start_date:edtf": "1879/", "usage": "industrial"}}}, {"type": "Feature", "id": "ohm/way/201132485", "geometry": {"type": "LineString", "coordinates": [[12.326884800000002, 51.330442700000006], [12.3278219, 51.330692799999994], [12.328095300000001, 51.33076479999998]]}, "properties": {"source": "OpenHistoricalMap", "way_id": 201132485, "source_url": "https://www.openhistoricalmap.org/way/201132485", "name": null, "name_status": "unrecorded", "status": "historical_record; present-day removal unconfirmed", "railway": "rail", "length_km": 0.091664, "original_way_length_km": 0.091664, "start_date": "1879", "end_date": "1995", "license": "https://opendatacommons.org/licenses/odbl/1-0/", "source_license": "https://creativecommons.org/publicdomain/zero/1.0/", "source_license_basis": "OHM default CC0", "tags": {"end_date": "1995", "gauge": "1435", "note": "end-date geschätzt", "railway": "rail", "start_date": "1879", "start_date:edtf": "1879/", "usage": "industrial"}}}, {"type": "Feature", "id": "ohm/way/201132486", "geometry": {"type": "LineString", "coordinates": [[12.3271326, 51.330462999999995], [12.3272587, 51.3305105], [12.3273798, 51.33054829999999], [12.3275381, 51.3306053], [12.3276541, 51.330643099999996], [12.3278219, 51.330692799999994]]}, "properties": {"source": "OpenHistoricalMap", "way_id": 201132486, "source_url": "https://www.openhistoricalmap.org/way/201132486", "name": null, "name_status": "unrecorded", "status": "historical_record; present-day removal unconfirmed", "railway": "rail", "length_km": 0.054461, "original_way_length_km": 0.054461, "start_date": "1879", "end_date": "1995", "license": "https://opendatacommons.org/licenses/odbl/1-0/", "source_license": "https://creativecommons.org/publicdomain/zero/1.0/", "source_license_basis": "OHM default CC0", "tags": {"end_date": "1995", "gauge": "1435", "note": "end-date geschätzt", "railway": "rail", "start_date": "1879", "start_date:edtf": "1879/", "usage": "industrial"}}}, {"type": "Feature", "id": "ohm/way/201132487", "geometry": {"type": "LineString", "coordinates": [[12.3267878, 51.33037059999999], [12.3269436, 51.3304079], [12.327112000000001, 51.33044159999999], [12.327563100000003, 51.3305218]]}, "properties": {"source": "OpenHistoricalMap", "way_id": 201132487, "source_url": "https://www.openhistoricalmap.org/way/201132487", "name": null, "name_status": "unrecorded", "status": "historical_record; present-day removal unconfirmed", "railway": "rail", "length_km": 0.056629, "original_way_length_km": 0.056629, "start_date": "1879", "end_date": "1995", "license": "https://opendatacommons.org/licenses/odbl/1-0/", "source_license": "https://creativecommons.org/publicdomain/zero/1.0/", "source_license_basis": "OHM default CC0", "tags": {"end_date": "1995", "gauge": "1435", "note": "end-date geschätzt", "railway": "rail", "start_date": "1879", "start_date:edtf": "1879/", "usage": "industrial"}}}, {"type": "Feature", "id": "ohm/way/201132488", "geometry": {"type": "LineString", "coordinates": [[12.3247029, 51.329401], [12.3248606, 51.3295408], [12.324977100000002, 51.3296361], [12.3250582, 51.3296914], [12.3252455, 51.329813599999994], [12.3253781, 51.329888399999994], [12.325518, 51.3299594], [12.325637500000001, 51.3300188], [12.3257874, 51.330077], [12.325960000000002, 51.33013819999999], [12.3261162, 51.3301893], [12.326324200000002, 51.3302512], [12.3267878, 51.33037059999999], [12.3271326, 51.330462999999995], [12.329185400000002, 51.3310123]]}, "properties": {"source": "OpenHistoricalMap", "way_id": 201132488, "source_url": "https://www.openhistoricalmap.org/way/201132488", "name": null, "name_status": "unrecorded", "status": "historical_record; present-day removal unconfirmed", "railway": "rail", "length_km": 0.366321, "original_way_length_km": 0.366321, "start_date": "1879", "end_date": "1995", "license": "https://opendatacommons.org/licenses/odbl/1-0/", "source_license": "https://creativecommons.org/publicdomain/zero/1.0/", "source_license_basis": "OHM default CC0", "tags": {"end_date": "1995", "gauge": "1435", "note": "end-date geschätzt", "railway": "rail", "ref": "PIII", "start_date": "1879", "start_date:edtf": "1879/", "usage": "industrial"}}}, {"type": "Feature", "id": "ohm/way/201132489", "geometry": {"type": "LineString", "coordinates": [[12.3253117, 51.3285638], [12.3263714, 51.3288503], [12.326424100000002, 51.32886429999999], [12.3264853, 51.328880399999996], [12.3277315, 51.329220499999984], [12.3277645, 51.32922949999999], [12.327797400000001, 51.3292385], [12.327906500000001, 51.32926859999999], [12.328018200000002, 51.3292972], [12.3281555, 51.3293295], [12.328329800000002, 51.32936389999999], [12.3285082, 51.32939160000001], [12.3287241, 51.32940920000001], [12.328883, 51.3294293], [12.329094300000001, 51.3294686]]}, "properties": {"source": "OpenHistoricalMap", "way_id": 201132489, "source_url": "https://www.openhistoricalmap.org/way/201132489", "name": null, "name_status": "unrecorded", "status": "historical_record; present-day removal unconfirmed", "railway": "rail", "length_km": 0.283143, "original_way_length_km": 0.283143, "start_date": "1879", "end_date": "1995", "license": "https://opendatacommons.org/licenses/odbl/1-0/", "source_license": "https://creativecommons.org/publicdomain/zero/1.0/", "source_license_basis": "OHM default CC0", "tags": {"end_date": "1995", "gauge": "1435", "note": "end-date geschätzt", "railway": "rail", "service": "spur", "start_date": "1879", "start_date:edtf": "1879/", "usage": "industrial"}}}, {"type": "Feature", "id": "ohm/way/201132490", "geometry": {"type": "LineString", "coordinates": [[12.3249089, 51.3297113], [12.324835600000002, 51.32961259999999], [12.3247866, 51.32955449999999], [12.3247395, 51.329505399999995], [12.3246524, 51.329422099999995], [12.324575300000001, 51.329349799999996], [12.32448, 51.3292467], [12.3243653, 51.3291016], [12.3243131, 51.32902990000001], [12.3242737, 51.328963699999996], [12.324145200000002, 51.32871839999999], [12.3240636, 51.3285609]]}, "properties": {"source": "OpenHistoricalMap", "way_id": 201132490, "source_url": "https://www.openhistoricalmap.org/way/201132490", "name": null, "name_status": "unrecorded", "status": "historical_record; present-day removal unconfirmed", "railway": "rail", "length_km": 0.14159, "original_way_length_km": 0.14159, "start_date": "1879", "end_date": "1995", "license": "https://opendatacommons.org/licenses/odbl/1-0/", "source_license": "https://creativecommons.org/publicdomain/zero/1.0/", "source_license_basis": "OHM default CC0", "tags": {"end_date": "1995", "gauge": "1435", "note": "end-date geschätzt", "railway": "rail", "railway:track_ref": "OPIII", "start_date": "1879", "start_date:edtf": "1879/", "usage": "industrial"}}}, {"type": "Feature", "id": "ohm/way/201132492", "geometry": {"type": "LineString", "coordinates": [[12.3232343, 51.3273604], [12.323257700000001, 51.327394899999994], [12.3240636, 51.3285609], [12.3244351, 51.32909089999999], [12.324480900000001, 51.329157299999984], [12.3245591, 51.3292527], [12.3246257, 51.3293262], [12.3247029, 51.329401], [12.3247923, 51.329499899999995], [12.3248371, 51.32954989999999], [12.324879200000002, 51.32960779999999], [12.3249262, 51.329676400000004], [12.324964900000001, 51.32974269999999], [12.325003600000002, 51.3298188], [12.3250379, 51.32990569999999], [12.325072100000002, 51.33000229999999], [12.3250933, 51.330097599999995], [12.3251079, 51.3301901], [12.325111500000002, 51.330298099999986], [12.3251064, 51.3303971], [12.325094, 51.3304818], [12.325067800000001, 51.33059309999999], [12.3250335, 51.3306851], [12.325017400000002, 51.3307202]]}, "properties": {"source": "OpenHistoricalMap", "way_id": 201132492, "source_url": "https://www.openhistoricalmap.org/way/201132492", "name": null, "name_status": "unrecorded", "status": "historical_record; present-day removal unconfirmed", "railway": "rail", "length_km": 0.401978, "original_way_length_km": 0.401978, "start_date": "1879", "end_date": "1995", "license": "https://opendatacommons.org/licenses/odbl/1-0/", "source_license": "https://creativecommons.org/publicdomain/zero/1.0/", "source_license_basis": "OHM default CC0", "tags": {"end_date": "1995", "gauge": "1435", "note": "end-date geschätzt", "railway": "rail", "ref": "PI", "start_date": "1879", "start_date:edtf": "1879/", "usage": "industrial"}}}, {"type": "Feature", "id": "ohm/way/201132493", "geometry": {"type": "LineString", "coordinates": [[12.3253117, 51.3285638], [12.3254705, 51.328599699999984], [12.325609, 51.328628], [12.3257524, 51.3286528], [12.3259789, 51.32868169999999], [12.326130600000003, 51.328705599999985], [12.326374200000002, 51.32874949999999], [12.3264308, 51.32876120000001], [12.3264901, 51.328772099999995], [12.326758200000002, 51.32882939999999], [12.3269428, 51.32887679999999], [12.3278004, 51.3291171], [12.3278333, 51.3291263], [12.3278661, 51.32913529999999], [12.328888700000002, 51.32941469999999], [12.329094300000001, 51.3294686], [12.3291748, 51.3294862], [12.3292345, 51.329499], [12.3292777, 51.3295067], [12.3293196, 51.3295143], [12.3295616, 51.3295663], [12.329870100000003, 51.3296471]]}, "properties": {"source": "OpenHistoricalMap", "way_id": 201132493, "source_url": "https://www.openhistoricalmap.org/way/201132493", "name": null, "name_status": "unrecorded", "status": "historical_record; present-day removal unconfirmed", "railway": "rail", "length_km": 0.340512, "original_way_length_km": 0.340512, "start_date": "1879", "end_date": "1995", "license": "https://opendatacommons.org/licenses/odbl/1-0/", "source_license": "https://creativecommons.org/publicdomain/zero/1.0/", "source_license_basis": "OHM default CC0", "tags": {"end_date": "1995", "gauge": "1435", "note": "end-date geschätzt", "railway": "rail", "service": "spur", "start_date": "1879", "start_date:edtf": "1879/", "usage": "industrial"}}}, {"type": "Feature", "id": "ohm/way/201132494", "geometry": {"type": "LineString", "coordinates": [[12.323257700000001, 51.327394899999994], [12.323394100000002, 51.32756260000001], [12.3235603, 51.32773770000001], [12.3237358, 51.327874200000004], [12.3240192, 51.32806779999998], [12.3241909, 51.32816940000001], [12.3244331, 51.32828239999999], [12.3246242, 51.328358099999996], [12.3247891, 51.328416499999996], [12.3250459, 51.32849300000001], [12.3253117, 51.3285638]]}, "properties": {"source": "OpenHistoricalMap", "way_id": 201132494, "source_url": "https://www.openhistoricalmap.org/way/201132494", "name": null, "name_status": "unrecorded", "status": "historical_record; present-day removal unconfirmed", "railway": "rail", "length_km": 0.198754, "original_way_length_km": 0.198754, "start_date": "1879", "end_date": "1995", "license": "https://opendatacommons.org/licenses/odbl/1-0/", "source_license": "https://creativecommons.org/publicdomain/zero/1.0/", "source_license_basis": "OHM default CC0", "tags": {"end_date": "1995", "gauge": "1435", "note": "end-date geschätzt", "railway": "rail", "ref": "PIV", "start_date": "1879", "start_date:edtf": "1879/", "usage": "industrial"}}}, {"type": "Feature", "id": "ohm/way/201134984", "geometry": {"type": "LineString", "coordinates": [[12.3398292, 51.3276232], [12.339976000000002, 51.32766509999998], [12.3401181, 51.327714300000004], [12.340235800000002, 51.32775959999999], [12.340351500000002, 51.32780859999999], [12.3404299, 51.327845], [12.3405242, 51.32789330000001], [12.3408138, 51.32804920000001], [12.3425606, 51.3289899], [12.3427096, 51.32907009999999], [12.342769100000002, 51.32910139999999], [12.3430108, 51.329226600000005], [12.3432369, 51.3293643], [12.343391400000002, 51.3294613], [12.3435131, 51.329540699999995], [12.3436754, 51.3296417], [12.343904700000001, 51.329771599999994], [12.344912400000002, 51.33031859999999], [12.345117400000001, 51.3304299], [12.3457942, 51.33079059999999], [12.3461497, 51.33098249999999]]}, "properties": {"source": "OpenHistoricalMap", "way_id": 201134984, "source_url": "https://www.openhistoricalmap.org/way/201134984", "name": null, "name_status": "unrecorded", "status": "historical_record; present-day removal unconfirmed", "railway": "rail", "length_km": 0.578787, "original_way_length_km": 0.578787, "start_date": "1886", "end_date": "1995", "license": "https://opendatacommons.org/licenses/odbl/1-0/", "source_license": "https://creativecommons.org/publicdomain/zero/1.0/", "source_license_basis": "OHM default CC0", "tags": {"end_date": "1995", "gauge": "1435", "railway": "rail", "ref": "PVIII", "start_date": "1886", "usage": "industrial"}}}, {"type": "Feature", "id": "ohm/way/201134985", "geometry": {"type": "LineString", "coordinates": [[12.3395804, 51.3275606], [12.3397071, 51.32759329999999], [12.3398292, 51.3276232]]}, "properties": {"source": "OpenHistoricalMap", "way_id": 201134985, "source_url": "https://www.openhistoricalmap.org/way/201134985", "name": null, "name_status": "unrecorded", "status": "historical_record; present-day removal unconfirmed", "railway": "rail", "length_km": 0.018689, "original_way_length_km": 0.018689, "start_date": "1886", "end_date": "1995", "license": "https://opendatacommons.org/licenses/odbl/1-0/", "source_license": "https://creativecommons.org/publicdomain/zero/1.0/", "source_license_basis": "OHM default CC0", "tags": {"bridge": "yes", "end_date": "1995", "gauge": "1435", "layer": "1", "railway": "rail", "ref": "PVIII", "start_date": "1886", "usage": "industrial"}}}, {"type": "Feature", "id": "ohm/way/201134986", "geometry": {"type": "LineString", "coordinates": [[12.337694800000001, 51.32739709999999], [12.3379107, 51.3272404], [12.338091700000001, 51.3270732], [12.3382238, 51.3269186], [12.338319700000001, 51.32677410000001], [12.3383968, 51.326616499999986], [12.3384505, 51.326429999999995], [12.338486, 51.3263035], [12.3385443, 51.3260923], [12.3386523, 51.32573870000001], [12.338708600000002, 51.32553839999999], [12.338806500000002, 51.325324699999996]]}, "properties": {"source": "OpenHistoricalMap", "way_id": 201134986, "source_url": "https://www.openhistoricalmap.org/way/201134986", "name": null, "name_status": "unrecorded", "status": "historical_record; present-day removal unconfirmed", "railway": "rail", "length_km": 0.247401, "original_way_length_km": 0.247401, "start_date": "1886", "end_date": "1995", "license": "https://opendatacommons.org/licenses/odbl/1-0/", "source_license": "https://creativecommons.org/publicdomain/zero/1.0/", "source_license_basis": "OHM default CC0", "tags": {"end_date": "1995", "gauge": "1435", "railway": "rail", "ref": "PIX", "start_date": "1886", "usage": "industrial"}}}, {"type": "Feature", "id": "ohm/way/201134987", "geometry": {"type": "LineString", "coordinates": [[12.336802900000002, 51.327801], [12.3371053, 51.327702599999995], [12.3373092, 51.32763550000001], [12.3375023, 51.32757769999999], [12.3376646, 51.32753710000001], [12.3378014, 51.327509], [12.337963700000001, 51.327479200000006], [12.3381648, 51.327454499999995], [12.3383244, 51.327443200000005], [12.3385497, 51.3274378], [12.3387126, 51.32743860000001], [12.338871600000001, 51.3274461], [12.339076100000002, 51.32746419999999], [12.339271900000002, 51.327491399999985], [12.3394348, 51.3275253], [12.3395804, 51.3275606]]}, "properties": {"source": "OpenHistoricalMap", "way_id": 201134987, "source_url": "https://www.openhistoricalmap.org/way/201134987", "name": null, "name_status": "unrecorded", "status": "historical_record; present-day removal unconfirmed", "railway": "rail", "length_km": 0.203611, "original_way_length_km": 0.203611, "start_date": "1886", "end_date": "1995", "license": "https://opendatacommons.org/licenses/odbl/1-0/", "source_license": "https://creativecommons.org/publicdomain/zero/1.0/", "source_license_basis": "OHM default CC0", "tags": {"end_date": "1995", "gauge": "1435", "railway": "rail", "ref": "PVIII", "start_date": "1886", "usage": "industrial"}}}, {"type": "Feature", "id": "ohm/way/201134988", "geometry": {"type": "LineString", "coordinates": [[12.3252816, 51.32761529999999], [12.3253092, 51.32762259999999], [12.326138, 51.327843], [12.326850000000002, 51.3280317], [12.3269565, 51.3280655], [12.3273919, 51.328207699999986], [12.3275949, 51.32826659999999], [12.327797700000001, 51.32832439999999], [12.3281634, 51.3284091]]}, "properties": {"source": "OpenHistoricalMap", "way_id": 201134988, "source_url": "https://www.openhistoricalmap.org/way/201134988", "name": null, "name_status": "unrecorded", "status": "historical_record; present-day removal unconfirmed", "railway": "rail", "length_km": 0.219575, "original_way_length_km": 0.219575, "start_date": "1879", "end_date": "1995", "license": "https://opendatacommons.org/licenses/odbl/1-0/", "source_license": "https://creativecommons.org/publicdomain/zero/1.0/", "source_license_basis": "OHM default CC0", "tags": {"end_date": "1995", "gauge": "1435", "railway": "rail", "ref": "PV", "start_date": "1879", "start_date:edtf": "1879/", "usage": "industrial"}}}, {"type": "Feature", "id": "ohm/way/201134989", "geometry": {"type": "LineString", "coordinates": [[12.335612000000001, 51.3278447], [12.3355661, 51.32785439999999], [12.3352084, 51.32793050000001], [12.334861, 51.328005099999984], [12.334589400000002, 51.32805659999998], [12.3343467, 51.3280969], [12.3340476, 51.32814299999998], [12.3338156, 51.32817399999999], [12.3335058, 51.32820920000001], [12.3332114, 51.3282367], [12.3328862, 51.3282636], [12.330487400000003, 51.32847649999999], [12.3301839, 51.3285009], [12.3301437, 51.32850499999999], [12.329911, 51.328521699999996], [12.3297648, 51.32852719999999], [12.3296267, 51.32853219999999], [12.3294188, 51.32853179999999], [12.3292425, 51.3285272], [12.329033200000001, 51.32851669999999], [12.3288381, 51.3284983], [12.3286832, 51.3284798], [12.328468, 51.32845259999999], [12.3281634, 51.3284091]]}, "properties": {"source": "OpenHistoricalMap", "way_id": 201134989, "source_url": "https://www.openhistoricalmap.org/way/201134989", "name": null, "name_status": "unrecorded", "status": "historical_record; present-day removal unconfirmed", "railway": "rail", "length_km": 0.528599, "original_way_length_km": 0.528599, "start_date": "1879", "end_date": null, "license": "https://opendatacommons.org/licenses/odbl/1-0/", "source_license": "https://creativecommons.org/publicdomain/zero/1.0/", "source_license_basis": "OHM default CC0", "tags": {"gauge": "1435", "railway": "rail", "ref": "PV", "start_date": "1879", "start_date:edtf": "1879/", "usage": "industrial"}}}, {"type": "Feature", "id": "ohm/way/201134993", "geometry": {"type": "LineString", "coordinates": [[12.3292807, 51.3221056], [12.328006899993776, 51.32222411644562]]}, "properties": {"source": "OpenHistoricalMap", "way_id": 201134993, "source_url": "https://www.openhistoricalmap.org/way/201134993", "name": null, "name_status": "unrecorded", "status": "historical_record; present-day removal unconfirmed", "railway": "rail", "length_km": 0.089771, "original_way_length_km": 0.50064, "start_date": "1920", "end_date": "1970", "license": "https://opendatacommons.org/licenses/odbl/1-0/", "source_license": "https://creativecommons.org/publicdomain/zero/1.0/", "source_license_basis": "OHM default CC0", "tags": {"end_date": "1970", "gauge": "1435", "note": "start und ende sehr grob geschätzt. Im Luftbild von 2005 keine Gleisreste / Asphalverfärbungen zu erkennen, in Karten von 1884 nicht verzeichnet. Vermutlich schon vor 1995 abgebaut. In Ursprungplänen von 1895 nicht enthalten", "railway": "rail", "start_date": "1920", "usage": "industrial"}}}, {"type": "Feature", "id": "ohm/way/201141622", "geometry": {"type": "LineString", "coordinates": [[12.3426709, 51.327857599999994], [12.342472800000001, 51.3276933], [12.342111000000001, 51.32748569999999], [12.3420084, 51.3274399], [12.3418109, 51.3273567], [12.3416286, 51.3272888], [12.341498800000002, 51.32725359999999], [12.3413972, 51.3272295]]}, "properties": {"source": "OpenHistoricalMap", "way_id": 201141622, "source_url": "https://www.openhistoricalmap.org/way/201141622", "name": null, "name_status": "unrecorded", "status": "historical_record; present-day removal unconfirmed", "railway": "rail", "length_km": 0.114688, "original_way_length_km": 0.114688, "start_date": "1886", "end_date": "1995", "license": "https://opendatacommons.org/licenses/odbl/1-0/", "source_license": "https://creativecommons.org/publicdomain/zero/1.0/", "source_license_basis": "OHM default CC0", "tags": {"end_date": "1995", "gauge": "1435", "note": "end-date geschätzt", "railway": "rail", "service": "spur", "start_date": "1886", "usage": "industrial"}}}, {"type": "Feature", "id": "ohm/way/201141623", "geometry": {"type": "LineString", "coordinates": [[12.342197500000001, 51.3277721], [12.3422773, 51.32780699999999], [12.3423469, 51.3278461], [12.342742700000002, 51.3280684], [12.342992100000002, 51.32820659999999], [12.343367, 51.32840250000001]]}, "properties": {"source": "OpenHistoricalMap", "way_id": 201141623, "source_url": "https://www.openhistoricalmap.org/way/201141623", "name": null, "name_status": "unrecorded", "status": "historical_record; present-day removal unconfirmed", "railway": "rail", "length_km": 0.107585, "original_way_length_km": 0.107585, "start_date": "1886", "end_date": "1995", "license": "https://opendatacommons.org/licenses/odbl/1-0/", "source_license": "https://creativecommons.org/publicdomain/zero/1.0/", "source_license_basis": "OHM default CC0", "tags": {"end_date": "1995", "gauge": "1435", "note": "end-date geschätzt", "railway": "rail", "service": "spur", "start_date": "1886", "usage": "industrial"}}}, {"type": "Feature", "id": "ohm/way/201141627", "geometry": {"type": "LineString", "coordinates": [[12.342521700000002, 51.32766489999999], [12.3425018, 51.327676499999995], [12.342472800000001, 51.3276933], [12.342443900000001, 51.32771009999998], [12.3423063, 51.327790199999995], [12.3422773, 51.32780699999999], [12.342248400000003, 51.32782389999999], [12.3414639, 51.3282801], [12.341435, 51.328297000000006]]}, "properties": {"source": "OpenHistoricalMap", "way_id": 201141627, "source_url": "https://www.openhistoricalmap.org/way/201141627", "name": null, "name_status": "unrecorded", "status": "historical_record; present-day removal unconfirmed", "railway": "rail", "length_km": 0.103357, "original_way_length_km": 0.103357, "start_date": "1886", "end_date": "1995", "license": "https://opendatacommons.org/licenses/odbl/1-0/", "source_license": "https://creativecommons.org/publicdomain/zero/1.0/", "source_license_basis": "OHM default CC0", "tags": {"end_date": "1995", "gauge": "1435", "note": "end-date geschätzt", "railway": "rail", "service": "spur", "start_date": "1886", "usage": "industrial"}}}, {"type": "Feature", "id": "ohm/way/201141628", "geometry": {"type": "LineString", "coordinates": [[12.3408138, 51.32804920000001], [12.341064600000001, 51.328165199999994], [12.3411484, 51.3281976], [12.3412266, 51.3282265], [12.341299000000001, 51.328252899999995], [12.341366200000001, 51.328275], [12.3413999, 51.328286199999994], [12.341435, 51.328297000000006]]}, "properties": {"source": "OpenHistoricalMap", "way_id": 201141628, "source_url": "https://www.openhistoricalmap.org/way/201141628", "name": null, "name_status": "unrecorded", "status": "historical_record; present-day removal unconfirmed", "railway": "rail", "length_km": 0.051434, "original_way_length_km": 0.051434, "start_date": "1886", "end_date": "1995", "license": "https://opendatacommons.org/licenses/odbl/1-0/", "source_license": "https://creativecommons.org/publicdomain/zero/1.0/", "source_license_basis": "OHM default CC0", "tags": {"end_date": "1995", "gauge": "1435", "note": "end-date geschätzt", "railway": "rail", "service": "spur", "start_date": "1886", "usage": "industrial"}}}, {"type": "Feature", "id": "ohm/way/201141630", "geometry": {"type": "LineString", "coordinates": [[12.3409697, 51.328943699999996], [12.3416472, 51.32860279999999], [12.3416787, 51.328587]]}, "properties": {"source": "OpenHistoricalMap", "way_id": 201141630, "source_url": "https://www.openhistoricalmap.org/way/201141630", "name": null, "name_status": "unrecorded", "status": "historical_record; present-day removal unconfirmed", "railway": "rail", "length_km": 0.063379, "original_way_length_km": 0.063379, "start_date": "1886", "end_date": "1995", "license": "https://opendatacommons.org/licenses/odbl/1-0/", "source_license": "https://creativecommons.org/publicdomain/zero/1.0/", "source_license_basis": "OHM default CC0", "tags": {"end_date": "1995", "gauge": "1435", "note": "end-date geschätzt", "railway": "rail", "service": "spur", "start_date": "1886", "usage": "industrial"}}}, {"type": "Feature", "id": "ohm/way/201141632", "geometry": {"type": "LineString", "coordinates": [[12.339979399999999, 51.327843300000005], [12.3393356, 51.328170199999995]]}, "properties": {"source": "OpenHistoricalMap", "way_id": 201141632, "source_url": "https://www.openhistoricalmap.org/way/201141632", "name": null, "name_status": "unrecorded", "status": "historical_record; present-day removal unconfirmed", "railway": "rail", "length_km": 0.057761, "original_way_length_km": 0.057761, "start_date": "1886", "end_date": "1995", "license": "https://opendatacommons.org/licenses/odbl/1-0/", "source_license": "https://creativecommons.org/publicdomain/zero/1.0/", "source_license_basis": "OHM default CC0", "tags": {"end_date": "1995", "gauge": "1435", "note": "end-date geschätzt", "railway": "rail", "service": "spur", "start_date": "1886", "usage": "industrial"}}}, {"type": "Feature", "id": "ohm/way/201141633", "geometry": {"type": "LineString", "coordinates": [[12.3408115, 51.32858879999999], [12.340685400000002, 51.3285113], [12.3405882, 51.3284467], [12.3405077, 51.3283843], [12.3403545, 51.328263799999995], [12.340299500000002, 51.32821589999998], [12.340194600000002, 51.328115100000005], [12.3401289, 51.3280434], [12.3400682, 51.32796949999999], [12.339979399999999, 51.327843300000005]]}, "properties": {"source": "OpenHistoricalMap", "way_id": 201141633, "source_url": "https://www.openhistoricalmap.org/way/201141633", "name": null, "name_status": "unrecorded", "status": "historical_record; present-day removal unconfirmed", "railway": "rail", "length_km": 0.101995, "original_way_length_km": 0.101995, "start_date": "1886", "end_date": "1995", "license": "https://opendatacommons.org/licenses/odbl/1-0/", "source_license": "https://creativecommons.org/publicdomain/zero/1.0/", "source_license_basis": "OHM default CC0", "tags": {"end_date": "1995", "gauge": "1435", "note": "end-date geschätzt", "railway": "rail", "service": "spur", "start_date": "1886", "usage": "industrial"}}}, {"type": "Feature", "id": "ohm/way/201141634", "geometry": {"type": "LineString", "coordinates": [[12.3425606, 51.3289899], [12.3422693, 51.3288515], [12.341939, 51.3287134], [12.3418039, 51.3286508], [12.3417104, 51.32860309999998], [12.3416787, 51.328587], [12.341646900000002, 51.328570799999994], [12.3411863, 51.328336099999994], [12.340949300000002, 51.32821189999999], [12.3407713, 51.32812220000001], [12.340603600000001, 51.32804699999999], [12.340515800000002, 51.328011199999985], [12.3404149, 51.327972599999995], [12.340318300000002, 51.3279368], [12.340226400000002, 51.327907499999995], [12.3400826, 51.3278675], [12.339979399999999, 51.327843300000005]]}, "properties": {"source": "OpenHistoricalMap", "way_id": 201141634, "source_url": "https://www.openhistoricalmap.org/way/201141634", "name": null, "name_status": "unrecorded", "status": "historical_record; present-day removal unconfirmed", "railway": "rail", "length_km": 0.221393, "original_way_length_km": 0.221393, "start_date": "1886", "end_date": "1995", "license": "https://opendatacommons.org/licenses/odbl/1-0/", "source_license": "https://creativecommons.org/publicdomain/zero/1.0/", "source_license_basis": "OHM default CC0", "tags": {"end_date": "1995", "gauge": "1435", "note": "end-date geschätzt", "railway": "rail", "service": "spur", "start_date": "1886", "usage": "industrial"}}}, {"type": "Feature", "id": "ohm/way/201141635", "geometry": {"type": "LineString", "coordinates": [[12.343339500000003, 51.329553699999984], [12.3434897, 51.329683199999984], [12.3435688, 51.3297469], [12.343682100000002, 51.32982859999999], [12.3437894, 51.329897300000006], [12.3440147, 51.33003130000001]]}, "properties": {"source": "OpenHistoricalMap", "way_id": 201141635, "source_url": "https://www.openhistoricalmap.org/way/201141635", "name": null, "name_status": "unrecorded", "status": "historical_record; present-day removal unconfirmed", "railway": "rail", "length_km": 0.071175, "original_way_length_km": 0.071175, "start_date": "1886", "end_date": "1995", "license": "https://opendatacommons.org/licenses/odbl/1-0/", "source_license": "https://creativecommons.org/publicdomain/zero/1.0/", "source_license_basis": "OHM default CC0", "tags": {"end_date": "1995", "gauge": "1435", "note": "end-date geschätzt", "railway": "rail", "service": "spur", "start_date": "1886", "usage": "industrial"}}}, {"type": "Feature", "id": "ohm/way/201141636", "geometry": {"type": "LineString", "coordinates": [[12.344912400000002, 51.33031859999999], [12.344645400000001, 51.330194999999996], [12.344501, 51.330128099999996], [12.344249500000002, 51.3300091]]}, "properties": {"source": "OpenHistoricalMap", "way_id": 201141636, "source_url": "https://www.openhistoricalmap.org/way/201141636", "name": null, "name_status": "unrecorded", "status": "historical_record; present-day removal unconfirmed", "railway": "rail", "length_km": 0.057623, "original_way_length_km": 0.057623, "start_date": "1886", "end_date": "1995", "license": "https://opendatacommons.org/licenses/odbl/1-0/", "source_license": "https://creativecommons.org/publicdomain/zero/1.0/", "source_license_basis": "OHM default CC0", "tags": {"end_date": "1995", "gauge": "1435", "railway": "rail", "start_date": "1886", "usage": "industrial"}}}, {"type": "Feature", "id": "ohm/way/201141638", "geometry": {"type": "LineString", "coordinates": [[12.3460159, 51.331148899999995], [12.3452611, 51.3307421], [12.3451808, 51.3306963], [12.3451017, 51.3306468], [12.3449535, 51.33054959999999], [12.344809000000001, 51.33046229999998], [12.3440945, 51.3300783], [12.3440147, 51.33003130000001], [12.343808200000002, 51.329887599999985], [12.3436506, 51.329759], [12.343395100000002, 51.3295334], [12.343208000000002, 51.3293834]]}, "properties": {"source": "OpenHistoricalMap", "way_id": 201141638, "source_url": "https://www.openhistoricalmap.org/way/201141638", "name": null, "name_status": "unrecorded", "status": "historical_record; present-day removal unconfirmed", "railway": "rail", "length_km": 0.278454, "original_way_length_km": 0.278454, "start_date": "1886", "end_date": "1995", "license": "https://opendatacommons.org/licenses/odbl/1-0/", "source_license": "https://creativecommons.org/publicdomain/zero/1.0/", "source_license_basis": "OHM default CC0", "tags": {"end_date": "1995", "gauge": "1435", "railway": "rail", "start_date": "1886", "usage": "industrial"}}}, {"type": "Feature", "id": "ohm/way/201141644", "geometry": {"type": "LineString", "coordinates": [[12.3461481, 51.33103119999999], [12.345078200000001, 51.3304579], [12.344249500000002, 51.3300091], [12.3438635, 51.329800199999994], [12.3437612, 51.3297435], [12.3436023, 51.329648], [12.3434132, 51.3295229], [12.343208000000002, 51.3293834], [12.3430139, 51.329251], [12.3429925, 51.329238], [12.342769100000002, 51.32910139999999]]}, "properties": {"source": "OpenHistoricalMap", "way_id": 201141644, "source_url": "https://www.openhistoricalmap.org/way/201141644", "name": null, "name_status": "unrecorded", "status": "historical_record; present-day removal unconfirmed", "railway": "rail", "length_km": 0.319004, "original_way_length_km": 0.319004, "start_date": "1886", "end_date": "1995", "license": "https://opendatacommons.org/licenses/odbl/1-0/", "source_license": "https://creativecommons.org/publicdomain/zero/1.0/", "source_license_basis": "OHM default CC0", "tags": {"end_date": "1995", "gauge": "1435", "railway": "rail", "start_date": "1886", "usage": "industrial"}}}, {"type": "Feature", "id": "ohm/way/201141735", "geometry": {"type": "LineString", "coordinates": [[12.329010500000003, 51.327501399999996], [12.328702, 51.3275446], [12.328533, 51.3275664], [12.328224600000002, 51.327607]]}, "properties": {"source": "OpenHistoricalMap", "way_id": 201141735, "source_url": "https://www.openhistoricalmap.org/way/201141735", "name": null, "name_status": "unrecorded", "status": "historical_record; present-day removal unconfirmed", "railway": "rail", "length_km": 0.056026, "original_way_length_km": 0.056026, "start_date": "1886", "end_date": "1995", "license": "https://opendatacommons.org/licenses/odbl/1-0/", "source_license": "https://creativecommons.org/publicdomain/zero/1.0/", "source_license_basis": "OHM default CC0", "tags": {"end_date": "1995", "gauge": "1435", "note": "start_date und end_date geschätzt, 1895 vorhanden", "railway": "rail", "service": "spur", "start_date": "1886", "usage": "industrial"}}}, {"type": "Feature", "id": "ohm/way/201141736", "geometry": {"type": "LineString", "coordinates": [[12.328032800000003, 51.32758359999999], [12.3286973, 51.3275287], [12.329010500000003, 51.327501399999996], [12.3292834, 51.32747719999998]]}, "properties": {"source": "OpenHistoricalMap", "way_id": 201141736, "source_url": "https://www.openhistoricalmap.org/way/201141736", "name": null, "name_status": "unrecorded", "status": "historical_record; present-day removal unconfirmed", "railway": "rail", "length_km": 0.087971, "original_way_length_km": 0.087971, "start_date": "1886", "end_date": "1995", "license": "https://opendatacommons.org/licenses/odbl/1-0/", "source_license": "https://creativecommons.org/publicdomain/zero/1.0/", "source_license_basis": "OHM default CC0", "tags": {"end_date": "1995", "gauge": "1435", "note": "start_date und end_date geschätzt, 1895 vorhanden", "railway": "rail", "service": "spur", "start_date": "1886", "usage": "industrial"}}}, {"type": "Feature", "id": "ohm/way/201141737", "geometry": {"type": "LineString", "coordinates": [[12.3294324, 51.3275033], [12.329748700000001, 51.32748989999999], [12.3299553, 51.32748260000001], [12.3302953, 51.3274668]]}, "properties": {"source": "OpenHistoricalMap", "way_id": 201141737, "source_url": "https://www.openhistoricalmap.org/way/201141737", "name": null, "name_status": "unrecorded", "status": "historical_record; present-day removal unconfirmed", "railway": "rail", "length_km": 0.060285, "original_way_length_km": 0.060285, "start_date": "1886", "end_date": "1995", "license": "https://opendatacommons.org/licenses/odbl/1-0/", "source_license": "https://creativecommons.org/publicdomain/zero/1.0/", "source_license_basis": "OHM default CC0", "tags": {"abandoned:railway": "rail", "end_date": "1995", "gauge": "1435", "note": "start_date und end_date geschätzt, 1895 vorhanden", "railway": "rail", "service": "spur", "start_date": "1886", "usage": "industrial"}}}, {"type": "Feature", "id": "ohm/way/201141738", "geometry": {"type": "LineString", "coordinates": [[12.333168500000001, 51.32649999999999], [12.3332926, 51.326317299999985], [12.333380400000001, 51.32617189999999]]}, "properties": {"source": "OpenHistoricalMap", "way_id": 201141738, "source_url": "https://www.openhistoricalmap.org/way/201141738", "name": null, "name_status": "unrecorded", "status": "historical_record; present-day removal unconfirmed", "railway": "rail", "length_km": 0.039386, "original_way_length_km": 0.039386, "start_date": "1886", "end_date": "1995", "license": "https://opendatacommons.org/licenses/odbl/1-0/", "source_license": "https://creativecommons.org/publicdomain/zero/1.0/", "source_license_basis": "OHM default CC0", "tags": {"abandoned:railway": "rail", "end_date": "1995", "gauge": "1435", "note": "start_date und end_date geschätzt, 1895 vorhanden", "railway": "rail", "ref": "PVII", "service": "spur", "start_date": "1886", "usage": "industrial"}}}, {"type": "Feature", "id": "ohm/way/201141739", "geometry": {"type": "LineString", "coordinates": [[12.3307231, 51.327391099999986], [12.331044900000002, 51.3273502], [12.3315418, 51.32727309999999], [12.3317382, 51.32723539999999], [12.3318905, 51.327199799999995], [12.332059400000002, 51.3271507], [12.332223100000002, 51.32709630000001], [12.332363200000001, 51.327043499999995], [12.3325107, 51.3269773], [12.3326636, 51.32689810000001], [12.3328044, 51.326813], [12.3328849, 51.32675770000001], [12.333002200000001, 51.3266664], [12.3330948, 51.326582099999996], [12.333168500000001, 51.32649999999999], [12.333314, 51.32632490000001], [12.333450800000001, 51.326163099999995], [12.333534700000001, 51.32608139999999], [12.3336138, 51.32601019999999], [12.333753300000001, 51.3258941], [12.3339189, 51.325775099999994], [12.334053, 51.3256968], [12.3341878, 51.325631], [12.3342931, 51.3255824], [12.3343702, 51.3255509], [12.334588800000002, 51.325474699999994], [12.3348302, 51.325411]]}, "properties": {"source": "OpenHistoricalMap", "way_id": 201141739, "source_url": "https://www.openhistoricalmap.org/way/201141739", "name": null, "name_status": "unrecorded", "status": "historical_record; present-day removal unconfirmed", "railway": "rail", "length_km": 0.377293, "original_way_length_km": 0.377293, "start_date": "1886", "end_date": "1995", "license": "https://opendatacommons.org/licenses/odbl/1-0/", "source_license": "https://creativecommons.org/publicdomain/zero/1.0/", "source_license_basis": "OHM default CC0", "tags": {"end_date": "1995", "gauge": "1435", "note": "start und ende geschätzt", "railway": "rail", "ref": "PVII", "start_date": "1886", "usage": "industrial"}}}, {"type": "Feature", "id": "ohm/way/201141740", "geometry": {"type": "LineString", "coordinates": [[12.340095, 51.32594579999999], [12.3402831, 51.3258409]]}, "properties": {"source": "OpenHistoricalMap", "way_id": 201141740, "source_url": "https://www.openhistoricalmap.org/way/201141740", "name": null, "name_status": "unrecorded", "status": "historical_record; present-day removal unconfirmed", "railway": "rail", "length_km": 0.017553, "original_way_length_km": 0.017553, "start_date": "1888", "end_date": "1925", "license": "https://opendatacommons.org/licenses/odbl/1-0/", "source_license": "https://creativecommons.org/publicdomain/zero/1.0/", "source_license_basis": "OHM default CC0", "tags": {"end_date": "1925", "gauge": "1435", "railway": "rail", "ref": "LP", "start_date": "1888", "usage": "industrial"}}}, {"type": "Feature", "id": "ohm/way/201141741", "geometry": {"type": "LineString", "coordinates": [[12.3397453, 51.32614089999999], [12.340095, 51.32594579999999]]}, "properties": {"source": "OpenHistoricalMap", "way_id": 201141741, "source_url": "https://www.openhistoricalmap.org/way/201141741", "name": null, "name_status": "unrecorded", "status": "historical_record; present-day removal unconfirmed", "railway": "rail", "length_km": 0.032639, "original_way_length_km": 0.032639, "start_date": "1888", "end_date": "1925", "license": "https://opendatacommons.org/licenses/odbl/1-0/", "source_license": "https://creativecommons.org/publicdomain/zero/1.0/", "source_license_basis": "OHM default CC0", "tags": {"bridge": "yes", "end_date": "1925", "gauge": "1435", "layer": "1", "railway": "rail", "ref": "LP", "start_date": "1888", "usage": "industrial"}}}, {"type": "Feature", "id": "ohm/way/201141742", "geometry": {"type": "LineString", "coordinates": [[12.3386523, 51.32573870000001], [12.338616100000001, 51.3259348], [12.338610500000001, 51.326002800000005], [12.3385993, 51.32613919999999], [12.338590600000002, 51.32630939999999], [12.3385759, 51.326454299999995], [12.3385262, 51.326811299999996]]}, "properties": {"source": "OpenHistoricalMap", "way_id": 201141742, "source_url": "https://www.openhistoricalmap.org/way/201141742", "name": null, "name_status": "unrecorded", "status": "historical_record; present-day removal unconfirmed", "railway": "rail", "length_km": 0.1197, "original_way_length_km": 0.1197, "start_date": "1886", "end_date": "1995", "license": "https://opendatacommons.org/licenses/odbl/1-0/", "source_license": "https://creativecommons.org/publicdomain/zero/1.0/", "source_license_basis": "OHM default CC0", "tags": {"end_date": "1995", "gauge": "1435", "note": "start_date und end_date geschätzt, 1895 vorhanden", "railway": "rail", "service": "spur", "start_date": "1886", "usage": "industrial"}}}, {"type": "Feature", "id": "ohm/way/201141743", "geometry": {"type": "LineString", "coordinates": [[12.3378034, 51.32438179999998], [12.338227200000002, 51.32493659999999], [12.338372, 51.325142], [12.3384914, 51.32536489999999], [12.338550400000003, 51.325539199999994], [12.3385826, 51.325628], [12.338596700000002, 51.32572059999999], [12.3385946, 51.3258132], [12.338584600000003, 51.32590419999998], [12.3385443, 51.3260923]]}, "properties": {"source": "OpenHistoricalMap", "way_id": 201141743, "source_url": "https://www.openhistoricalmap.org/way/201141743", "name": null, "name_status": "unrecorded", "status": "historical_record; present-day removal unconfirmed", "railway": "rail", "length_km": 0.201438, "original_way_length_km": 0.201438, "start_date": "1886", "end_date": "1995", "license": "https://opendatacommons.org/licenses/odbl/1-0/", "source_license": "https://creativecommons.org/publicdomain/zero/1.0/", "source_license_basis": "OHM default CC0", "tags": {"end_date": "1995", "gauge": "1435", "railway": "rail", "start_date": "1886", "usage": "industrial"}}}, {"type": "Feature", "id": "ohm/way/201141747", "geometry": {"type": "LineString", "coordinates": [[12.3278333, 51.3291263], [12.327777700000002, 51.32920969999999], [12.3277645, 51.32922949999999], [12.327751700000002, 51.329249199999985], [12.3276378, 51.32944019999999]]}, "properties": {"source": "OpenHistoricalMap", "way_id": 201141747, "source_url": "https://www.openhistoricalmap.org/way/201141747", "name": null, "name_status": "unrecorded", "status": "historical_record; present-day removal unconfirmed", "railway": "rail", "length_km": 0.037493, "original_way_length_km": 0.037493, "start_date": "1879", "end_date": "1995", "license": "https://opendatacommons.org/licenses/odbl/1-0/", "source_license": "https://creativecommons.org/publicdomain/zero/1.0/", "source_license_basis": "OHM default CC0", "tags": {"end_date": "1995", "gauge": "1435", "note": "end-date geschätzt", "railway": "rail", "service": "spur", "start_date": "1879", "start_date:edtf": "1879/", "usage": "industrial"}}}, {"type": "Feature", "id": "ohm/way/201141748", "geometry": {"type": "LineString", "coordinates": [[12.3283235, 51.3294073], [12.3285471, 51.3294565], [12.3286732, 51.3294728], [12.3288046, 51.32948369999999], [12.328928, 51.32948789999999], [12.3290252, 51.32949], [12.3291738, 51.32949509999999], [12.3292345, 51.329499], [12.329270300000001, 51.3295139], [12.329329600000001, 51.32953439999999], [12.3301383, 51.32975689999999]]}, "properties": {"source": "OpenHistoricalMap", "way_id": 201141748, "source_url": "https://www.openhistoricalmap.org/way/201141748", "name": null, "name_status": "unrecorded", "status": "historical_record; present-day removal unconfirmed", "railway": "rail", "length_km": 0.134027, "original_way_length_km": 0.134027, "start_date": "1879", "end_date": "1995", "license": "https://opendatacommons.org/licenses/odbl/1-0/", "source_license": "https://creativecommons.org/publicdomain/zero/1.0/", "source_license_basis": "OHM default CC0", "tags": {"end_date": "1995", "gauge": "1435", "note": "end-date geschätzt", "railway": "rail", "service": "spur", "start_date": "1879", "start_date:edtf": "1879/", "usage": "industrial"}}}, {"type": "Feature", "id": "ohm/way/201141749", "geometry": {"type": "LineString", "coordinates": [[12.3277645, 51.32922949999999], [12.3277934, 51.32924129999999], [12.3278956, 51.3292824], [12.328003300000002, 51.329316599999984], [12.3283235, 51.3294073], [12.3288576, 51.329548300000006], [12.328973600000001, 51.329585099999996]]}, "properties": {"source": "OpenHistoricalMap", "way_id": 201141749, "source_url": "https://www.openhistoricalmap.org/way/201141749", "name": null, "name_status": "unrecorded", "status": "historical_record; present-day removal unconfirmed", "railway": "rail", "length_km": 0.093237, "original_way_length_km": 0.093237, "start_date": "1879", "end_date": "1995", "license": "https://opendatacommons.org/licenses/odbl/1-0/", "source_license": "https://creativecommons.org/publicdomain/zero/1.0/", "source_license_basis": "OHM default CC0", "tags": {"end_date": "1995", "gauge": "1435", "note": "end-date geschätzt", "railway": "rail", "service": "spur", "start_date": "1879", "start_date:edtf": "1879/", "usage": "industrial"}}}, {"type": "Feature", "id": "ohm/way/201141750", "geometry": {"type": "LineString", "coordinates": [[12.330671400000002, 51.32837419999999], [12.3311689, 51.32834660000001], [12.3314774, 51.328321900000006]]}, "properties": {"source": "OpenHistoricalMap", "way_id": 201141750, "source_url": "https://www.openhistoricalmap.org/way/201141750", "name": null, "name_status": "unrecorded", "status": "historical_record; present-day removal unconfirmed", "railway": "rail", "length_km": 0.05649, "original_way_length_km": 0.05649, "start_date": "1886", "end_date": "1995", "license": "https://opendatacommons.org/licenses/odbl/1-0/", "source_license": "https://creativecommons.org/publicdomain/zero/1.0/", "source_license_basis": "OHM default CC0", "tags": {"end_date": "1995", "gauge": "1435", "note": "start_date und end_date geschätzt, 1895 vorhanden", "railway": "rail", "service": "spur", "start_date": "1886", "usage": "industrial"}}}, {"type": "Feature", "id": "ohm/way/201141751", "geometry": {"type": "LineString", "coordinates": [[12.3301839, 51.3285009], [12.330491, 51.3284643], [12.330733400000002, 51.328426099999994], [12.3310308, 51.328379299999995], [12.3314774, 51.328321900000006], [12.3317496, 51.3282904], [12.3322881, 51.3282356], [12.333019, 51.328168899999994], [12.3338009, 51.32810109999999]]}, "properties": {"source": "OpenHistoricalMap", "way_id": 201141751, "source_url": "https://www.openhistoricalmap.org/way/201141751", "name": null, "name_status": "unrecorded", "status": "historical_record; present-day removal unconfirmed", "railway": "rail", "length_km": 0.256182, "original_way_length_km": 0.256182, "start_date": "1879", "end_date": null, "license": "https://opendatacommons.org/licenses/odbl/1-0/", "source_license": "https://creativecommons.org/publicdomain/zero/1.0/", "source_license_basis": "OHM default CC0", "tags": {"gauge": "1435", "railway": "rail", "start_date": "1879", "start_date:edtf": "1879/", "usage": "industrial"}}}, {"type": "Feature", "id": "ohm/way/201141752", "geometry": {"type": "LineString", "coordinates": [[12.3287516, 51.32844419999999], [12.329304100000002, 51.32848609999999], [12.3294865, 51.3284932], [12.3296522, 51.3284937], [12.329770800000002, 51.32848859999999], [12.3307284, 51.328413199999986], [12.3310308, 51.328379299999995]]}, "properties": {"source": "OpenHistoricalMap", "way_id": 201141752, "source_url": "https://www.openhistoricalmap.org/way/201141752", "name": null, "name_status": "unrecorded", "status": "historical_record; present-day removal unconfirmed", "railway": "rail", "length_km": 0.160047, "original_way_length_km": 0.160047, "start_date": "1879", "end_date": null, "license": "https://opendatacommons.org/licenses/odbl/1-0/", "source_license": "https://creativecommons.org/publicdomain/zero/1.0/", "source_license_basis": "OHM default CC0", "tags": {"gauge": "1435", "railway": "rail", "start_date": "1879", "start_date:edtf": "1879/", "usage": "industrial"}}}, {"type": "Feature", "id": "ohm/way/201141753", "geometry": {"type": "LineString", "coordinates": [[12.336802900000002, 51.327801], [12.3370933, 51.32769040000001], [12.3374104, 51.32754799999999], [12.337694800000001, 51.32739709999999]]}, "properties": {"source": "OpenHistoricalMap", "way_id": 201141753, "source_url": "https://www.openhistoricalmap.org/way/201141753", "name": null, "name_status": "unrecorded", "status": "historical_record; present-day removal unconfirmed", "railway": "rail", "length_km": 0.076859, "original_way_length_km": 0.076859, "start_date": "1879", "end_date": "1995", "license": "https://opendatacommons.org/licenses/odbl/1-0/", "source_license": "https://creativecommons.org/publicdomain/zero/1.0/", "source_license_basis": "OHM default CC0", "tags": {"end_date": "1995", "gauge": "1435", "railway": "rail", "ref": "PIX", "start_date": "1879", "start_date:edtf": "1879/", "usage": "industrial"}}}, {"type": "Feature", "id": "ohm/way/201141754", "geometry": {"type": "LineString", "coordinates": [[12.337694800000001, 51.32739709999999], [12.3383948, 51.3269588], [12.339027800000002, 51.3265692], [12.3394275, 51.32632610000001], [12.3397453, 51.32614089999999]]}, "properties": {"source": "OpenHistoricalMap", "way_id": 201141754, "source_url": "https://www.openhistoricalmap.org/way/201141754", "name": null, "name_status": "unrecorded", "status": "historical_record; present-day removal unconfirmed", "railway": "rail", "length_km": 0.199915, "original_way_length_km": 0.199915, "start_date": "1888", "end_date": "1925", "license": "https://opendatacommons.org/licenses/odbl/1-0/", "source_license": "https://creativecommons.org/publicdomain/zero/1.0/", "source_license_basis": "OHM default CC0", "tags": {"end_date": "1925", "gauge": "1435", "railway": "rail", "ref": "LP", "start_date": "1888", "usage": "industrial"}}}, {"type": "Feature", "id": "ohm/way/201141757", "geometry": {"type": "LineString", "coordinates": [[12.3346444, 51.32785299999998], [12.334761100000001, 51.3278413], [12.334855000000001, 51.32783289999999], [12.3350119, 51.32782329999999], [12.335097, 51.3278207], [12.3351748, 51.32782029999999], [12.335282100000002, 51.32782069999999], [12.3353861, 51.3278253], [12.3355161, 51.327834100000004], [12.3355643, 51.327839499999996], [12.335612000000001, 51.3278447]]}, "properties": {"source": "OpenHistoricalMap", "way_id": 201141757, "source_url": "https://www.openhistoricalmap.org/way/201141757", "name": null, "name_status": "unrecorded", "status": "historical_record; present-day removal unconfirmed", "railway": "rail", "length_km": 0.067847, "original_way_length_km": 0.067847, "start_date": "1886", "end_date": "1995", "license": "https://opendatacommons.org/licenses/odbl/1-0/", "source_license": "https://creativecommons.org/publicdomain/zero/1.0/", "source_license_basis": "OHM default CC0", "tags": {"end_date": "1995", "gauge": "1435", "note": "start_date und end_date geschätzt, 1895 vorhanden", "railway": "rail", "service": "spur", "start_date": "1886", "usage": "industrial"}}}, {"type": "Feature", "id": "ohm/way/201141758", "geometry": {"type": "LineString", "coordinates": [[12.3328862, 51.3282636], [12.3334307, 51.328245599999995], [12.3335139, 51.32824140000001], [12.333981900000001, 51.32819159999999], [12.3345117, 51.3281086], [12.334785900000002, 51.32805369999999], [12.335233200000001, 51.327951000000006], [12.335486, 51.32788529999999], [12.335612000000001, 51.3278447]]}, "properties": {"source": "OpenHistoricalMap", "way_id": 201141758, "source_url": "https://www.openhistoricalmap.org/way/201141758", "name": null, "name_status": "unrecorded", "status": "historical_record; present-day removal unconfirmed", "railway": "rail", "length_km": 0.197197, "original_way_length_km": 0.197197, "start_date": "1879", "end_date": null, "license": "https://opendatacommons.org/licenses/odbl/1-0/", "source_license": "https://creativecommons.org/publicdomain/zero/1.0/", "source_license_basis": "OHM default CC0", "tags": {"gauge": "1435", "railway": "rail", "start_date": "1879", "start_date:edtf": "1879/", "usage": "industrial"}}}, {"type": "Feature", "id": "ohm/way/201141759", "geometry": {"type": "LineString", "coordinates": [[12.327995600000001, 51.3285467], [12.329105, 51.328838499999996], [12.3292042, 51.3288682], [12.3293377, 51.3289118], [12.3296854, 51.32904299999999], [12.329759100000002, 51.329069999999994], [12.3298339, 51.32909260000001], [12.329972000000001, 51.329131399999994], [12.330130300000002, 51.32917509999999], [12.3303334, 51.3292282]]}, "properties": {"source": "OpenHistoricalMap", "way_id": 201141759, "source_url": "https://www.openhistoricalmap.org/way/201141759", "name": null, "name_status": "unrecorded", "status": "historical_record; present-day removal unconfirmed", "railway": "rail", "length_km": 0.179996, "original_way_length_km": 0.179996, "start_date": "1886", "end_date": "1995", "license": "https://opendatacommons.org/licenses/odbl/1-0/", "source_license": "https://creativecommons.org/publicdomain/zero/1.0/", "source_license_basis": "OHM default CC0", "tags": {"end_date": "1995", "gauge": "1435", "note": "start_date und end_date geschätzt, 1895 vorhanden", "railway": "rail", "service": "spur", "start_date": "1886", "usage": "industrial"}}}, {"type": "Feature", "id": "ohm/way/201141760", "geometry": {"type": "LineString", "coordinates": [[12.327797700000001, 51.32832439999999], [12.3281122, 51.3284115], [12.3295563, 51.32878649999999], [12.3296408, 51.3288058], [12.3297212, 51.328821299999994], [12.3298037, 51.32883389999999], [12.329981400000001, 51.32885900000001], [12.330165800000001, 51.3288795]]}, "properties": {"source": "OpenHistoricalMap", "way_id": 201141760, "source_url": "https://www.openhistoricalmap.org/way/201141760", "name": null, "name_status": "unrecorded", "status": "historical_record; present-day removal unconfirmed", "railway": "rail", "length_km": 0.176727, "original_way_length_km": 0.176727, "start_date": "1886", "end_date": "1995", "license": "https://opendatacommons.org/licenses/odbl/1-0/", "source_license": "https://creativecommons.org/publicdomain/zero/1.0/", "source_license_basis": "OHM default CC0", "tags": {"end_date": "1995", "gauge": "1435", "note": "start_date und end_date geschätzt, 1895 vorhanden", "railway": "rail", "service": "spur", "start_date": "1886", "usage": "industrial"}}}, {"type": "Feature", "id": "ohm/way/201142748", "geometry": {"type": "LineString", "coordinates": [[12.3355, 51.326023], [12.335881600000002, 51.3259874], [12.3357247, 51.32588429999999]]}, "properties": {"source": "OpenHistoricalMap", "way_id": 201142748, "source_url": "https://www.openhistoricalmap.org/way/201142748", "name": null, "name_status": "unrecorded", "status": "historical_record; present-day removal unconfirmed", "railway": "rail", "length_km": 0.042741, "original_way_length_km": 0.042741, "start_date": "1886", "end_date": "1995", "license": "https://opendatacommons.org/licenses/odbl/1-0/", "source_license": "https://creativecommons.org/publicdomain/zero/1.0/", "source_license_basis": "OHM default CC0", "tags": {"abandoned:railway": "rail", "end_date": "1995", "gauge": "1435", "note": "start_date und end_date geschätzt, 1895 vorhanden", "railway": "rail", "ref": "PVII", "service": "spur", "start_date": "1886", "usage": "industrial"}}}, {"type": "Feature", "id": "ohm/way/201142749", "geometry": {"type": "LineString", "coordinates": [[12.335059500000002, 51.3261443], [12.3349428, 51.32597669999999]]}, "properties": {"source": "OpenHistoricalMap", "way_id": 201142749, "source_url": "https://www.openhistoricalmap.org/way/201142749", "name": null, "name_status": "unrecorded", "status": "historical_record; present-day removal unconfirmed", "railway": "rail", "length_km": 0.020343, "original_way_length_km": 0.020343, "start_date": "1886", "end_date": "1995", "license": "https://opendatacommons.org/licenses/odbl/1-0/", "source_license": "https://creativecommons.org/publicdomain/zero/1.0/", "source_license_basis": "OHM default CC0", "tags": {"abandoned:railway": "rail", "end_date": "1995", "gauge": "1435", "note": "start_date und end_date geschätzt, 1895 vorhanden", "railway": "rail", "ref": "PVII", "service": "spur", "start_date": "1886", "usage": "industrial"}}}, {"type": "Feature", "id": "ohm/way/201142750", "geometry": {"type": "LineString", "coordinates": [[12.3321869, 51.3272964], [12.3318707, 51.3273137], [12.3316343, 51.327322300000006], [12.331333400000002, 51.3273361]]}, "properties": {"source": "OpenHistoricalMap", "way_id": 201142750, "source_url": "https://www.openhistoricalmap.org/way/201142750", "name": null, "name_status": "unrecorded", "status": "historical_record; present-day removal unconfirmed", "railway": "rail", "length_km": 0.059659, "original_way_length_km": 0.059659, "start_date": "1886", "end_date": "1995", "license": "https://opendatacommons.org/licenses/odbl/1-0/", "source_license": "https://creativecommons.org/publicdomain/zero/1.0/", "source_license_basis": "OHM default CC0", "tags": {"abandoned:railway": "rail", "end_date": "1995", "gauge": "1435", "note": "start_date und end_date geschätzt, 1895 vorhanden", "railway": "rail", "service": "spur", "start_date": "1886", "usage": "industrial"}}}, {"type": "Feature", "id": "ohm/way/201142751", "geometry": {"type": "LineString", "coordinates": [[12.338486, 51.3263035], [12.3385692, 51.32610109999999], [12.338610500000001, 51.326002800000005], [12.3386342, 51.32594649999999], [12.3387026, 51.3258132], [12.3388696, 51.325561]]}, "properties": {"source": "OpenHistoricalMap", "way_id": 201142751, "source_url": "https://www.openhistoricalmap.org/way/201142751", "name": null, "name_status": "unrecorded", "status": "historical_record; present-day removal unconfirmed", "railway": "rail", "length_km": 0.086995, "original_way_length_km": 0.086995, "start_date": "1886", "end_date": "1995", "license": "https://opendatacommons.org/licenses/odbl/1-0/", "source_license": "https://creativecommons.org/publicdomain/zero/1.0/", "source_license_basis": "OHM default CC0", "tags": {"end_date": "1995", "gauge": "1435", "note": "start_date und end_date geschätzt, 1895 vorhanden", "railway": "rail", "service": "spur", "start_date": "1886", "usage": "industrial"}}}, {"type": "Feature", "id": "ohm/way/201222741", "geometry": {"type": "LineString", "coordinates": [[12.326195605687564, 51.32379432274493], [12.326653400000001, 51.323736499999995]]}, "properties": {"source": "OpenHistoricalMap", "way_id": 201222741, "source_url": "https://www.openhistoricalmap.org/way/201222741", "name": null, "name_status": "unrecorded", "status": "historical_record; present-day removal unconfirmed", "railway": "rail", "length_km": 0.032554, "original_way_length_km": 0.085225, "start_date": "1879", "end_date": "1995", "license": "https://opendatacommons.org/licenses/odbl/1-0/", "source_license": "https://creativecommons.org/publicdomain/zero/1.0/", "source_license_basis": "OHM default CC0", "tags": {"end_date": "1995", "gauge": "1435", "railway": "rail", "service": "spur", "start_date": "1879", "start_date:edtf": "1879/", "usage": "industrial"}}}, {"type": "Feature", "id": "ohm/way/201222743", "geometry": {"type": "LineString", "coordinates": [[12.329865400000001, 51.323323299999984], [12.330139, 51.323279799999995], [12.3304488, 51.32322189999999], [12.3309396, 51.3231499], [12.331951000000002, 51.32303240000001]]}, "properties": {"source": "OpenHistoricalMap", "way_id": 201222743, "source_url": "https://www.openhistoricalmap.org/way/201222743", "name": null, "name_status": "unrecorded", "status": "historical_record; present-day removal unconfirmed", "railway": "rail", "length_km": 0.149056, "original_way_length_km": 0.149056, "start_date": "1879", "end_date": "1995", "license": "https://opendatacommons.org/licenses/odbl/1-0/", "source_license": "https://creativecommons.org/publicdomain/zero/1.0/", "source_license_basis": "OHM default CC0", "tags": {"end_date": "1995", "gauge": "1435", "note": "nach Abbau- oder Ueberbauen bitte nicht Löschen sondern mit railway abandoned oder razed taggen", "railway": "rail", "ref": "PXIV", "start_date": "1879", "start_date:edtf": "1879/", "usage": "industrial"}}}, {"type": "Feature", "id": "ohm/way/201222744", "geometry": {"type": "LineString", "coordinates": [[12.3328528, 51.32284419999999], [12.333153800000002, 51.32278859999999], [12.3335226, 51.32273419999999], [12.3338847, 51.322673300000005], [12.3342649, 51.3226052], [12.3350026, 51.3224731]]}, "properties": {"source": "OpenHistoricalMap", "way_id": 201222744, "source_url": "https://www.openhistoricalmap.org/way/201222744", "name": null, "name_status": "unrecorded", "status": "historical_record; present-day removal unconfirmed", "railway": "rail", "length_km": 0.155471, "original_way_length_km": 0.155471, "start_date": "1879", "end_date": null, "license": "https://opendatacommons.org/licenses/odbl/1-0/", "source_license": "https://creativecommons.org/publicdomain/zero/1.0/", "source_license_basis": "OHM default CC0", "tags": {"gauge": "1435", "railway": "rail", "service": "spur", "start_date": "1879", "start_date:edtf": "1879/", "usage": "industrial"}}}, {"type": "Feature", "id": "ohm/way/201222745", "geometry": {"type": "LineString", "coordinates": [[12.332575999999998, 51.32290170000001], [12.3328528, 51.32284419999999], [12.3338181, 51.322609199999995], [12.3342312, 51.32253289999999], [12.334970600000002, 51.322396299999994]]}, "properties": {"source": "OpenHistoricalMap", "way_id": 201222745, "source_url": "https://www.openhistoricalmap.org/way/201222745", "name": null, "name_status": "unrecorded", "status": "historical_record; present-day removal unconfirmed", "railway": "rail", "length_km": 0.176279, "original_way_length_km": 0.176279, "start_date": "1879", "end_date": null, "license": "https://opendatacommons.org/licenses/odbl/1-0/", "source_license": "https://creativecommons.org/publicdomain/zero/1.0/", "source_license_basis": "OHM default CC0", "tags": {"gauge": "1435", "note": "nach Abbau- oder Ueberbauen bitte nicht Löschen sondern mit railway abandoned oder razed taggen", "railway": "rail", "service": "spur", "start_date": "1879", "start_date:edtf": "1879/", "usage": "industrial"}}}, {"type": "Feature", "id": "ohm/way/201222746", "geometry": {"type": "LineString", "coordinates": [[12.332273600000002, 51.3229726], [12.332427800000001, 51.322936], [12.332575999999998, 51.32290170000001]]}, "properties": {"source": "OpenHistoricalMap", "way_id": 201222746, "source_url": "https://www.openhistoricalmap.org/way/201222746", "name": null, "name_status": "unrecorded", "status": "historical_record; present-day removal unconfirmed", "railway": "rail", "length_km": 0.022508, "original_way_length_km": 0.022508, "start_date": "1879", "end_date": null, "license": "https://opendatacommons.org/licenses/odbl/1-0/", "source_license": "https://creativecommons.org/publicdomain/zero/1.0/", "source_license_basis": "OHM default CC0", "tags": {"note": "nach Abbau- oder Ueberbauen bitte nicht Löschen sondern mit railway abandoned oder razed taggen", "railway": "rail", "service": "spur", "start_date": "1879", "start_date:edtf": "1879/", "usage": "industrial"}}}, {"type": "Feature", "id": "ohm/way/201222747", "geometry": {"type": "LineString", "coordinates": [[12.331951000000002, 51.32303240000001], [12.332273600000002, 51.3229726]]}, "properties": {"source": "OpenHistoricalMap", "way_id": 201222747, "source_url": "https://www.openhistoricalmap.org/way/201222747", "name": null, "name_status": "unrecorded", "status": "historical_record; present-day removal unconfirmed", "railway": "rail", "length_km": 0.023452, "original_way_length_km": 0.023452, "start_date": "1879", "end_date": null, "license": "https://opendatacommons.org/licenses/odbl/1-0/", "source_license": "https://creativecommons.org/publicdomain/zero/1.0/", "source_license_basis": "OHM default CC0", "tags": {"note": "nach Abbau- oder Ueberbauen bitte nicht Löschen sondern mit railway abandoned oder razed taggen", "railway": "rail", "service": "spur", "start_date": "1879", "start_date:edtf": "1879/", "usage": "industrial"}}}, {"type": "Feature", "id": "ohm/way/201222748", "geometry": {"type": "LineString", "coordinates": [[12.3279463, 51.3344895], [12.328088400000002, 51.334593399999996], [12.3284975, 51.3348607]]}, "properties": {"source": "OpenHistoricalMap", "way_id": 201222748, "source_url": "https://www.openhistoricalmap.org/way/201222748", "name": null, "name_status": "unrecorded", "status": "historical_record; present-day removal unconfirmed", "railway": "rail", "length_km": 0.056419, "original_way_length_km": 0.056419, "start_date": "1879", "end_date": null, "license": "https://opendatacommons.org/licenses/odbl/1-0/", "source_license": "https://creativecommons.org/publicdomain/zero/1.0/", "source_license_basis": "OHM default CC0", "tags": {"gauge": "1435", "railway": "rail", "service": "spur", "start_date": "1879", "start_date:edtf": "1879/", "usage": "industrial"}}}, {"type": "Feature", "id": "ohm/way/201222749", "geometry": {"type": "LineString", "coordinates": [[12.3279252, 51.334425], [12.328088400000002, 51.334593399999996]]}, "properties": {"source": "OpenHistoricalMap", "way_id": 201222749, "source_url": "https://www.openhistoricalmap.org/way/201222749", "name": null, "name_status": "unrecorded", "status": "historical_record; present-day removal unconfirmed", "railway": "rail", "length_km": 0.021917, "original_way_length_km": 0.021917, "start_date": "1874", "end_date": null, "license": "https://opendatacommons.org/licenses/odbl/1-0/", "source_license": "https://creativecommons.org/publicdomain/zero/1.0/", "source_license_basis": "OHM default CC0", "tags": {"gauge": "1435", "railway": "rail", "service": "spur", "start_date": "1874", "start_date:edtf": "1874/", "usage": "industrial"}}}, {"type": "Feature", "id": "ohm/way/201222750", "geometry": {"type": "LineString", "coordinates": [[12.327722500000002, 51.334219799999985], [12.328332500000002, 51.3346387]]}, "properties": {"source": "OpenHistoricalMap", "way_id": 201222750, "source_url": "https://www.openhistoricalmap.org/way/201222750", "name": null, "name_status": "unrecorded", "status": "historical_record; present-day removal unconfirmed", "railway": "rail", "length_km": 0.063081, "original_way_length_km": 0.063081, "start_date": "1879", "end_date": null, "license": "https://opendatacommons.org/licenses/odbl/1-0/", "source_license": "https://creativecommons.org/publicdomain/zero/1.0/", "source_license_basis": "OHM default CC0", "tags": {"gauge": "1435", "railway": "rail", "start_date": "1879", "start_date:edtf": "1879/", "usage": "industrial"}}}, {"type": "Feature", "id": "ohm/way/201222751", "geometry": {"type": "LineString", "coordinates": [[12.327100000000002, 51.333789800000005], [12.3284519, 51.3345784]]}, "properties": {"source": "OpenHistoricalMap", "way_id": 201222751, "source_url": "https://www.openhistoricalmap.org/way/201222751", "name": null, "name_status": "unrecorded", "status": "historical_record; present-day removal unconfirmed", "railway": "rail", "length_km": 0.128741, "original_way_length_km": 0.128741, "start_date": "1879", "end_date": null, "license": "https://opendatacommons.org/licenses/odbl/1-0/", "source_license": "https://creativecommons.org/publicdomain/zero/1.0/", "source_license_basis": "OHM default CC0", "tags": {"gauge": "1435", "railway": "rail", "start_date": "1879", "start_date:edtf": "1879/", "usage": "industrial"}}}, {"type": "Feature", "id": "ohm/way/201222752", "geometry": {"type": "LineString", "coordinates": [[12.326876400000002, 51.3332848], [12.3273717, 51.33353269999999]]}, "properties": {"source": "OpenHistoricalMap", "way_id": 201222752, "source_url": "https://www.openhistoricalmap.org/way/201222752", "name": null, "name_status": "unrecorded", "status": "historical_record; present-day removal unconfirmed", "railway": "rail", "length_km": 0.044184, "original_way_length_km": 0.044184, "start_date": "1874", "end_date": null, "license": "https://opendatacommons.org/licenses/odbl/1-0/", "source_license": "https://creativecommons.org/publicdomain/zero/1.0/", "source_license_basis": "OHM default CC0", "tags": {"gauge": "1435", "railway": "rail", "service": "spur", "start_date": "1874", "start_date:edtf": "1874/", "usage": "industrial"}}}, {"type": "Feature", "id": "ohm/way/201222753", "geometry": {"type": "LineString", "coordinates": [[12.3256288, 51.332552299999996], [12.3262069, 51.332882399999995], [12.3264711, 51.333009], [12.3273717, 51.33353269999999], [12.3279825, 51.33388789999999], [12.328320400000003, 51.3340882]]}, "properties": {"source": "OpenHistoricalMap", "way_id": 201222753, "source_url": "https://www.openhistoricalmap.org/way/201222753", "name": null, "name_status": "unrecorded", "status": "historical_record; present-day removal unconfirmed", "railway": "rail", "length_km": 0.253845, "original_way_length_km": 0.253845, "start_date": "1879", "end_date": null, "license": "https://opendatacommons.org/licenses/odbl/1-0/", "source_license": "https://creativecommons.org/publicdomain/zero/1.0/", "source_license_basis": "OHM default CC0", "tags": {"gauge": "1435", "railway": "rail", "service": "spur", "start_date": "1879", "start_date:edtf": "1879/", "usage": "industrial"}}}, {"type": "Feature", "id": "ohm/way/201222754", "geometry": {"type": "LineString", "coordinates": [[12.3274869, 51.3336402], [12.3279825, 51.33388789999999]]}, "properties": {"source": "OpenHistoricalMap", "way_id": 201222754, "source_url": "https://www.openhistoricalmap.org/way/201222754", "name": null, "name_status": "unrecorded", "status": "historical_record; present-day removal unconfirmed", "railway": "rail", "length_km": 0.044186, "original_way_length_km": 0.044186, "start_date": "1879", "end_date": null, "license": "https://opendatacommons.org/licenses/odbl/1-0/", "source_license": "https://creativecommons.org/publicdomain/zero/1.0/", "source_license_basis": "OHM default CC0", "tags": {"gauge": "1435", "railway": "rail", "service": "spur", "start_date": "1879", "start_date:edtf": "1879/", "usage": "industrial"}}}, {"type": "Feature", "id": "ohm/way/201222755", "geometry": {"type": "LineString", "coordinates": [[12.3248976, 51.3321847], [12.3242261, 51.3318526]]}, "properties": {"source": "OpenHistoricalMap", "way_id": 201222755, "source_url": "https://www.openhistoricalmap.org/way/201222755", "name": null, "name_status": "unrecorded", "status": "historical_record; present-day removal unconfirmed", "railway": "rail", "length_km": 0.059627, "original_way_length_km": 0.059627, "start_date": "1879", "end_date": null, "license": "https://opendatacommons.org/licenses/odbl/1-0/", "source_license": "https://creativecommons.org/publicdomain/zero/1.0/", "source_license_basis": "OHM default CC0", "tags": {"gauge": "1435", "railway": "rail", "service": "spur", "start_date": "1879", "start_date:edtf": "1879/", "usage": "industrial"}}}, {"type": "Feature", "id": "ohm/way/201222756", "geometry": {"type": "LineString", "coordinates": [[12.3229641, 51.332357099999996], [12.3238425, 51.331649]]}, "properties": {"source": "OpenHistoricalMap", "way_id": 201222756, "source_url": "https://www.openhistoricalmap.org/way/201222756", "name": null, "name_status": "unrecorded", "status": "historical_record; present-day removal unconfirmed", "railway": "rail", "length_km": 0.09977, "original_way_length_km": 0.09977, "start_date": "1879", "end_date": null, "license": "https://opendatacommons.org/licenses/odbl/1-0/", "source_license": "https://creativecommons.org/publicdomain/zero/1.0/", "source_license_basis": "OHM default CC0", "tags": {"gauge": "1435", "railway": "rail", "service": "spur", "start_date": "1879", "start_date:edtf": "1879/", "usage": "industrial"}}}, {"type": "Feature", "id": "ohm/way/201222757", "geometry": {"type": "LineString", "coordinates": [[12.3228501, 51.33110769999998], [12.3232564, 51.3313147], [12.3238425, 51.331649], [12.3242261, 51.3318526], [12.3244849, 51.33200010000001], [12.3246928, 51.3321266]]}, "properties": {"source": "OpenHistoricalMap", "way_id": 201222757, "source_url": "https://www.openhistoricalmap.org/way/201222757", "name": null, "name_status": "unrecorded", "status": "historical_record; present-day removal unconfirmed", "railway": "rail", "length_km": 0.17137, "original_way_length_km": 0.17137, "start_date": "1879", "end_date": null, "license": "https://opendatacommons.org/licenses/odbl/1-0/", "source_license": "https://creativecommons.org/publicdomain/zero/1.0/", "source_license_basis": "OHM default CC0", "tags": {"gauge": "1435", "railway": "rail", "service": "spur", "start_date": "1879", "start_date:edtf": "1879/", "usage": "industrial"}}}, {"type": "Feature", "id": "ohm/way/201222772", "geometry": {"type": "LineString", "coordinates": [[12.325017400000002, 51.3307202], [12.324904600000002, 51.33092339999999], [12.3248466, 51.3310513]]}, "properties": {"source": "OpenHistoricalMap", "way_id": 201222772, "source_url": "https://www.openhistoricalmap.org/way/201222772", "name": null, "name_status": "unrecorded", "status": "historical_record; present-day removal unconfirmed", "railway": "rail", "length_km": 0.038727, "original_way_length_km": 0.038727, "start_date": "1879", "end_date": "1995", "license": "https://opendatacommons.org/licenses/odbl/1-0/", "source_license": "https://creativecommons.org/publicdomain/zero/1.0/", "source_license_basis": "OHM default CC0", "tags": {"bridge": "yes", "end_date": "1995", "gauge": "1435", "layer": "1", "note": "end-date geschätzt", "railway": "rail", "ref": "PI", "start_date": "1879", "start_date:edtf": "1879/", "usage": "industrial"}}}, {"type": "Feature", "id": "ohm/way/201222773", "geometry": {"type": "LineString", "coordinates": [[12.322876, 51.3310755], [12.323328900000002, 51.3312986], [12.3248976, 51.3321847], [12.3256074, 51.33260409999999]]}, "properties": {"source": "OpenHistoricalMap", "way_id": 201222773, "source_url": "https://www.openhistoricalmap.org/way/201222773", "name": null, "name_status": "unrecorded", "status": "historical_record; present-day removal unconfirmed", "railway": "rail", "length_km": 0.255373, "original_way_length_km": 0.255373, "start_date": "1879", "end_date": null, "license": "https://opendatacommons.org/licenses/odbl/1-0/", "source_license": "https://creativecommons.org/publicdomain/zero/1.0/", "source_license_basis": "OHM default CC0", "tags": {"gauge": "1435", "railway": "rail", "start_date": "1879", "start_date:edtf": "1879/", "usage": "industrial"}}}, {"type": "Feature", "id": "ohm/way/201222774", "geometry": {"type": "LineString", "coordinates": [[12.3248466, 51.3310513], [12.3248163, 51.331143799999985], [12.3247997, 51.331221600000006], [12.3247781, 51.3313588], [12.3247743, 51.3314164], [12.3247794, 51.331474400000005], [12.324782, 51.33150799999999], [12.3247877, 51.33158149999999], [12.3247884, 51.33160909999999], [12.324825, 51.3317644], [12.324879200000002, 51.331881999999986], [12.32493, 51.3319908], [12.325003300000002, 51.332087699999995], [12.325116600000001, 51.33219830000001], [12.3252646, 51.3323314], [12.3254185, 51.3324583], [12.325505, 51.33252089999999], [12.3256074, 51.33260409999999]]}, "properties": {"source": "OpenHistoricalMap", "way_id": 201222774, "source_url": "https://www.openhistoricalmap.org/way/201222774", "name": null, "name_status": "unrecorded", "status": "historical_record; present-day removal unconfirmed", "railway": "rail", "length_km": 0.189375, "original_way_length_km": 0.189375, "start_date": "1879", "end_date": "1995", "license": "https://opendatacommons.org/licenses/odbl/1-0/", "source_license": "https://creativecommons.org/publicdomain/zero/1.0/", "source_license_basis": "OHM default CC0", "tags": {"end_date": "1995", "gauge": "1435", "note": "end-date geschätzt", "railway": "rail", "ref": "PI", "start_date": "1879", "start_date:edtf": "1879/", "usage": "industrial"}}}, {"type": "Feature", "id": "ohm/way/201222775", "geometry": {"type": "LineString", "coordinates": [[12.3256074, 51.33260409999999], [12.3256267, 51.3326152], [12.3258314, 51.33275209999999], [12.326122, 51.33296609999999], [12.3263471, 51.33315240000001], [12.3268581, 51.3335956], [12.327100000000002, 51.333789800000005], [12.327722500000002, 51.334219799999985], [12.3279252, 51.334425], [12.3287109, 51.3349417]]}, "properties": {"source": "OpenHistoricalMap", "way_id": 201222775, "source_url": "https://www.openhistoricalmap.org/way/201222775", "name": null, "name_status": "unrecorded", "status": "historical_record; present-day removal unconfirmed", "railway": "rail", "length_km": 0.338994, "original_way_length_km": 0.338994, "start_date": "1879", "end_date": null, "license": "https://opendatacommons.org/licenses/odbl/1-0/", "source_license": "https://creativecommons.org/publicdomain/zero/1.0/", "source_license_basis": "OHM default CC0", "tags": {"gauge": "1435", "railway": "rail", "start_date": "1879", "start_date:edtf": "1879/", "usage": "industrial"}}}, {"type": "Feature", "id": "ohm/way/201222776", "geometry": {"type": "LineString", "coordinates": [[12.3256267, 51.3326152], [12.3258459, 51.3327303], [12.3262452, 51.3329589], [12.326876400000002, 51.3332848], [12.3274869, 51.3336402], [12.3294304, 51.33477310000001]]}, "properties": {"source": "OpenHistoricalMap", "way_id": 201222776, "source_url": "https://www.openhistoricalmap.org/way/201222776", "name": null, "name_status": "unrecorded", "status": "historical_record; present-day removal unconfirmed", "railway": "rail", "length_km": 0.357744, "original_way_length_km": 0.357744, "start_date": "1879", "end_date": null, "license": "https://opendatacommons.org/licenses/odbl/1-0/", "source_license": "https://creativecommons.org/publicdomain/zero/1.0/", "source_license_basis": "OHM default CC0", "tags": {"gauge": "1435", "railway": "rail", "start_date": "1879", "start_date:edtf": "1879/", "usage": "industrial"}}}, {"type": "Feature", "id": "ohm/way/201222777", "geometry": {"type": "LineString", "coordinates": [[12.328658100000002, 51.33339819999999], [12.3284371, 51.33329299999999], [12.3282833, 51.33322819999999], [12.328095000000001, 51.333152299999995], [12.3279121, 51.3330903], [12.327708800000002, 51.33303509999998], [12.3274406, 51.3329821], [12.3272353, 51.3329515], [12.326952700000001, 51.33290939999999], [12.3265517, 51.3328511], [12.326315, 51.332804200000005], [12.3260572, 51.332732], [12.325820300000002, 51.33263710000001], [12.3256288, 51.332552299999996], [12.3254397, 51.3324509], [12.3252646, 51.3323314]]}, "properties": {"source": "OpenHistoricalMap", "way_id": 201222777, "source_url": "https://www.openhistoricalmap.org/way/201222777", "name": null, "name_status": "unrecorded", "status": "historical_record; present-day removal unconfirmed", "railway": "rail", "length_km": 0.269366, "original_way_length_km": 0.269366, "start_date": "1879", "end_date": "1961", "license": "https://opendatacommons.org/licenses/odbl/1-0/", "source_license": "https://creativecommons.org/publicdomain/zero/1.0/", "source_license_basis": "OHM default CC0", "tags": {"end_date": "1961", "gauge": "1435", "note": "end-date geschätzt", "railway": "rail", "ref": "PII", "start_date": "1879", "start_date:edtf": "1879/", "usage": "industrial"}}}, {"type": "Feature", "id": "ohm/way/201222778", "geometry": {"type": "LineString", "coordinates": [[12.320523412976499, 51.32995106384387], [12.320696000000002, 51.33003], [12.321074, 51.330147999999994], [12.32145, 51.33022], [12.321686, 51.330246], [12.321855, 51.330256], [12.3221691, 51.33025790000001], [12.322658, 51.33022759999999], [12.3230204, 51.3302538], [12.3232357, 51.33028329999999], [12.3235515, 51.330340199999995], [12.3236735, 51.330368599999986], [12.3240813, 51.3305145], [12.3243481, 51.33064600000001], [12.3249073, 51.33102389999999], [12.3255449, 51.3314512], [12.3260644, 51.3318315], [12.3264283, 51.332067299999984], [12.328658100000002, 51.33339819999999], [12.328909, 51.3335465], [12.3294737, 51.33390239999999]]}, "properties": {"source": "OpenHistoricalMap", "way_id": 201222778, "source_url": "https://www.openhistoricalmap.org/way/201222778", "name": null, "name_status": "unrecorded", "status": "historical_record; present-day removal unconfirmed", "railway": "rail", "length_km": 0.794653, "original_way_length_km": 0.807798, "start_date": "1879", "end_date": "1961", "license": "https://opendatacommons.org/licenses/odbl/1-0/", "source_license": "https://creativecommons.org/publicdomain/zero/1.0/", "source_license_basis": "OHM default CC0", "tags": {"end_date": "1961", "gauge": "1435", "note": "end-date geschätzt", "railway": "rail", "ref": "PII", "start_date": "1879", "start_date:edtf": "1879/", "usage": "industrial"}}}, {"type": "Feature", "id": "ohm/way/201248004", "geometry": {"type": "LineString", "coordinates": [[16.1122263, 52.10796419999999], [16.1126639, 52.10755539999999], [16.1183247, 52.10231069999999], [16.1187914, 52.101898000000006], [16.1193292, 52.101449], [16.1275528, 52.0947231], [16.127876, 52.094442099999995], [16.127982, 52.094339100000006], [16.1298917, 52.0925578], [16.130231, 52.0922331], [16.13051, 52.0919299], [16.1307514, 52.09162500000001], [16.1308949, 52.0914248], [16.131022300000005, 52.091221299999994], [16.1311832, 52.09094439999999], [16.1313133, 52.09067739999999], [16.1314327, 52.09039399999999], [16.1315413, 52.090053700000006], [16.1316244, 52.0897183], [16.131666, 52.08943069999998], [16.1316901, 52.08912250000001], [16.1316848, 52.088816800000004], [16.1316553, 52.0884691], [16.1315936, 52.0881082], [16.1314903, 52.087748099999985], [16.1313978, 52.08747940000001], [16.1312677, 52.087190199999995], [16.1311054, 52.08689429999999], [16.1309043, 52.08657459999999], [16.1307071, 52.086289500000014], [16.1304617, 52.0859829], [16.1301559, 52.0856656], [16.1298166, 52.08534590000001], [16.1294197, 52.0850245], [16.1290549, 52.08475909999999], [16.1178145, 52.07674720000001], [16.1096115, 52.0709071], [16.1090054, 52.070468600000005], [16.108481, 52.0700572], [16.1080451, 52.0696632], [16.1076991, 52.06931769999999], [16.10729714788338, 52.06890102483083]]}, "properties": {"source": "OpenHistoricalMap", "way_id": 201248004, "source_url": "https://www.openhistoricalmap.org/way/201248004", "name": null, "name_status": "unrecorded", "status": "historical_record; present-day removal unconfirmed", "railway": "rail", "length_km": 5.349348, "original_way_length_km": 16.644336, "start_date": "1906-11-01", "end_date": null, "license": "https://opendatacommons.org/licenses/odbl/1-0/", "source_license": "https://creativecommons.org/publicdomain/zero/1.0/", "source_license_basis": "OHM default CC0", "tags": {"gauge": "1435", "railway": "rail", "source:1:name": "Esri World Imagery", "source:2:name": "Geoportal 2: Orthophotomap (aerial image) WMTS", "source:3:name": "Geoportal 2: ISOK hillshade", "source:4:name": "Atlas Kolejowy", "source:4:url": "https://www.atlaskolejowy.net/pl/lubuskie/?id=linia&poz=12", "source:5:name": "Ogólnopolska Baza Kolejowa", "source:5:url": "https://www.bazakolejowa.pl/index.php?dzial=linie&id=613", "start_date": "1906-11-01", "start_date:source:1:name": "Königliche Eisenbahndirektion zu Posen", "start_date:source:1:url": "https://www.bahnstatistik.de/Direktionen/RBD_Posen.htm", "start_date:source:2:url": "https://www.atlaskolejowy.net/pl/lubuskie/?id=linia&poz=12", "start_date:source:3:url": "https://www.bazakolejowa.pl/index.php?dzial=linie&id=613&okno=historia", "usage": "branch"}}}, {"type": "Feature", "id": "ohm/way/201248670", "geometry": {"type": "LineString", "coordinates": [[15.6000108, 52.050127599999996], [15.6008239, 52.044922199999995], [15.6009007, 52.044576600000006], [15.6009789, 52.0443413], [15.6011153, 52.04404079999999], [15.601311600000002, 52.04371069999999], [15.601558800000001, 52.0433803], [15.6018297, 52.04308499999999], [15.6021244, 52.0428014], [15.602517100000002, 52.04251379999998], [15.602885000000002, 52.0422634], [15.6032796, 52.042052899999995], [15.6099631, 52.038588], [15.6102816, 52.0384242], [15.610671400000001, 52.0382546], [15.6111147, 52.0380884], [15.611522300000003, 52.0379505], [15.6119406, 52.0378394], [15.6123637, 52.03773999999999], [15.612815300000001, 52.0376493], [15.613276399999998, 52.03757619999999], [15.613785, 52.037526499999984], [15.6142366, 52.03748849999999], [15.6147528, 52.03747799999999], [15.6151354, 52.037482999999995], [15.615628300000001, 52.03751209999999], [15.616236700000002, 52.03756799999999], [15.616693600000001, 52.037627199999996], [15.6185719, 52.0379022]]}, "properties": {"source": "OpenHistoricalMap", "way_id": 201248670, "source_url": "https://www.openhistoricalmap.org/way/201248670", "name": null, "name_status": "unrecorded", "status": "historical_record; present-day removal unconfirmed", "railway": "rail", "length_km": 2.176608, "original_way_length_km": 2.176608, "start_date": "1915-11-01", "end_date": "2012", "license": "https://opendatacommons.org/licenses/odbl/1-0/", "source_license": "https://creativecommons.org/publicdomain/zero/1.0/", "source_license_basis": "OHM default CC0", "tags": {"end_date": "2012", "end_date:edtf": "[2004..2012-07-25]", "end_date:source:url": "https://www.bazakolejowa.pl/index.php?dzial=linie&id=621&okno=historia", "gauge": "1435", "railway": "rail", "source:1:name": "Esri World Imagery", "source:2:name": "Geoportal 2: ISOK hillshade", "source:3:name": "Geoportal 2: Orthophotomap (aerial image) WMS", "source:4:name": "Atlas Kolejowy", "source:4:url": "https://www.atlaskolejowy.net/pl/lubuskie/?id=linia&poz=30", "source:5:name": "Ogólnopolska Baza Kolejowa", "source:5:url": "https://www.bazakolejowa.pl/index.php?dzial=linie&id=621", "start_date": "1915-11-01", "start_date:source:1:name": "Königliche Eisenbahndirektion zu Posen", "start_date:source:1:url": "https://www.bahnstatistik.de/Direktionen/RBD_Posen.htm", "start_date:source:2:url": "https://www.atlaskolejowy.net/pl/lubuskie/?id=linia&poz=30", "start_date:source:3:url": "https://www.bazakolejowa.pl/index.php?dzial=linie&id=621&okno=historia", "usage": "branch"}}}, {"type": "Feature", "id": "ohm/way/201248671", "geometry": {"type": "LineString", "coordinates": [[15.6113972, 52.0884284], [15.611011699999999, 52.0881436], [15.6089061, 52.086879499999995], [15.6077689, 52.08615759999999], [15.6049579, 52.084304200000005], [15.6047165, 52.084146800000006], [15.604519400000001, 52.084011699999984], [15.6042552, 52.0838246], [15.6041197, 52.0837166], [15.6039937, 52.08361529999999], [15.603872999999998, 52.08351139999999], [15.603752300000002, 52.08340679999999], [15.603618200000001, 52.0832831], [15.601801, 52.0815665], [15.6015971, 52.08137769999999], [15.601441600000001, 52.08124339999999], [15.601288700000001, 52.081114799999995], [15.601135800000002, 52.08099369999999], [15.6009842, 52.080875799999994], [15.600811200000003, 52.08076369999999], [15.6006047, 52.0806384], [15.6003928, 52.08051230000001], [15.600189, 52.080403499999996], [15.5999824, 52.0803022], [15.599793300000002, 52.0802173], [15.5996069, 52.0801382], [15.5994527, 52.0800755], [15.599169700000001, 52.079974099999994], [15.598877400000001, 52.0798752], [15.5985568, 52.0797714], [15.596435200000002, 52.0790939], [15.5962099, 52.07901229999999], [15.5959752, 52.0789159], [15.5957378, 52.0788096], [15.5955045, 52.0786966], [15.595271100000001, 52.078573799999994], [15.595035099999999, 52.0784387], [15.5948677, 52.0783318], [15.5946188, 52.078167099999995], [15.5943969, 52.077995399999985], [15.594195000000001, 52.077832399999984], [15.594014600000001, 52.0776655], [15.593848, 52.07750409999999], [15.593677300000001, 52.077315299999995], [15.593506200000002, 52.077104899999995], [15.593356, 52.0768861], [15.5932545, 52.0767256], [15.5931283, 52.0764855], [15.593026100000001, 52.07624740000001], [15.5929381, 52.07598299999999], [15.5928787, 52.07573909999999], [15.5928383, 52.075481999999994], [15.5928268, 52.0752332], [15.592831200000001, 52.0750262], [15.592852600000002, 52.07474719999998], [15.592921500000001, 52.0744821], [15.5930047, 52.0742285], [15.593104500000003, 52.07398019999999], [15.593226699999999, 52.0737142], [15.5968677, 52.065930999999985], [15.5975885, 52.0643679], [15.597660800000002, 52.064176599999996], [15.597759500000002, 52.06392379999999], [15.5978391, 52.0636681], [15.5979151, 52.063387500000005], [15.5979697, 52.06311199999999], [15.5980159, 52.06285859999999], [15.598063800000002, 52.0625154], [15.5994511, 52.0537103], [15.6000108, 52.050127599999996]]}, "properties": {"source": "OpenHistoricalMap", "way_id": 201248671, "source_url": "https://www.openhistoricalmap.org/way/201248671", "name": null, "name_status": "unrecorded", "status": "historical_record; present-day removal unconfirmed", "railway": "rail", "length_km": 4.844915, "original_way_length_km": 4.844915, "start_date": "1915-11-01", "end_date": null, "license": "https://opendatacommons.org/licenses/odbl/1-0/", "source_license": "https://creativecommons.org/publicdomain/zero/1.0/", "source_license_basis": "OHM default CC0", "tags": {"gauge": "1435", "railway": "rail", "source:1:name": "Esri World Imagery", "source:2:name": "Geoportal 2: ISOK hillshade", "source:3:name": "Geoportal 2: Orthophotomap (aerial image) WMS", "source:4:name": "Atlas Kolejowy", "source:4:url": "https://www.atlaskolejowy.net/pl/lubuskie/?id=linia&poz=30", "source:5:name": "Ogólnopolska Baza Kolejowa", "source:5:url": "https://www.bazakolejowa.pl/index.php?dzial=linie&id=621", "start_date": "1915-11-01", "start_date:source:1:name": "Königliche Eisenbahndirektion zu Posen", "start_date:source:1:url": "https://www.bahnstatistik.de/Direktionen/RBD_Posen.htm", "start_date:source:2:url": "https://www.atlaskolejowy.net/pl/lubuskie/?id=linia&poz=30", "start_date:source:3:url": "https://www.bazakolejowa.pl/index.php?dzial=linie&id=621&okno=historia", "usage": "branch"}}}, {"type": "Feature", "id": "ohm/way/201286437", "geometry": {"type": "LineString", "coordinates": [[15.079303999999999, 52.03407940000001], [15.0754362, 52.034657]]}, "properties": {"source": "OpenHistoricalMap", "way_id": 201286437, "source_url": "https://www.openhistoricalmap.org/way/201286437", "name": null, "name_status": "unrecorded", "status": "historical_record; present-day removal unconfirmed", "railway": "rail", "length_km": 0.273099, "original_way_length_km": 0.273099, "start_date": "1870-06-26", "end_date": null, "license": "https://opendatacommons.org/licenses/odbl/1-0/", "source_license": "https://creativecommons.org/publicdomain/zero/1.0/", "source_license_basis": "OHM default CC0", "tags": {"bridge": "yes", "gauge": "1435", "layer": "1", "railway": "rail", "source:1:name": "Esri World Imagery", "source:2:name": "Geoportal 2: Orthophotomap (aerial image) WMTS", "source:3:name": "Atlas Kolejowy", "source:3:url": "https://www.atlaskolejowy.net/pl/lubuskie/?id=linia&poz=21", "source:4:name": "Ogólnopolska Baza Kolejowa", "source:4:url": "https://www.bazakolejowa.pl/index.php?dzial=linie&id=600", "start_date": "1870-06-26", "start_date:source:1:name": "Königliche Eisenbahndirektion zu Posen", "start_date:source:1:url": "https://www.bahnstatistik.de/Direktionen/RBD_Posen.htm", "start_date:source:2:url": "https://www.atlaskolejowy.net/pl/lubuskie/?id=linia&poz=21", "start_date:source:3:url": "https://www.bazakolejowa.pl/index.php?dzial=linie&id=600&okno=historia", "usage": "branch"}}}, {"type": "Feature", "id": "ohm/way/201286438", "geometry": {"type": "LineString", "coordinates": [[15.412268400000002, 52.01499069999999], [15.409003800000002, 52.01549899999999], [15.4024655, 52.01653399999999], [15.399838099999998, 52.0169478], [15.3978253, 52.01726609999999], [15.3957693, 52.01760409999999], [15.391820200000002, 52.0182276], [15.3885114, 52.0187501], [15.3870229, 52.018983899999995], [15.385211300000002, 52.01928819999999], [15.383185, 52.01962120000001], [15.381130100000002, 52.0199489], [15.377018499999998, 52.020597900000006], [15.3730783, 52.021218499999996], [15.356451299999998, 52.02384369999999], [15.344117100000002, 52.0257813], [15.3433245, 52.0259108], [15.3422812, 52.02609069999999], [15.3407885, 52.0263614], [15.3398846, 52.02652559999999], [15.335715100000002, 52.027282299999996], [15.334391400000001, 52.027521500000006], [15.329724400000002, 52.028369], [15.328862099999998, 52.0285307], [15.328331, 52.028642099999985], [15.3278831, 52.0287436], [15.3275666, 52.028820299999985], [15.3272514, 52.0289053], [15.3269376, 52.02899029999999], [15.3266412, 52.0290769], [15.326343500000002, 52.02916689999999], [15.326048399999998, 52.0292651], [15.3255308, 52.0294441], [15.3249675, 52.029657], [15.3244311, 52.02987399999999], [15.314765700000002, 52.03385250000001], [15.314159500000002, 52.0341017], [15.3136298, 52.034312099999994], [15.313202, 52.034477100000004], [15.312764800000002, 52.034636299999995], [15.312149199999999, 52.034837599999996], [15.311594000000001, 52.0350018], [15.311156800000001, 52.035119], [15.3107169, 52.0352295], [15.310279700000002, 52.0353285], [15.3098318, 52.03542089999999], [15.3093758, 52.035509999999995], [15.308874200000002, 52.0355917], [15.3083499, 52.03567170000001], [15.307889900000001, 52.0357394], [15.306606399999998, 52.0359184], [15.3049394, 52.0361494], [15.3007847, 52.03674749999999], [15.2980609, 52.0371344], [15.286488500000003, 52.03877529999999], [15.2858596, 52.0388611], [15.2852842, 52.038932], [15.2846552, 52.0390022], [15.284041, 52.0390574], [15.2834107, 52.0391086], [15.282788399999998, 52.03914819999999], [15.2821474, 52.03918029999999], [15.281503600000002, 52.03920260000001], [15.2808599, 52.039214199999996], [15.280216200000002, 52.039220799999995], [15.279192899999998, 52.03922819999998], [15.270634, 52.03927439999999], [15.250615300000002, 52.0393808], [15.232953, 52.0394715], [15.2196734, 52.03954329999999], [15.216536500000002, 52.03955979999999], [15.2157359, 52.0395648], [15.2149875, 52.0395763], [15.214502100000002, 52.0395887], [15.2140072, 52.03960599999999], [15.2135311, 52.039629899999994], [15.2130376, 52.03965469999999], [15.212549399999999, 52.0396844], [15.2120398, 52.03971489999999], [15.211324999999999, 52.0397545], [15.2084362, 52.0399244], [15.2020513, 52.0402907], [15.192619299999999, 52.04083759999999], [15.1915115, 52.040897799999996], [15.190492300000003, 52.0409308], [15.189667500000002, 52.040939899999984], [15.188700600000002, 52.040933299999985], [15.188005899999999, 52.04091350000001], [15.187391600000002, 52.04088629999999], [15.186777400000002, 52.040850799999994], [15.1861605, 52.04080879999999], [15.185609300000001, 52.0407601], [15.1850568, 52.0407089], [15.184748300000003, 52.040678400000004], [15.1810348, 52.0402973], [15.1720574, 52.0393858], [15.1712689, 52.0392934], [15.170757900000002, 52.03923069999999], [15.1703221, 52.039174599999996], [15.169929099999997, 52.03911599999999], [15.169526799999998, 52.039054099999994], [15.1691486, 52.03898900000001], [15.168727499999997, 52.03891389999999], [15.1683225, 52.03883799999999], [15.1679081, 52.0387571], [15.167453400000001, 52.038661499999996], [15.1671074, 52.038585600000005], [15.166768100000002, 52.0385047], [15.1664127, 52.038421400000004], [15.165995699999998, 52.03831659999999], [15.1655906, 52.03820940000001], [15.1651883, 52.03809880000001], [15.1452863, 52.032303899999995], [15.144745899999998, 52.0321471], [15.1441558, 52.031982099999986], [15.1435684, 52.031827799999995], [15.142975600000002, 52.031681], [15.1423708, 52.031544], [15.1417606, 52.0314145], [15.1411436, 52.0312948], [15.1405254, 52.0311835], [15.1399004, 52.031080300000006], [15.1392782, 52.0309879], [15.1386559, 52.0309062], [15.1381423, 52.030844299999984], [15.1376018, 52.03078579999999], [15.137061300000001, 52.030733], [15.136520900000002, 52.03068179999999], [15.1320939, 52.030267599999995], [15.124349, 52.02954069999999], [15.1234169, 52.0294549], [15.1224835, 52.029378900000005], [15.122028900000002, 52.02934509999999], [15.1214334, 52.0293055], [15.120842, 52.02927499999999], [15.120257299999999, 52.029248599999995], [15.119672599999998, 52.029224599999985], [15.119093200000002, 52.029207299999996], [15.118517900000002, 52.0291949], [15.1179439, 52.02918749999999], [15.117285400000002, 52.0291817], [15.116565200000002, 52.029185899999995], [15.115862500000002, 52.02919490000001], [15.1155661, 52.0292007], [15.1149626, 52.02921799999999], [15.1143739, 52.02923869999999], [15.1138951, 52.029259299999985], [15.1134177, 52.0292832], [15.1129402, 52.029311299999996], [15.112425199999999, 52.0293426], [15.111782800000002, 52.02938639999999], [15.111157899999998, 52.02943749999999], [15.110534300000001, 52.029491199999995], [15.110098399999998, 52.0295349], [15.1096626, 52.0295794], [15.109057699999997, 52.02964629999999], [15.1084878, 52.02971149999999], [15.107924500000001, 52.0297849], [15.107381300000002, 52.0298592], [15.1068422, 52.02993750000001], [15.1063031, 52.0300176], [15.105765299999998, 52.03009839999999], [15.1032963, 52.03046969999998], [15.094316299999997, 52.03181630000001], [15.0907141, 52.03235749999998], [15.088651499999997, 52.03266689999999], [15.083025500000002, 52.0335101], [15.0803862, 52.03391609999999], [15.079303999999999, 52.03407940000001]]}, "properties": {"source": "OpenHistoricalMap", "way_id": 201286438, "source_url": "https://www.openhistoricalmap.org/way/201286438", "name": null, "name_status": "unrecorded", "status": "historical_record; present-day removal unconfirmed", "railway": "rail", "length_km": 23.597845, "original_way_length_km": 23.597845, "start_date": "1870-06-26", "end_date": null, "license": "https://opendatacommons.org/licenses/odbl/1-0/", "source_license": "https://creativecommons.org/publicdomain/zero/1.0/", "source_license_basis": "OHM default CC0", "tags": {"gauge": "1435", "railway": "rail", "source:1:name": "Esri World Imagery", "source:2:name": "Geoportal 2: Orthophotomap (aerial image) WMTS", "source:3:name": "Atlas Kolejowy", "source:3:url": "https://www.atlaskolejowy.net/pl/lubuskie/?id=linia&poz=21", "source:4:name": "Ogólnopolska Baza Kolejowa", "source:4:url": "https://www.bazakolejowa.pl/index.php?dzial=linie&id=600", "start_date": "1870-06-26", "start_date:source:1:name": "Königliche Eisenbahndirektion zu Posen", "start_date:source:1:url": "https://www.bahnstatistik.de/Direktionen/RBD_Posen.htm", "start_date:source:2:url": "https://www.atlaskolejowy.net/pl/lubuskie/?id=linia&poz=21", "start_date:source:3:url": "https://www.bazakolejowa.pl/index.php?dzial=linie&id=600&okno=historia", "usage": "branch"}}}, {"type": "Feature", "id": "ohm/way/201286439", "geometry": {"type": "LineString", "coordinates": [[14.7040555, 51.9668095], [14.704217400000001, 51.9664382], [14.704248400000003, 51.966320299999985], [14.704292700000002, 51.96616550000001], [14.7043262, 51.9660292], [14.7043863, 51.96582529999999], [14.704483399999999, 51.96554939999999], [14.7051308, 51.963480399999995], [14.7053455, 51.96278629999999], [14.705480499999998, 51.96224639999999], [14.7056872, 51.96126700000001], [14.7058059, 51.960792500000004], [14.7059415, 51.96031119999999], [14.7066625, 51.95797969999999], [14.707093799999999, 51.9565851], [14.707524700000002, 51.955201800000005], [14.7076519, 51.95475989999999], [14.7077074, 51.95458829999999], [14.7078003, 51.9543322], [14.707865799999999, 51.954157099999996], [14.7079367, 51.953938099999995], [14.7080182, 51.95367899999999], [14.7085831, 51.951955899999994], [14.708758300000001, 51.951433200000004], [14.7089941, 51.95066309999999], [14.7091538, 51.95015060000001], [14.7093938, 51.94935209999999], [14.7095226, 51.948965199999996], [14.7096419, 51.9485817], [14.7097304, 51.94832379999999], [14.7098806, 51.94785089999999], [14.7100979, 51.9473392], [14.7102012, 51.9470863], [14.7104238, 51.9466209], [14.7106343, 51.946238199999996], [14.7108623, 51.945838099999996], [14.711034, 51.94557429999999], [14.7112472, 51.9452486], [14.711429600000002, 51.9449915], [14.7116321, 51.944716299999996], [14.7118306, 51.94446489999999], [14.712005, 51.944245], [14.7122477, 51.943958999999985], [14.712576299999998, 51.9435977], [14.712908500000001, 51.94325079999999], [14.713176500000001, 51.942986499999996], [14.713634400000002, 51.94254850000001], [14.714214100000001, 51.9420221], [14.7150456, 51.9412758], [14.715794099999998, 51.940594099999984], [14.7161933, 51.9402395]]}, "properties": {"source": "OpenHistoricalMap", "way_id": 201286439, "source_url": "https://www.openhistoricalmap.org/way/201286439", "name": "Kolej Dolnośląsko Marchijska", "name_status": "recorded", "status": "historical_record; present-day removal unconfirmed", "railway": "rail", "length_km": 3.106674, "original_way_length_km": 3.106674, "start_date": "1846-09-01", "end_date": null, "license": "https://opendatacommons.org/licenses/odbl/1-0/", "source_license": "https://creativecommons.org/publicdomain/zero/1.0/", "source_license_basis": "OHM default CC0", "tags": {"gauge": "1435", "name": "Kolej Dolnośląsko Marchijska", "name:de": "Niederschlesisch-Märkische Eisenbahn", "railway": "rail", "source:1:name": "Esri World Imagery", "source:2:name": "Eisenbahnatlas", "source:2:url": "https://www.atlaskolejowy.net/de/deutschland/?id=linia&poz=1213", "source:3:name": "Wikipedia - Niederschlesisch-Märkische Eisenbahn", "source:3:url": "https://de.wikipedia.org/wiki/Niederschlesisch-M%C3%A4rkische_Eisenbahn", "start_date": "1846-09-01", "start_date:source:1:name": "Königliche Eisenbahndirektion zu Posen", "start_date:source:1:url": "https://www.bahnstatistik.de/Direktionen/RBD_Posen.htm", "start_date:source:2:url": "https://de.wikipedia.org/wiki/Niederschlesisch-M%C3%A4rkische_Eisenbahn", "usage": "main"}}}, {"type": "Feature", "id": "ohm/way/201286440", "geometry": {"type": "LineString", "coordinates": [[14.7161933, 51.9402395], [14.7176132, 51.9389592]]}, "properties": {"source": "OpenHistoricalMap", "way_id": 201286440, "source_url": "https://www.openhistoricalmap.org/way/201286440", "name": "Kolej Dolnośląsko Marchijska", "name_status": "recorded", "status": "historical_record; present-day removal unconfirmed", "railway": "rail", "length_km": 0.172708, "original_way_length_km": 0.172708, "start_date": "1846-09-01", "end_date": null, "license": "https://opendatacommons.org/licenses/odbl/1-0/", "source_license": "https://creativecommons.org/publicdomain/zero/1.0/", "source_license_basis": "OHM default CC0", "tags": {"bridge": "yes", "gauge": "1435", "layer": "1", "name": "Kolej Dolnośląsko Marchijska", "railway": "rail", "start_date": "1846-09-01", "usage": "main"}}}, {"type": "Feature", "id": "ohm/way/201286441", "geometry": {"type": "LineString", "coordinates": [[14.7073124, 51.9739235], [14.7055542, 51.972821399999994]]}, "properties": {"source": "OpenHistoricalMap", "way_id": 201286441, "source_url": "https://www.openhistoricalmap.org/way/201286441", "name": null, "name_status": "unrecorded", "status": "historical_record; present-day removal unconfirmed", "railway": "rail", "length_km": 0.172149, "original_way_length_km": 0.172149, "start_date": "1870-06-26", "end_date": null, "license": "https://opendatacommons.org/licenses/odbl/1-0/", "source_license": "https://creativecommons.org/publicdomain/zero/1.0/", "source_license_basis": "OHM default CC0", "tags": {"bridge": "yes", "gauge": "1435", "layer": "1", "railway": "rail", "source:1:name": "Esri World Imagery", "source:2:name": "Geoportal 2: Orthophotomap (aerial image) WMTS", "source:3:name": "Atlas Kolejowy", "source:3:url": "https://www.atlaskolejowy.net/pl/lubuskie/?id=linia&poz=21", "source:4:name": "Ogólnopolska Baza Kolejowa", "source:4:url": "https://www.bazakolejowa.pl/index.php?dzial=linie&id=600", "start_date": "1870-06-26", "start_date:source:1:name": "Königliche Eisenbahndirektion zu Posen", "start_date:source:1:url": "https://www.bahnstatistik.de/Direktionen/RBD_Posen.htm", "start_date:source:2:url": "https://www.atlaskolejowy.net/pl/lubuskie/?id=linia&poz=21", "start_date:source:3:url": "https://www.bazakolejowa.pl/index.php?dzial=linie&id=600&okno=historia", "usage": "branch"}}}, {"type": "Feature", "id": "ohm/way/201286442", "geometry": {"type": "LineString", "coordinates": [[14.7055542, 51.972821399999994], [14.705221699999997, 51.9725818], [14.7049816, 51.972384299999995], [14.7047657, 51.97218769999999], [14.7045954, 51.97202], [14.704441099999999, 51.971858000000005], [14.7043097, 51.9716978], [14.7041796, 51.97153500000001], [14.7040696, 51.9713722], [14.703964999999998, 51.97121030000001], [14.703868499999999, 51.9710459], [14.7037773, 51.970883099999995], [14.7037049, 51.9707105], [14.7036324, 51.970538600000005], [14.7035734, 51.97036260000001], [14.703518400000002, 51.9701809], [14.7034742, 51.969989999999996], [14.7034474, 51.9697942], [14.7034273, 51.96959749999999], [14.703417900000002, 51.9694017], [14.7034219, 51.9691002], [14.703440700000002, 51.9689002], [14.7034742, 51.968645699999996], [14.703529200000002, 51.96836729999999], [14.7036043, 51.968099599999995], [14.7036861, 51.96783929999999], [14.7037733, 51.967580699999985], [14.703843, 51.96738239999999], [14.703952999999998, 51.967073400000004], [14.7040555, 51.9668095]]}, "properties": {"source": "OpenHistoricalMap", "way_id": 201286442, "source_url": "https://www.openhistoricalmap.org/way/201286442", "name": null, "name_status": "unrecorded", "status": "historical_record; present-day removal unconfirmed", "railway": "rail", "length_km": 0.709567, "original_way_length_km": 0.709567, "start_date": "1870-06-26", "end_date": null, "license": "https://opendatacommons.org/licenses/odbl/1-0/", "source_license": "https://creativecommons.org/publicdomain/zero/1.0/", "source_license_basis": "OHM default CC0", "tags": {"gauge": "1435", "railway": "rail", "source:1:name": "Esri World Imagery", "source:2:name": "Eisenbahnatlas", "source:2:url": "https://www.eisenbahnatlas.net/de/deutschland/?id=linia&poz=1212", "source:3:name": "Wikipedia - Bahnstrecke Guben–Zbąszynek", "source:3:url": "https://de.wikipedia.org/wiki/Bahnstrecke_Guben%E2%80%93Zb%C4%85szynek", "start_date": "1870-06-26", "start_date:source:1:name": "Königliche Eisenbahndirektion zu Posen", "start_date:source:1:url": "https://www.bahnstatistik.de/Direktionen/RBD_Posen.htm", "start_date:source:2:url": "https://de.wikipedia.org/wiki/Bahnstrecke_Guben%E2%80%93Zb%C4%85szynek", "usage": "branch"}}}, {"type": "Feature", "id": "ohm/way/201286443", "geometry": {"type": "LineString", "coordinates": [[15.0754362, 52.034657], [15.0744237, 52.0348079], [15.0735171, 52.0349391], [15.0729123, 52.035020799999984], [15.0724536, 52.03507689999999], [15.0719815, 52.0351256], [15.071496099999997, 52.0351709], [15.071044100000002, 52.035204799999995], [15.0705922, 52.035234499999994], [15.070130799999998, 52.03525669999999], [15.069688299999997, 52.0352741], [15.0692484, 52.0352864], [15.068811200000003, 52.03529139999999], [15.06837, 52.035293], [15.0678992, 52.0352856], [15.067428500000002, 52.035274099999995], [15.066957799999999, 52.0352559], [15.0665005, 52.03523119999999], [15.0660445, 52.0352023], [15.065616700000001, 52.03516849999999], [15.065254600000001, 52.035136300000005], [15.064895200000002, 52.0351016], [15.0645331, 52.03506289999999], [15.064175000000002, 52.03501909999999], [15.0637941, 52.03496959999998], [15.0634199, 52.034916800000005], [15.0630458, 52.03485659999999], [15.0626716, 52.03479639999999], [15.0623041, 52.03472959999999], [15.06182, 52.0346396], [15.0614217, 52.034559599999994], [15.061027400000002, 52.03447129999999], [15.0538361, 52.032900999999995], [15.040538, 52.029997], [15.0237407, 52.0263193], [15.0149055, 52.02438339999999], [14.998417899999998, 52.02077119999999], [14.9837624, 52.01756079999999], [14.9774216, 52.0161684], [14.976893200000001, 52.0160553], [14.976156900000001, 52.0159035], [14.975420700000003, 52.01575569999999], [14.9746858, 52.015615399999994], [14.973957500000001, 52.0154833], [14.9733071, 52.01537439999999], [14.972658, 52.01526789999999], [14.972008900000002, 52.015165599999996], [14.9713598, 52.01507060000001], [14.970712099999998, 52.01498070000001], [14.9700737, 52.014897299999994], [14.969438000000002, 52.01481809999999], [14.9688023, 52.01474379999999], [14.9681693, 52.0146695], [14.9636579, 52.0141454], [14.956791400000002, 52.0133579], [14.946447500000001, 52.0121627], [14.9400491, 52.01142559999999], [14.9361344, 52.0109757], [14.9249321, 52.009683], [14.902990300000003, 52.0071545], [14.8906253, 52.00573779999999], [14.875904, 52.00404549999999], [14.870992899999997, 52.00348319999999], [14.870071599999998, 52.0033742], [14.8691931, 52.0032702], [14.868611100000003, 52.003195000000005], [14.8680331, 52.003119099999985], [14.867459099999998, 52.0030406], [14.8669267, 52.00296059999999], [14.866426400000002, 52.0028838], [14.8659369, 52.0028053], [14.8654474, 52.00272279999999], [14.865202000000002, 52.0026832], [14.8648466, 52.00262039999999], [14.8644899, 52.0025552], [14.863789799999997, 52.00242560000001], [14.8632199, 52.0023133], [14.862651199999998, 52.00220099999999], [14.8621081, 52.0020854], [14.861644099999998, 52.00198549999999], [14.861303400000002, 52.00191199999999], [14.8609641, 52.001835199999995], [14.8606181, 52.001752700000004], [14.8602238, 52.00166099999999], [14.859814800000002, 52.001561099999996], [14.8586802, 52.00127630000001], [14.8579775, 52.00109049999998], [14.857363300000001, 52.0009213], [14.8567893, 52.00075779999998], [14.8562796, 52.000609999999995], [14.8558518, 52.0004812], [14.8554213, 52.000353999999994], [14.8550633, 52.0002393], [14.854744099999998, 52.000137699999996], [14.8544356, 52.000040299999995], [14.854127199999999, 51.9999404], [14.853818700000001, 51.99983879999999], [14.853511599999997, 51.9997364], [14.853205799999998, 51.999631599999994], [14.852900100000001, 51.999526700000004], [14.851143200000001, 51.99889339999999], [14.8498356, 51.998390599999986], [14.820453399999998, 51.9872059], [14.819861900000001, 51.98697879999999], [14.819444899999999, 51.98682019999999], [14.819017100000002, 51.986664999999995], [14.8188628, 51.9866096], [14.818431000000002, 51.9864651], [14.81803, 51.986332999999995], [14.817629000000002, 51.9862066], [14.8172227, 51.986089299999996], [14.8168123, 51.985973699999995], [14.816404600000002, 51.98586959999999], [14.8159888, 51.9857639], [14.815574400000001, 51.9856689], [14.815177499999999, 51.985581399999994], [14.8147765, 51.9855012], [14.814370100000001, 51.98542359999998], [14.813949, 51.985346799999995], [14.8135279, 51.98527819999999], [14.813124200000003, 51.985218], [14.812720599999999, 51.9851601], [14.8123169, 51.98510809999998], [14.811913200000001, 51.98506099999999], [14.8115163, 51.9850214], [14.811119300000001, 51.98498420000001], [14.810723700000002, 51.98495359999999], [14.8103347, 51.98492470000001], [14.8099485, 51.9849016], [14.809573000000002, 51.9848867], [14.8091975, 51.984871899999995], [14.808822, 51.9848595], [14.8084465, 51.9848521], [14.7935669, 51.98452660000001], [14.7860768, 51.984354800000006], [14.7697006, 51.9839931], [14.7690167, 51.98397489999999], [14.7683528, 51.9839493], [14.76776, 51.98392119999999], [14.767194100000001, 51.9838824], [14.766661700000002, 51.9838394], [14.766528900000003, 51.98382699999999], [14.7660729, 51.98378489999999], [14.765625, 51.9837395], [14.765173, 51.9836891], [14.7647211, 51.9836371], [14.7642691, 51.98358340000001], [14.7638118, 51.983528899999996], [14.763166799999999, 51.9834521], [14.761864500000001, 51.9832993], [14.745448099999999, 51.9813582], [14.737272700000002, 51.9803868], [14.7340272, 51.980001800000004], [14.7204472, 51.978380300000005], [14.719839700000001, 51.9783018], [14.719511100000002, 51.978254699999994], [14.7191893, 51.97820349999999], [14.718864700000001, 51.978151499999996], [14.7185428, 51.97809610000001], [14.718218299999998, 51.97803830000001], [14.7178937, 51.977977999999986], [14.717570500000003, 51.977916900000004], [14.717250000000002, 51.97784999999999], [14.7169416, 51.9777822], [14.7166331, 51.9777128], [14.716326000000002, 51.977641000000006], [14.715914300000001, 51.977537700000006], [14.7155146, 51.97743529999999], [14.715116300000002, 51.9773271], [14.7147207, 51.977213099999986], [14.7143318, 51.97709819999999], [14.713957600000002, 51.97698179999998], [14.7135942, 51.976861099999994], [14.7132348, 51.976743799999994], [14.7128619, 51.97661169999999], [14.7125213, 51.976487799999994], [14.7121739, 51.9763581], [14.711648200000003, 51.9761499], [14.7112526, 51.975983799999995], [14.7108583, 51.975813599999995], [14.710465400000002, 51.97563769999999], [14.710073799999998, 51.9754559], [14.7096768, 51.975261800000006], [14.7092906, 51.9750627], [14.708907000000002, 51.97486279999999], [14.708471099999999, 51.97461989999999], [14.7080983, 51.9744001], [14.7077148, 51.97417380000001], [14.7073124, 51.9739235]]}, "properties": {"source": "OpenHistoricalMap", "way_id": 201286443, "source_url": "https://www.openhistoricalmap.org/way/201286443", "name": null, "name_status": "unrecorded", "status": "historical_record; present-day removal unconfirmed", "railway": "rail", "length_km": 26.511401, "original_way_length_km": 26.511401, "start_date": "1870-06-26", "end_date": null, "license": "https://opendatacommons.org/licenses/odbl/1-0/", "source_license": "https://creativecommons.org/publicdomain/zero/1.0/", "source_license_basis": "OHM default CC0", "tags": {"gauge": "1435", "railway": "rail", "source:1:name": "Esri World Imagery", "source:2:name": "Geoportal 2: Orthophotomap (aerial image) WMTS", "source:3:name": "Atlas Kolejowy", "source:3:url": "https://www.atlaskolejowy.net/pl/lubuskie/?id=linia&poz=21", "source:4:name": "Ogólnopolska Baza Kolejowa", "source:4:url": "https://www.bazakolejowa.pl/index.php?dzial=linie&id=600", "start_date": "1870-06-26", "start_date:source:1:name": "Königliche Eisenbahndirektion zu Posen", "start_date:source:1:url": "https://www.bahnstatistik.de/Direktionen/RBD_Posen.htm", "start_date:source:2:url": "https://www.atlaskolejowy.net/pl/lubuskie/?id=linia&poz=21", "start_date:source:3:url": "https://www.bazakolejowa.pl/index.php?dzial=linie&id=600&okno=historia", "usage": "branch"}}}, {"type": "Feature", "id": "ohm/way/201310232", "geometry": {"type": "LineString", "coordinates": [[15.5975907, 52.0798387], [15.5973304, 52.07980070000001], [15.596970400000002, 52.079751800000004], [15.5967517, 52.079729099999994]]}, "properties": {"source": "OpenHistoricalMap", "way_id": 201310232, "source_url": "https://www.openhistoricalmap.org/way/201310232", "name": null, "name_status": "unrecorded", "status": "historical_record; present-day removal unconfirmed", "railway": "rail", "length_km": 0.058816, "original_way_length_km": 0.058816, "start_date": "1919-06-16", "end_date": "2016", "license": "https://opendatacommons.org/licenses/odbl/1-0/", "source_license": "https://creativecommons.org/publicdomain/zero/1.0/", "source_license_basis": "OHM default CC0", "tags": {"bridge": "yes", "end_date": "2016", "end_date:edtf": "[2016,2016-10?]", "end_date:source:1:url": "https://www.atlaskolejowy.net/pl/lubuskie/?id=linia&poz=32", "end_date:source:2:url": "https://www.bazakolejowa.pl/index.php?dzial=linie&id=625&okno=historia", "gauge": "1435", "layer": "1", "railway": "rail", "source:1:name": "Esri World Imagery", "source:2:name": "Geoportal 2: ISOK hillshade", "source:3:name": "Geoportal 2: Orthophotomap (aerial image) WMTS", "source:4:name": "Atlas Kolejowy", "source:4:url": "https://www.atlaskolejowy.net/pl/lubuskie/?id=linia&poz=32", "source:5:name": "Ogólnopolska Baza Kolejowa", "source:5:url": "https://www.bazakolejowa.pl/index.php?dzial=linie&id=625", "start_date": "1919-06-16", "start_date:edtf": "[1919-06-16,1919-07-01]", "start_date:source:1:name": "Königliche Eisenbahndirektion zu Posen", "start_date:source:1:url": "https://www.bahnstatistik.de/Direktionen/RBD_Posen.htm", "start_date:source:2:url": "https://www.bazakolejowa.pl/index.php?dzial=linie&id=625&okno=historia", "start_date:source:3:url": "https://www.atlaskolejowy.net/pl/lubuskie/?id=linia&poz=32", "usage": "branch"}}}, {"type": "Feature", "id": "ohm/way/201310233", "geometry": {"type": "LineString", "coordinates": [[15.6099739, 52.087576500000004], [15.609317300000003, 52.0871909], [15.6086776, 52.08680389999999], [15.6075851, 52.086098799999995], [15.6060435, 52.0850786], [15.6045238, 52.08408980000001], [15.604134, 52.08382549999999], [15.603889200000001, 52.08364290000001], [15.603619500000002, 52.083435499999986], [15.603422200000002, 52.08326460000001], [15.603226100000002, 52.0830879], [15.6018951, 52.081880000000005], [15.6014304, 52.08146289999999], [15.601009700000002, 52.08114609999999], [15.6008053, 52.081018199999995], [15.600525999999999, 52.080849499999985], [15.6002242, 52.0806917], [15.5998748, 52.08052370000001], [15.599571800000001, 52.080393700000016], [15.599309100000001, 52.08029149999999], [15.599089300000001, 52.080216300000004], [15.5987933, 52.080121299999995], [15.5985034, 52.08004239999999], [15.5982099, 52.07996940000001], [15.5979472, 52.07991099999999], [15.5975907, 52.0798387]]}, "properties": {"source": "OpenHistoricalMap", "way_id": 201310233, "source_url": "https://www.openhistoricalmap.org/way/201310233", "name": null, "name_status": "unrecorded", "status": "historical_record; present-day removal unconfirmed", "railway": "rail", "length_km": 1.225127, "original_way_length_km": 1.225127, "start_date": "1919-06-16", "end_date": "2016", "license": "https://opendatacommons.org/licenses/odbl/1-0/", "source_license": "https://creativecommons.org/publicdomain/zero/1.0/", "source_license_basis": "OHM default CC0", "tags": {"end_date": "2016", "end_date:edtf": "[2016,2016-10?]", "end_date:source:1:url": "https://www.atlaskolejowy.net/pl/lubuskie/?id=linia&poz=32", "end_date:source:2:url": "https://www.bazakolejowa.pl/index.php?dzial=linie&id=625&okno=historia", "gauge": "1435", "railway": "rail", "source:1:name": "Esri World Imagery", "source:2:name": "Geoportal 2: ISOK hillshade", "source:3:name": "Geoportal 2: Orthophotomap (aerial image) WMTS", "source:4:name": "Atlas Kolejowy", "source:4:url": "https://www.atlaskolejowy.net/pl/lubuskie/?id=linia&poz=32", "source:5:name": "Ogólnopolska Baza Kolejowa", "source:5:url": "https://www.bazakolejowa.pl/index.php?dzial=linie&id=625", "start_date": "1919-06-16", "start_date:edtf": "[1919-06-16,1919-07-01]", "start_date:source:1:name": "Königliche Eisenbahndirektion zu Posen", "start_date:source:1:url": "https://www.bahnstatistik.de/Direktionen/RBD_Posen.htm", "start_date:source:2:url": "https://www.bazakolejowa.pl/index.php?dzial=linie&id=625&okno=historia", "start_date:source:3:url": "https://www.atlaskolejowy.net/pl/lubuskie/?id=linia&poz=32", "usage": "branch"}}}, {"type": "Feature", "id": "ohm/way/201312266", "geometry": {"type": "LineString", "coordinates": [[16.0531858, 52.12322209999999], [16.0690606, 52.124548], [16.0697848, 52.124603199999996], [16.0706001, 52.12465589999999], [16.0714544, 52.1247032], [16.0718688, 52.12471839999999], [16.0723436, 52.12473370000001], [16.0729095, 52.12474479999999], [16.0735452, 52.124756299999994], [16.0742822, 52.1247575], [16.0748741, 52.1247531], [16.0756293, 52.1247365], [16.076332, 52.1247135], [16.077083, 52.1246806], [16.0777375, 52.1246414], [16.0783839, 52.1245982], [16.0790679, 52.12454389999999], [16.0797009, 52.124485799999995], [16.0803661, 52.12441869999999], [16.0808287, 52.12436689999999], [16.0815328, 52.1242792], [16.081905, 52.124231], [16.0822416, 52.12418039999999], [16.0829712, 52.124074099999994], [16.0837001, 52.12395600000001], [16.0843183, 52.123849], [16.0850251, 52.12371889999999], [16.0856071, 52.123603599999996], [16.0865486, 52.123400999999994], [16.0871674, 52.12325500000001], [16.0878443, 52.1230894], [16.0883953, 52.122947399999994], [16.0889556, 52.12279860000001], [16.0896711, 52.122592199999985], [16.0964579, 52.12060059999999], [16.0970335, 52.120424299999996], [16.0974551, 52.120281799999994], [16.0979676, 52.12009009999999], [16.0983325, 52.11993820000001], [16.0986788, 52.119783], [16.0990988, 52.1195766], [16.0994347, 52.119402099999995], [16.0997813, 52.1191989], [16.1001304, 52.118979399999986], [16.1004611, 52.1187508], [16.1007803, 52.118510699999995], [16.1010097, 52.11833029999998], [16.1011934, 52.118171399999994], [16.1013329, 52.11804289999999], [16.1061823, 52.113551400000006], [16.1065753, 52.1131865], [16.106814, 52.1129024], [16.1069307, 52.11278129999999], [16.1070701, 52.11265290000001], [16.111532, 52.1085298], [16.1119551, 52.1082102], [16.1122263, 52.10796419999999]]}, "properties": {"source": "OpenHistoricalMap", "way_id": 201312266, "source_url": "https://www.openhistoricalmap.org/way/201312266", "name": null, "name_status": "unrecorded", "status": "historical_record; present-day removal unconfirmed", "railway": "rail", "length_km": 4.852548, "original_way_length_km": 4.852548, "start_date": "1905-04-01", "end_date": null, "license": "https://opendatacommons.org/licenses/odbl/1-0/", "source_license": "https://creativecommons.org/publicdomain/zero/1.0/", "source_license_basis": "OHM default CC0", "tags": {"gauge": "1435", "railway": "rail", "source:1:name": "Esri World Imagery", "source:2:name": "Geoportal 2: ISOK hillshade", "source:3:name": "Geoportal 2: Orthophotomap (aerial image) WMTS", "source:4:name": "Atlas Kolejowy", "source:4:url": "https://www.atlaskolejowy.net/pl/lubuskie/?id=linia&poz=10", "source:5:name": "Ogólnopolska Baza Kolejowa", "source:5:url": "https://www.bazakolejowa.pl/index.php?dzial=linie&id=599", "start_date": "1905-04-01", "start_date:source:1:name": "Königliche Eisenbahndirektion zu Posen", "start_date:source:1:url": "https://www.bahnstatistik.de/Direktionen/RBD_Posen.htm", "start_date:source:2:url": "https://www.atlaskolejowy.net/pl/lubuskie/?id=linia&poz=10", "start_date:source:3:url": "https://www.bazakolejowa.pl/index.php?dzial=linie&id=599&okno=historia", "usage": "branch"}}}, {"type": "Feature", "id": "ohm/way/201474158", "geometry": {"type": "LineString", "coordinates": [[14.733712900000002, 51.92444739999999], [14.733289900000003, 51.924783899999994], [14.7326333, 51.9252391], [14.7323201, 51.92538729999998], [14.731783600000002, 51.92557519999999], [14.7312729, 51.92571819999999], [14.7307622, 51.9258055], [14.7301314, 51.925869000000006], [14.7295563, 51.9258717], [14.729105699999998, 51.92583989999999], [14.7286208, 51.9257711], [14.7282431, 51.92568639999999], [14.7258356, 51.9249692], [14.722186500000001, 51.92385620000001], [14.721870199999998, 51.92375969999999], [14.718501299999998, 51.92270369999999], [14.715158200000001, 51.92172699999999], [14.711948199999998, 51.9207477], [14.7103774, 51.92027920000001], [14.7095535, 51.92008599999999], [14.7089527, 51.91998809999999], [14.708321800000002, 51.91993779999999], [14.707763900000002, 51.91992459999999], [14.707283300000002, 51.91994309999999], [14.7067468, 51.91998009999998], [14.704515200000001, 51.920197200000004], [14.7038551, 51.9202544]]}, "properties": {"source": "OpenHistoricalMap", "way_id": 201474158, "source_url": "https://www.openhistoricalmap.org/way/201474158", "name": null, "name_status": "unrecorded", "status": "historical_record; present-day removal unconfirmed", "railway": "rail", "length_km": 2.262033, "original_way_length_km": 2.262033, "start_date": "1945", "end_date": "1989", "license": "https://opendatacommons.org/licenses/odbl/1-0/", "source_license": "https://creativecommons.org/publicdomain/zero/1.0/", "source_license_basis": "OHM default CC0", "tags": {"end_date": "1989", "gauge": "1435", "railway": "rail", "start_date": "1945", "usage": "military"}}}, {"type": "Feature", "id": "ohm/way/201474159", "geometry": {"type": "LineString", "coordinates": [[14.700843200000001, 51.9205406], [14.700472600000001, 51.920570399999995], [14.698110200000002, 51.92081199999999]]}, "properties": {"source": "OpenHistoricalMap", "way_id": 201474159, "source_url": "https://www.openhistoricalmap.org/way/201474159", "name": null, "name_status": "unrecorded", "status": "historical_record; present-day removal unconfirmed", "railway": "rail", "length_km": 0.190451, "original_way_length_km": 0.190451, "start_date": "1945", "end_date": "1989", "license": "https://opendatacommons.org/licenses/odbl/1-0/", "source_license": "https://creativecommons.org/publicdomain/zero/1.0/", "source_license_basis": "OHM default CC0", "tags": {"end_date": "1989", "gauge": "1435", "railway": "rail", "start_date": "1945", "usage": "military"}}}, {"type": "Feature", "id": "ohm/way/201474160", "geometry": {"type": "LineString", "coordinates": [[14.7038551, 51.9202544], [14.700843200000001, 51.9205406]]}, "properties": {"source": "OpenHistoricalMap", "way_id": 201474160, "source_url": "https://www.openhistoricalmap.org/way/201474160", "name": null, "name_status": "unrecorded", "status": "historical_record; present-day removal unconfirmed", "railway": "rail", "length_km": 0.209651, "original_way_length_km": 0.209651, "start_date": "1945", "end_date": "1989", "license": "https://opendatacommons.org/licenses/odbl/1-0/", "source_license": "https://creativecommons.org/publicdomain/zero/1.0/", "source_license_basis": "OHM default CC0", "tags": {"bridge": "yes", "end_date": "1989", "gauge": "1435", "layer": "1", "railway": "rail", "start_date": "1945", "usage": "military"}}}, {"type": "Feature", "id": "ohm/way/201530453", "geometry": {"type": "LineString", "coordinates": [[15.4341934, 52.00451129999998], [15.4355846, 52.008007000000006], [15.4362798, 52.009750200000006], [15.4363785, 52.0099886], [15.436486600000002, 52.0102315], [15.436601900000001, 52.01047139999999], [15.436731399999998, 52.01071129999999], [15.4368788, 52.0109564], [15.4370416, 52.0112021], [15.4372116, 52.0114406], [15.4374005, 52.011682], [15.437602500000002, 52.01192189999999], [15.437824799999998, 52.01216469999999], [15.4380648, 52.01240829999999], [15.4383251, 52.0126526], [15.4386032, 52.0128955], [15.4388908, 52.0131324], [15.4392033, 52.01336579999998], [15.439527700000001, 52.01359109999999], [15.4398748, 52.0138156], [15.4402396, 52.014038], [15.4411927, 52.0146114], [15.4414827, 52.014782499999995], [15.441794000000002, 52.014958099999994], [15.4421125, 52.0151307], [15.4424441, 52.01530040000001], [15.4428018, 52.0154744], [15.443174899999999, 52.01564780000001], [15.443625300000003, 52.0158431], [15.444073399999999, 52.01602299999998], [15.4445594, 52.016208], [15.4449849, 52.0163587], [15.445446, 52.01650939999999], [15.445951, 52.016663699999995], [15.4479903, 52.01724879999999], [15.4485857, 52.017424999999996], [15.4491799, 52.017605], [15.449835899999998, 52.0178068], [15.450261400000002, 52.0179407], [15.4506892, 52.0180774], [15.451720099999998, 52.0184089]]}, "properties": {"source": "OpenHistoricalMap", "way_id": 201530453, "source_url": "https://www.openhistoricalmap.org/way/201530453", "name": null, "name_status": "unrecorded", "status": "historical_record; present-day removal unconfirmed", "railway": "rail", "length_km": 2.090414, "original_way_length_km": 2.090414, "start_date": "2013-06-05", "end_date": null, "license": "https://opendatacommons.org/licenses/odbl/1-0/", "source_license": "https://creativecommons.org/publicdomain/zero/1.0/", "source_license_basis": "OHM default CC0", "tags": {"railway": "rail", "source:1:name": "Esri World Imagery", "source:2:name": "Geoportal 2: Orthophotomap (aerial image) WMTS", "source:3:name": "Atlas Kolejowy", "source:3:url": "https://www.atlaskolejowy.net/pl/lubuskie/?id=linia&poz=53", "source:4:name": "Ogólnopolska Baza Kolejowa", "source:4:url": "https://www.bazakolejowa.pl/index.php?dzial=linie&id=2007", "start_date": "2013-06-05", "start_date:source:1:url": "https://www.atlaskolejowy.net/pl/lubuskie/?id=linia&poz=53", "start_date:source:2:url": "https://www.bazakolejowa.pl/index.php?dzial=linie&id=2007&okno=historia", "usage": "main"}}}, {"type": "Feature", "id": "ohm/way/201820975", "geometry": {"type": "LineString", "coordinates": [[15.8280274, 52.185347499999985], [15.828211600000001, 52.1856468], [15.828408400000002, 52.18600030000001], [15.828581700000003, 52.18635750000001], [15.8287467, 52.1867734], [15.828852000000001, 52.1870824], [15.828944299999998, 52.18741489999999], [15.829006, 52.1876886], [15.8290524, 52.1879269], [15.829090100000002, 52.1882009], [15.8291181, 52.1885074], [15.8291262, 52.18876709999999], [15.829116399999998, 52.189119000000005], [15.8290918, 52.18941360000001], [15.8290521, 52.1897207], [15.828980600000001, 52.19008070000001], [15.8289095, 52.19035929999998], [15.8288258, 52.19063349999999], [15.828683699999997, 52.191011899999985], [15.8285521, 52.19131079999999], [15.828441700000003, 52.19153200000001], [15.828319000000002, 52.19175979999999], [15.8281348, 52.192062699999994], [15.8279605, 52.1923249], [15.827767700000003, 52.19259490000001], [15.827557099999998, 52.19286389999999], [15.827352899999998, 52.193102999999994], [15.827159000000002, 52.19331540000001], [15.8269481, 52.19353759999999], [15.826718300000001, 52.19376050000001], [15.8264633, 52.1939936], [15.826241100000003, 52.19418039999999], [15.825983300000003, 52.19438799999999], [15.825697, 52.194601], [15.8252803, 52.194892100000004], [15.820128600000002, 52.198341299999996], [15.819710700000002, 52.198634799999994], [15.8194424, 52.198834399999996], [15.8192107, 52.1990111], [15.818907500000002, 52.1992571], [15.8186061, 52.19952959999999], [15.818362399999998, 52.1997594], [15.8180985, 52.20003210000001], [15.8178475, 52.2003066], [15.8028481, 52.21773060000001], [15.8026214, 52.2180043], [15.802411400000002, 52.218277799999996], [15.8022182, 52.21854780000001], [15.802040099999997, 52.2188203], [15.8018539, 52.219139899999995], [15.801742900000002, 52.21935469999998], [15.8016024, 52.21965290000001], [15.801465199999999, 52.21997319999999], [15.801342300000002, 52.220341099999985], [15.801261900000002, 52.2206267], [15.801185700000001, 52.22096189999999], [15.8011355, 52.221288699999995], [15.801101200000002, 52.2216192], [15.8010838, 52.2219585], [15.801096299999998, 52.2223396], [15.8011221, 52.22266019999999], [15.801169600000001, 52.2229805], [15.801227399999998, 52.2232747], [15.8013002, 52.22355069999999], [15.8013798, 52.2238256], [15.801488199999998, 52.224114699999994], [15.8016039, 52.224394], [15.8017346, 52.22466560000001], [15.8020292, 52.225232299999995], [15.803604900000002, 52.22804339999999], [15.8044433, 52.229530200000006], [15.804642200000002, 52.2298489], [15.804868300000003, 52.2301794], [15.8053124, 52.2307527], [15.805635699999998, 52.23116230000001], [15.8058779, 52.2314692], [15.806086100000002, 52.23172420000001], [15.8063221, 52.2319985], [15.806593000000001, 52.2322868], [15.8069001, 52.23258499999999], [15.807199200000001, 52.232855199999996], [15.807514300000001, 52.23311469999999], [15.807852300000002, 52.23337919999999], [15.808188900000001, 52.233620699999996], [15.808534900000001, 52.2338523], [15.808874199999998, 52.2340675], [15.8092323, 52.234279399999984], [15.8099806, 52.2347172], [15.8104366, 52.234985800000004], [15.8111554, 52.235406299999994], [15.8114773, 52.23560669999999], [15.8117348, 52.235783299999994], [15.8119735, 52.2359697], [15.812200199999998, 52.236166000000004], [15.812422800000002, 52.23637709999999], [15.812683000000002, 52.2366325], [15.8129431, 52.2369002], [15.8144559, 52.2385001], [15.814729500000002, 52.2388048], [15.8149628, 52.23910209999998], [15.815182800000002, 52.2393993], [15.816371, 52.2410007], [15.8165668, 52.241260200000006], [15.816743800000001, 52.24146720000001], [15.8169208, 52.2416577], [15.8171046, 52.24185229999999], [15.818333, 52.2431514]]}, "properties": {"source": "OpenHistoricalMap", "way_id": 201820975, "source_url": "https://www.openhistoricalmap.org/way/201820975", "name": null, "name_status": "unrecorded", "status": "historical_record; present-day removal unconfirmed", "railway": "rail", "length_km": 7.292968, "original_way_length_km": 7.292968, "start_date": "1925-11-24", "end_date": null, "license": "https://opendatacommons.org/licenses/odbl/1-0/", "source_license": "https://creativecommons.org/publicdomain/zero/1.0/", "source_license_basis": "OHM default CC0", "tags": {"gauge": "1435", "railway": "rail", "source:1:name": "Esri World Imagery", "source:2:name": "Geoportal 2: Orthophotomap (aerial image) WMTS", "source:3:name": "Atlas Kolejowy", "source:3:url": "https://www.atlaskolejowy.net/pl/lubuskie/?id=linia&poz=21", "source:4:name": "Ogólnopolska Baza Kolejowa", "source:4:url": "https://www.bazakolejowa.pl/index.php?dzial=linie&id=600", "start_date": "1925-11-24", "start_date:source:1:name": "Reichsbahndirektion Osten in Frankfurt (Oder)", "start_date:source:1:url": "https://www.bahnstatistik.de/Direktionen/RBD_Osten.htm", "start_date:source:2:name": "Eisenbahn Wiki - 1925", "start_date:source:2:url": "https://eisenbahn.fandom.com/wiki/Streckenchronik_1925", "usage": "branch"}}}, {"type": "Feature", "id": "ohm/way/201820976", "geometry": {"type": "LineString", "coordinates": [[15.8280274, 52.185347499999985], [15.828713200000001, 52.1862405], [15.845214100000002, 52.20790250000001], [15.846566, 52.20975], [15.8473384, 52.21078870000001], [15.848180599999997, 52.21186029999999], [15.848963200000002, 52.21287110000001], [15.8497218, 52.21385109999999], [15.8605037, 52.2279864]]}, "properties": {"source": "OpenHistoricalMap", "way_id": 201820976, "source_url": "https://www.openhistoricalmap.org/way/201820976", "name": null, "name_status": "unrecorded", "status": "historical_record; present-day removal unconfirmed", "railway": "rail", "length_km": 5.238279, "original_way_length_km": 5.238279, "start_date": "1870-06-26", "end_date": "1930-08", "license": "https://opendatacommons.org/licenses/odbl/1-0/", "source_license": "https://creativecommons.org/publicdomain/zero/1.0/", "source_license_basis": "OHM default CC0", "tags": {"end_date": "1930-08", "end_date:edtf": "[1930-08,1932]", "end_date:source:1:name": "Reichsbahndirektion Osten in Frankfurt (Oder)", "end_date:source:1:url": "https://www.bahnstatistik.de/Direktionen/RBD_Osten.htm", "end_date:source:2:url": "https://www.atlaskolejowy.net/pl/lubuskie/?id=linia&poz=1192", "railway": "rail", "source:1:name": "Geoportal 2: ISOK hillshade", "source:2:name": "Esri World Imagery", "source:3:name": "Geoportal 2: Orthophotomap (aerial image) WMTS", "source:4:name": "Atlas Kolejowy", "source:4:url": "https://www.atlaskolejowy.net/pl/lubuskie/?id=linia&poz=1192", "source:5:name": "Ogólnopolska Baza Kolejowa", "source:5:url": "https://www.bazakolejowa.pl/index.php?dzial=linie&id=1233", "start_date": "1870-06-26", "start_date:source:1:name": "Reichsbahndirektion Osten in Frankfurt (Oder)", "start_date:source:1:url": "https://www.bahnstatistik.de/Direktionen/RBD_Osten.htm", "start_date:source:2:url": "https://www.atlaskolejowy.net/pl/lubuskie/?id=linia&poz=1192", "start_date:source:3:url": "https://www.bazakolejowa.pl/index.php?dzial=linie&id=1233&okno=historia", "usage": "branch"}}}, {"type": "Feature", "id": "ohm/way/201820977", "geometry": {"type": "LineString", "coordinates": [[15.8605037, 52.2279864], [15.861479, 52.2292649], [15.8624849, 52.2306202], [15.863367300000002, 52.23189339999999], [15.8640861, 52.23314839999999], [15.8647513, 52.2343575], [15.865416500000002, 52.235605899999996], [15.8754802, 52.25441979999999], [15.8757377, 52.2548779], [15.876123899999998, 52.2553984], [15.876606700000002, 52.25598289999999], [15.8770466, 52.256376999999986], [15.877583, 52.25681699999999], [15.8783555, 52.2573161], [15.8793533, 52.2578086], [15.8806407, 52.2583143], [15.8821535, 52.258727999999984], [15.883634100000002, 52.259023599999985], [15.8842805, 52.25913189999999], [15.885004699999998, 52.259238599999996], [15.885680600000002, 52.2593191], [15.886496000000001, 52.259376499999995], [15.887095499999997, 52.25939950000001], [15.889879599999999, 52.259384699999984], [15.890752700000002, 52.25937489999999], [15.891615, 52.2593667], [15.8958891, 52.25935359999999]]}, "properties": {"source": "OpenHistoricalMap", "way_id": 201820977, "source_url": "https://www.openhistoricalmap.org/way/201820977", "name": null, "name_status": "unrecorded", "status": "historical_record; present-day removal unconfirmed", "railway": "rail", "length_km": 4.750122, "original_way_length_km": 4.750122, "start_date": "1870-06-26", "end_date": "1941", "license": "https://opendatacommons.org/licenses/odbl/1-0/", "source_license": "https://creativecommons.org/publicdomain/zero/1.0/", "source_license_basis": "OHM default CC0", "tags": {"end_date": "1941", "end_date:source:url": "https://www.atlaskolejowy.net/pl/lubuskie/?id=linia&poz=1192", "railway": "rail", "source:1:name": "Geoportal 2: ISOK hillshade", "source:2:name": "Esri World Imagery", "source:3:name": "Geoportal 2: Orthophotomap (aerial image) WMTS", "source:4:name": "Atlas Kolejowy", "source:4:url": "https://www.atlaskolejowy.net/pl/lubuskie/?id=linia&poz=1192", "source:5:name": "Ogólnopolska Baza Kolejowa", "source:5:url": "https://www.bazakolejowa.pl/index.php?dzial=linie&id=1233", "start_date": "1870-06-26", "start_date:source:1:name": "Reichsbahndirektion Osten in Frankfurt (Oder)", "start_date:source:1:url": "https://www.bahnstatistik.de/Direktionen/RBD_Osten.htm", "start_date:source:2:url": "https://www.atlaskolejowy.net/pl/lubuskie/?id=linia&poz=1192", "start_date:source:3:url": "https://www.bazakolejowa.pl/index.php?dzial=linie&id=1233&okno=historia", "usage": "branch"}}}, {"type": "Feature", "id": "ohm/way/201820978", "geometry": {"type": "LineString", "coordinates": [[15.818363900000001, 52.2431851], [15.819997299999999, 52.2449063], [15.820285700000001, 52.2452035], [15.8205029, 52.24540309999998], [15.8207752, 52.24563869999999], [15.8212218, 52.2461068], [15.8222544, 52.247198], [15.824915199999998, 52.2499979], [15.8291624, 52.25447809999999], [15.829456100000002, 52.2548114], [15.8296629, 52.2550583], [15.829896199999999, 52.255367699999994], [15.8301176, 52.25568249999999], [15.830296399999998, 52.2559726], [15.830405799999998, 52.25616589999999], [15.830491899999998, 52.25633729999999], [15.8305964, 52.256553399999994], [15.830701800000002, 52.25678909999999], [15.8308141, 52.25709249999999], [15.830906500000001, 52.25735949999999], [15.8309881, 52.257661899999995], [15.8310738, 52.2580605], [15.8311202, 52.25836939999999], [15.8311373, 52.258590299999994], [15.831156000000002, 52.258943499999994], [15.831142699999997, 52.25933380000001], [15.8311241, 52.259602099999995], [15.831089099999998, 52.25987219999999], [15.8310423, 52.26013269999999], [15.8309804, 52.26039539999999], [15.830908700000002, 52.2606592], [15.8308256, 52.2609185], [15.830719499999999, 52.261191], [15.830606500000002, 52.261458899999994], [15.830475, 52.2617213], [15.830324000000001, 52.261993000000004], [15.8301695, 52.26225380000001], [15.830034, 52.2624612], [15.8298518, 52.262721799999994], [15.8296499, 52.26298089999999], [15.8293475, 52.263342200000004], [15.8290212, 52.26368559999999], [15.828717700000002, 52.263982399999996], [15.828381599999998, 52.2642777], [15.8279899, 52.26459889999999], [15.8275726, 52.264902], [15.827185800000002, 52.265166799999996], [15.8267514, 52.265439], [15.826399599999998, 52.265643399999995], [15.8260426, 52.26583709999999], [15.8256419, 52.2660426], [15.825216, 52.2662409], [15.8247805, 52.2664313], [15.824227300000002, 52.26665400000001], [15.8237375, 52.26683080000001]]}, "properties": {"source": "OpenHistoricalMap", "way_id": 201820978, "source_url": "https://www.openhistoricalmap.org/way/201820978", "name": null, "name_status": "unrecorded", "status": "historical_record; present-day removal unconfirmed", "railway": "rail", "length_km": 3.040664, "original_way_length_km": 3.040664, "start_date": "1930-08-14", "end_date": null, "license": "https://opendatacommons.org/licenses/odbl/1-0/", "source_license": "https://creativecommons.org/publicdomain/zero/1.0/", "source_license_basis": "OHM default CC0", "tags": {"gauge": "1435", "railway": "rail", "source:1:name": "Esri World Imagery", "source:2:name": "Geoportal 2: Orthophotomap (aerial image) WMTS", "source:3:name": "Atlas Kolejowy", "source:3:url": "https://www.atlaskolejowy.net/pl/lubuskie/?id=linia&poz=25", "start_date": "1930-08-14", "start_date:source:1:name": "Reichsbahndirektion Osten in Frankfurt (Oder)", "start_date:source:1:url": "https://www.bahnstatistik.de/Direktionen/RBD_Osten.htm", "start_date:source:2:url": "https://www.atlaskolejowy.net/pl/lubuskie/?id=linia&poz=25", "usage": "branch"}}}, {"type": "Feature", "id": "ohm/way/201820979", "geometry": {"type": "LineString", "coordinates": [[15.854001, 52.2595679], [15.852161000000002, 52.25965069999999], [15.8505571, 52.259693399999996], [15.8490872, 52.25971969999999], [15.8478856, 52.25976560000001], [15.8470005, 52.2598313], [15.845412600000001, 52.26002499999999], [15.8439159, 52.26022199999999], [15.8426017, 52.260432200000004], [15.8416253, 52.260616], [15.8402145, 52.2609575], [15.839383, 52.261207099999986], [15.838514, 52.261479599999994], [15.8376503, 52.2617816], [15.836813400000002, 52.2620739], [15.830676599999999, 52.26432609999999], [15.8297431, 52.2646479], [15.828884800000003, 52.2649696], [15.827903099999999, 52.2653275], [15.825216, 52.2662409], [15.8247805, 52.2664313], [15.824227300000002, 52.26665400000001], [15.8237375, 52.26683080000001]]}, "properties": {"source": "OpenHistoricalMap", "way_id": 201820979, "source_url": "https://www.openhistoricalmap.org/way/201820979", "name": null, "name_status": "unrecorded", "status": "historical_record; present-day removal unconfirmed", "railway": "rail", "length_km": 2.261752, "original_way_length_km": 2.261752, "start_date": "1885-06-01", "end_date": "1925", "license": "https://opendatacommons.org/licenses/odbl/1-0/", "source_license": "https://creativecommons.org/publicdomain/zero/1.0/", "source_license_basis": "OHM default CC0", "tags": {"end_date": "1925", "end_date:edtf": "[1923,1925]", "end_date:source:1:url": "https://www.atlaskolejowy.net/pl/lubuskie/?id=baza&poz=9619", "end_date:source:2:name": "Reichsbahndirektion Osten in Frankfurt (Oder)", "end_date:source:2:url": "https://www.bahnstatistik.de/Direktionen/RBD_Osten.htm", "railway": "rail", "source:1:name": "Geoportal 2: ISOK hillshade", "source:2:name": "Esri World Imagery", "source:3:name": "Geoportal 2: Orthophotomap (aerial image) WMTS", "source:4:name": "Atlas Kolejowy", "source:4:url": "https://www.atlaskolejowy.net/pl/lubuskie/?id=linia&poz=1191", "start_date": "1885-06-01", "start_date:source:1:name": "Reichsbahndirektion Osten in Frankfurt (Oder)", "start_date:source:1:url": "https://www.bahnstatistik.de/Direktionen/RBD_Osten.htm", "start_date:source:2:url": "https://www.atlaskolejowy.net/pl/lubuskie/?id=linia&poz=1191", "usage": "branch"}}}, {"type": "Feature", "id": "ohm/way/201820980", "geometry": {"type": "LineString", "coordinates": [[15.8124828, 52.26247639999999], [15.8130196, 52.262572899999995], [15.813510399999998, 52.2625466], [15.8203179, 52.261921199999996], [15.8206986, 52.2618942], [15.8210072, 52.26188179999999], [15.821528700000002, 52.261886399999995], [15.821886600000001, 52.2619062], [15.8223062, 52.26194779999999], [15.82266, 52.262012199999994], [15.8231048, 52.262117], [15.8235088, 52.262238800000006], [15.823898600000001, 52.262395899999994], [15.8242789, 52.26258790000001], [15.8245737, 52.26277699999999], [15.824858899999999, 52.263000999999996], [15.825077499999999, 52.26319019999999], [15.825286700000001, 52.26343739999999], [15.8254626, 52.26368769999999], [15.825586199999998, 52.263932], [15.8256717, 52.26418219999999], [15.8257288, 52.26441210000001], [15.825731700000002, 52.264580499999994], [15.825701700000002, 52.26481600000001], [15.8256337, 52.26507539999999], [15.8255006, 52.26538850000001], [15.8253735, 52.2655877], [15.8251433, 52.26587529999999], [15.824905700000002, 52.2660907], [15.824626600000002, 52.266305499999994], [15.8242796, 52.2665309], [15.8237375, 52.26683080000001]]}, "properties": {"source": "OpenHistoricalMap", "way_id": 201820980, "source_url": "https://www.openhistoricalmap.org/way/201820980", "name": null, "name_status": "unrecorded", "status": "historical_record; present-day removal unconfirmed", "railway": "rail", "length_km": 1.376396, "original_way_length_km": 1.376396, "start_date": "1925", "end_date": "1930-08", "license": "https://opendatacommons.org/licenses/odbl/1-0/", "source_license": "https://creativecommons.org/publicdomain/zero/1.0/", "source_license_basis": "OHM default CC0", "tags": {"end_date": "1930-08", "end_date:source:name": "Reichsbahndirektion Osten in Frankfurt (Oder)", "end_date:source:url": "https://www.bahnstatistik.de/Direktionen/RBD_Osten.htm", "railway": "rail", "source:1:name": "Geoportal 2: ISOK hillshade", "source:2:name": "Esri World Imagery", "source:3:name": "Geoportal 2: Orthophotomap (aerial image) WMTS", "source:4:name": "Atlas Kolejowy", "source:4:url": "https://www.atlaskolejowy.net/pl/lubuskie/?id=linia&poz=1189", "source:5:url": "https://www.atlaskolejowy.net/pl/lubuskie/?id=baza&poz=9619", "start_date": "1925", "start_date:edtf": "[1923,1925]", "start_date:source:1:url": "https://www.atlaskolejowy.net/pl/lubuskie/?id=baza&poz=9619", "start_date:source:2:name": "Reichsbahndirektion Osten in Frankfurt (Oder)", "start_date:source:2:url": "https://www.bahnstatistik.de/Direktionen/RBD_Osten.htm", "usage": "branch"}}}, {"type": "Feature", "id": "ohm/way/201907344", "geometry": {"type": "LineString", "coordinates": [[12.6538519, 51.45817809999999], [12.6541918, 51.45829069999999], [12.654818699999998, 51.4584785], [12.655223700000002, 51.458604699999995], [12.655542, 51.4587219], [12.6560073, 51.458894599999994], [12.6563376, 51.459010299999996], [12.6568536, 51.4591605], [12.6572682, 51.459265699999996], [12.6578179, 51.4593678], [12.6581965, 51.45942039999999], [12.6586907, 51.4594655], [12.659158500000002, 51.459496999999985], [12.6595273, 51.4595105], [12.6600626, 51.459497000000006], [12.660769, 51.4594384], [12.6612222, 51.459382899999994], [12.6616755, 51.459319799999996], [12.6620227, 51.4592402], [12.662668800000002, 51.45907039999999], [12.663167900000001, 51.45889759999999], [12.6637682, 51.45866629999999], [12.6643421, 51.45837490000001], [12.664694100000002, 51.4581721], [12.6652968, 51.45774539999999], [12.6657067, 51.4573548], [12.666225, 51.4567614], [12.6667482, 51.45609139999999], [12.6674787, 51.4551329], [12.6682261, 51.45420300000001], [12.6690218, 51.4531888], [12.6690965, 51.45308669999999], [12.670210399999998, 51.451656400000005], [12.6705045, 51.451279199999995], [12.6711, 51.45050849999999], [12.671384500000002, 51.4501118], [12.6716401, 51.4497151], [12.671818500000002, 51.4493696], [12.672011400000002, 51.4489939], [12.6721367, 51.448492099999996], [12.672107800000001, 51.4478069], [12.671914900000003, 51.44658379999999], [12.6718522, 51.446241199999996], [12.671861900000001, 51.445883599999995], [12.671996900000002, 51.4454718], [12.672223499999998, 51.44514120000001], [12.672585200000002, 51.44470849999999], [12.675203500000002, 51.441979499999995], [12.6762836, 51.4407773], [12.6772721, 51.43973130000001], [12.6782751, 51.43878149999999], [12.6787476, 51.43845379999999], [12.6792684, 51.4381953], [12.679991700000002, 51.43787969999999], [12.680825899999999, 51.437666300000004], [12.681573300000002, 51.4375341], [12.6823545, 51.437477], [12.6834973, 51.4374349], [12.6854212, 51.437419799999994], [12.690281700000002, 51.4373237], [12.6923311, 51.43729660000001], [12.693324400000002, 51.43729359999998], [12.694115200000002, 51.4373297], [12.694428600000002, 51.437350699999996], [12.6946311, 51.437362699999994], [12.7019605, 51.4378527], [12.704993500000002, 51.4380571], [12.7109438, 51.43843879999999], [12.716315500000002, 51.4387845], [12.7215521, 51.43913619999999], [12.723239800000002, 51.4392384], [12.7240354, 51.4392684], [12.724792500000001, 51.4392414], [12.7253422, 51.4391933], [12.725906300000002, 51.43911209999999], [12.7265284, 51.438985900000006], [12.7271311, 51.438838600000004], [12.7294408, 51.4382495], [12.7335009, 51.4371974], [12.736289307321545, 51.43647030352715]]}, "properties": {"source": "OpenHistoricalMap", "way_id": 201907344, "source_url": "https://www.openhistoricalmap.org/way/201907344", "name": "Bahnstrecke Wurzen-Eilenburg", "name_status": "recorded", "status": "historical_record; present-day removal unconfirmed", "railway": "rail", "length_km": 7.377356, "original_way_length_km": 11.72748, "start_date": "1927-03-07", "end_date": null, "license": "https://opendatacommons.org/licenses/odbl/1-0/", "source_license": "https://creativecommons.org/publicdomain/zero/1.0/", "source_license_basis": "OHM default CC0", "tags": {"name": "Bahnstrecke Wurzen-Eilenburg", "railway": "rail", "start_date": "1927-03-07"}}}, {"type": "Feature", "id": "ohm/way/202061993", "geometry": {"type": "LineString", "coordinates": [[15.4124772, 52.0153571], [15.4006004, 52.01727189999999], [15.3970813, 52.0184604], [15.393691000000002, 52.0202827], [15.388627, 52.02408549999999], [15.3661394, 52.041035599999994], [15.364294, 52.0430946], [15.362319899999997, 52.04684259999999], [15.360345800000001, 52.050695899999994], [15.3585004, 52.0534405], [15.356440499999998, 52.0551031], [15.3518915, 52.0573197], [15.298976800000002, 52.0783983], [15.284464734154838, 52.08410440760141]]}, "properties": {"source": "OpenHistoricalMap", "way_id": 202061993, "source_url": "https://www.openhistoricalmap.org/way/202061993", "name": null, "name_status": "unrecorded", "status": "historical_record; present-day removal unconfirmed", "railway": "rail", "length_km": 12.023143, "original_way_length_km": 56.946741, "start_date": "1874-05-01", "end_date": null, "license": "https://opendatacommons.org/licenses/odbl/1-0/", "source_license": "https://creativecommons.org/publicdomain/zero/1.0/", "source_license_basis": "OHM default CC0", "tags": {"gauge": "1435", "railway": "rail", "start_date": "1874-05-01", "usage": "main"}}}, {"type": "Feature", "id": "ohm/way/202340889", "geometry": {"type": "LineString", "coordinates": [[12.425285800000001, 51.3445888], [12.430649200000001, 51.3445021]]}, "properties": {"source": "OpenHistoricalMap", "way_id": 202340889, "source_url": "https://www.openhistoricalmap.org/way/202340889", "name": null, "name_status": "unrecorded", "status": "historical_record; present-day removal unconfirmed", "railway": "rail", "length_km": 0.373827, "original_way_length_km": 0.373827, "start_date": "1837-04-24", "end_date": "1915", "license": "https://opendatacommons.org/licenses/odbl/1-0/", "source_license": "https://creativecommons.org/publicdomain/zero/1.0/", "source_license_basis": "OHM default CC0", "tags": {"end_date": "1915", "railway": "rail", "start_date": "1837-04-24"}}}, {"type": "Feature", "id": "ohm/way/205154782", "geometry": {"type": "LineString", "coordinates": [[12.3864405, 51.349306], [12.386842900000001, 51.3495907], [12.387288, 51.34984939999999], [12.3877715, 51.3500797], [12.3882887, 51.3502793], [12.388834700000002, 51.3504464], [12.389404199999998, 51.35057929999999], [12.389991900000002, 51.350676799999995], [12.390592, 51.3507379], [12.391198800000002, 51.350762]]}, "properties": {"source": "OpenHistoricalMap", "way_id": 205154782, "source_url": "https://www.openhistoricalmap.org/way/205154782", "name": null, "name_status": "unrecorded", "status": "historical_record; present-day removal unconfirmed", "railway": "rail", "length_km": 0.381005, "original_way_length_km": 0.381005, "start_date": "1878-04-20", "end_date": null, "license": "https://opendatacommons.org/licenses/odbl/1-0/", "source_license": "https://creativecommons.org/publicdomain/zero/1.0/", "source_license_basis": "OHM default CC0", "tags": {"electrified": "contact_line", "frequency": "16.7", "gauge": "1435", "railway": "rail", "source": "simplified OSM", "start_date": "1878-04-20", "usage": "main", "voltage": "15000"}}}, {"type": "Feature", "id": "ohm/way/205154783", "geometry": {"type": "LineString", "coordinates": [[12.4227191, 51.343849299999995], [12.421930600000001, 51.34157519999999]]}, "properties": {"source": "OpenHistoricalMap", "way_id": 205154783, "source_url": "https://www.openhistoricalmap.org/way/205154783", "name": null, "name_status": "unrecorded", "status": "historical_record; present-day removal unconfirmed", "railway": "rail", "length_km": 0.258901, "original_way_length_km": 0.258901, "start_date": "1878-04-20", "end_date": null, "license": "https://opendatacommons.org/licenses/odbl/1-0/", "source_license": "https://creativecommons.org/publicdomain/zero/1.0/", "source_license_basis": "OHM default CC0", "tags": {"bridge": "yes", "gauge": "1435", "layer": "1", "railway": "rail", "source": "simplified OSM", "start_date": "1878-04-20", "usage": "main"}}}, {"type": "Feature", "id": "ohm/way/205154784", "geometry": {"type": "LineString", "coordinates": [[12.422979700000003, 51.344601399999995], [12.4227191, 51.343849299999995]]}, "properties": {"source": "OpenHistoricalMap", "way_id": 205154784, "source_url": "https://www.openhistoricalmap.org/way/205154784", "name": null, "name_status": "unrecorded", "status": "historical_record; present-day removal unconfirmed", "railway": "rail", "length_km": 0.085622, "original_way_length_km": 0.085622, "start_date": "1878-04-20", "end_date": null, "license": "https://opendatacommons.org/licenses/odbl/1-0/", "source_license": "https://creativecommons.org/publicdomain/zero/1.0/", "source_license_basis": "OHM default CC0", "tags": {"gauge": "1435", "railway": "rail", "source": "simplified OSM", "start_date": "1878-04-20", "usage": "main"}}}, {"type": "Feature", "id": "ohm/way/205154785", "geometry": {"type": "LineString", "coordinates": [[12.421930600000001, 51.34157519999999], [12.421884300000002, 51.3414479], [12.4197609, 51.3352875], [12.4194783, 51.3346161], [12.4190953, 51.3339644], [12.4186153, 51.3333382]]}, "properties": {"source": "OpenHistoricalMap", "way_id": 205154785, "source_url": "https://www.openhistoricalmap.org/way/205154785", "name": null, "name_status": "unrecorded", "status": "historical_record; present-day removal unconfirmed", "railway": "rail", "length_km": 0.947485, "original_way_length_km": 0.947485, "start_date": "1878-04-20", "end_date": null, "license": "https://opendatacommons.org/licenses/odbl/1-0/", "source_license": "https://creativecommons.org/publicdomain/zero/1.0/", "source_license_basis": "OHM default CC0", "tags": {"gauge": "1435", "railway": "rail", "source": "simplified OSM", "start_date": "1878-04-20", "usage": "main"}}}, {"type": "Feature", "id": "ohm/way/205154786", "geometry": {"type": "LineString", "coordinates": [[12.433481800000001, 51.3444609], [12.430649200000001, 51.3445021]]}, "properties": {"source": "OpenHistoricalMap", "way_id": 205154786, "source_url": "https://www.openhistoricalmap.org/way/205154786", "name": null, "name_status": "unrecorded", "status": "historical_record; present-day removal unconfirmed", "railway": "rail", "length_km": 0.197419, "original_way_length_km": 0.197419, "start_date": "1837-04-24", "end_date": null, "license": "https://opendatacommons.org/licenses/odbl/1-0/", "source_license": "https://creativecommons.org/publicdomain/zero/1.0/", "source_license_basis": "OHM default CC0", "tags": {"railway": "rail", "start_date": "1837-04-24"}}}, {"type": "Feature", "id": "ohm/way/205154787", "geometry": {"type": "LineString", "coordinates": [[12.391198800000002, 51.350762], [12.3923292, 51.350747999999996], [12.3956709, 51.350579999999994], [12.405758299999999, 51.3500775], [12.4076241, 51.3499666], [12.4088882, 51.3498992], [12.4181174, 51.349428499999995], [12.4186352, 51.34937119999999], [12.419143600000002, 51.34928739999999], [12.4196392, 51.3491776], [12.420118500000001, 51.34904259999998], [12.420578300000003, 51.34888329999999]]}, "properties": {"source": "OpenHistoricalMap", "way_id": 205154787, "source_url": "https://www.openhistoricalmap.org/way/205154787", "name": null, "name_status": "unrecorded", "status": "historical_record; present-day removal unconfirmed", "railway": "rail", "length_km": 2.064493, "original_way_length_km": 2.064493, "start_date": "1878-04-20", "end_date": null, "license": "https://opendatacommons.org/licenses/odbl/1-0/", "source_license": "https://creativecommons.org/publicdomain/zero/1.0/", "source_license_basis": "OHM default CC0", "tags": {"electrified": "contact_line", "frequency": "16.7", "gauge": "1435", "railway": "rail", "ref": "6361", "source": "simplified OSM", "start_date": "1878-04-20", "usage": "main", "voltage": "15000"}}}, {"type": "Feature", "id": "ohm/way/205154788", "geometry": {"type": "LineString", "coordinates": [[12.4230389, 51.34477679999999], [12.422979700000003, 51.344601399999995]]}, "properties": {"source": "OpenHistoricalMap", "way_id": 205154788, "source_url": "https://www.openhistoricalmap.org/way/205154788", "name": null, "name_status": "unrecorded", "status": "historical_record; present-day removal unconfirmed", "railway": "rail", "length_km": 0.019945, "original_way_length_km": 0.019945, "start_date": "1878-04-20", "end_date": null, "license": "https://opendatacommons.org/licenses/odbl/1-0/", "source_license": "https://creativecommons.org/publicdomain/zero/1.0/", "source_license_basis": "OHM default CC0", "tags": {"bridge": "yes", "electrified": "contact_line", "frequency": "16.7", "gauge": "1435", "layer": "1", "railway": "rail", "ref": "6361", "source": "simplified OSM", "start_date": "1878-04-20", "usage": "main", "voltage": "15000"}}}, {"type": "Feature", "id": "ohm/way/205154789", "geometry": {"type": "LineString", "coordinates": [[12.4231684, 51.3453292], [12.4230389, 51.34477679999999]]}, "properties": {"source": "OpenHistoricalMap", "way_id": 205154789, "source_url": "https://www.openhistoricalmap.org/way/205154789", "name": null, "name_status": "unrecorded", "status": "historical_record; present-day removal unconfirmed", "railway": "rail", "length_km": 0.062116, "original_way_length_km": 0.062116, "start_date": "1878-04-20", "end_date": null, "license": "https://opendatacommons.org/licenses/odbl/1-0/", "source_license": "https://creativecommons.org/publicdomain/zero/1.0/", "source_license_basis": "OHM default CC0", "tags": {"electrified": "contact_line", "frequency": "16.7", "gauge": "1435", "railway": "rail", "ref": "6361", "source": "simplified OSM", "start_date": "1878-04-20", "usage": "main", "voltage": "15000"}}}, {"type": "Feature", "id": "ohm/way/205154790", "geometry": {"type": "LineString", "coordinates": [[12.4232214, 51.3456238], [12.4231684, 51.3453292]]}, "properties": {"source": "OpenHistoricalMap", "way_id": 205154790, "source_url": "https://www.openhistoricalmap.org/way/205154790", "name": null, "name_status": "unrecorded", "status": "historical_record; present-day removal unconfirmed", "railway": "rail", "length_km": 0.032983, "original_way_length_km": 0.032983, "start_date": "1878-04-20", "end_date": null, "license": "https://opendatacommons.org/licenses/odbl/1-0/", "source_license": "https://creativecommons.org/publicdomain/zero/1.0/", "source_license_basis": "OHM default CC0", "tags": {"bridge": "yes", "electrified": "contact_line", "frequency": "16.7", "gauge": "1435", "layer": "1", "railway": "rail", "ref": "6361", "source": "simplified OSM", "start_date": "1878-04-20", "usage": "main", "voltage": "15000"}}}, {"type": "Feature", "id": "ohm/way/205154791", "geometry": {"type": "LineString", "coordinates": [[12.420578300000003, 51.34888329999999], [12.4209138, 51.348737799999995]]}, "properties": {"source": "OpenHistoricalMap", "way_id": 205154791, "source_url": "https://www.openhistoricalmap.org/way/205154791", "name": null, "name_status": "unrecorded", "status": "historical_record; present-day removal unconfirmed", "railway": "rail", "length_km": 0.028432, "original_way_length_km": 0.028432, "start_date": "1878-04-20", "end_date": null, "license": "https://opendatacommons.org/licenses/odbl/1-0/", "source_license": "https://creativecommons.org/publicdomain/zero/1.0/", "source_license_basis": "OHM default CC0", "tags": {"bridge": "yes", "electrified": "contact_line", "frequency": "16.7", "gauge": "1435", "layer": "1", "railway": "rail", "ref": "6361", "source": "simplified OSM", "start_date": "1878-04-20", "usage": "main", "voltage": "15000"}}}, {"type": "Feature", "id": "ohm/way/205154792", "geometry": {"type": "LineString", "coordinates": [[12.4209138, 51.348737799999995], [12.421359, 51.34851210000001], [12.4217654, 51.3482596], [12.4221288, 51.34798260000001], [12.4224455, 51.34768410000001], [12.4227124, 51.347367199999994], [12.4229266, 51.347035000000005], [12.4230859, 51.3466911], [12.4231888, 51.34633879999999], [12.4232341, 51.34598179999999], [12.4232214, 51.3456238]]}, "properties": {"source": "OpenHistoricalMap", "way_id": 205154792, "source_url": "https://www.openhistoricalmap.org/way/205154792", "name": null, "name_status": "unrecorded", "status": "historical_record; present-day removal unconfirmed", "railway": "rail", "length_km": 0.398632, "original_way_length_km": 0.398632, "start_date": "1878-04-20", "end_date": null, "license": "https://opendatacommons.org/licenses/odbl/1-0/", "source_license": "https://creativecommons.org/publicdomain/zero/1.0/", "source_license_basis": "OHM default CC0", "tags": {"electrified": "contact_line", "frequency": "16.7", "gauge": "1435", "railway": "rail", "ref": "6361", "source": "simplified OSM", "start_date": "1878-04-20", "usage": "main", "voltage": "15000"}}}, {"type": "Feature", "id": "ohm/way/205154793", "geometry": {"type": "LineString", "coordinates": [[12.4171011, 51.3315029], [12.4137111, 51.327706599999985]]}, "properties": {"source": "OpenHistoricalMap", "way_id": 205154793, "source_url": "https://www.openhistoricalmap.org/way/205154793", "name": "Leipziger Güterring", "name_status": "recorded", "status": "historical_record; present-day removal unconfirmed", "railway": "rail", "length_km": 0.483955, "original_way_length_km": 0.483955, "start_date": "1878-04-20", "end_date": null, "license": "https://opendatacommons.org/licenses/odbl/1-0/", "source_license": "https://creativecommons.org/publicdomain/zero/1.0/", "source_license_basis": "OHM default CC0", "tags": {"gauge": "1435", "name": "Leipziger Güterring", "railway": "rail", "source": "simplified OSM", "start_date": "1878-04-20", "usage": "main", "width": "6"}}}, {"type": "Feature", "id": "ohm/way/205154794", "geometry": {"type": "LineString", "coordinates": [[12.417530100000002, 51.332033], [12.4171011, 51.3315029]]}, "properties": {"source": "OpenHistoricalMap", "way_id": 205154794, "source_url": "https://www.openhistoricalmap.org/way/205154794", "name": "Leipziger Güterring", "name_status": "recorded", "status": "historical_record; present-day removal unconfirmed", "railway": "rail", "length_km": 0.066122, "original_way_length_km": 0.066122, "start_date": "1878-04-20", "end_date": null, "license": "https://opendatacommons.org/licenses/odbl/1-0/", "source_license": "https://creativecommons.org/publicdomain/zero/1.0/", "source_license_basis": "OHM default CC0", "tags": {"bridge": "yes", "gauge": "1435", "layer": "1", "name": "Leipziger Güterring", "name:ja": "パークボーゲン・オスト", "railway": "rail", "source": "simplified OSM", "start_date": "1878-04-20", "usage": "main", "width": "6"}}}, {"type": "Feature", "id": "ohm/way/205154795", "geometry": {"type": "LineString", "coordinates": [[12.4184854, 51.3331779], [12.417530100000002, 51.332033]]}, "properties": {"source": "OpenHistoricalMap", "way_id": 205154795, "source_url": "https://www.openhistoricalmap.org/way/205154795", "name": "Leipziger Güterring", "name_status": "recorded", "status": "historical_record; present-day removal unconfirmed", "railway": "rail", "length_km": 0.143726, "original_way_length_km": 0.143726, "start_date": "1878-04-20", "end_date": null, "license": "https://opendatacommons.org/licenses/odbl/1-0/", "source_license": "https://creativecommons.org/publicdomain/zero/1.0/", "source_license_basis": "OHM default CC0", "tags": {"gauge": "1435", "name": "Leipziger Güterring", "railway": "rail", "source": "simplified OSM", "start_date": "1878-04-20", "usage": "main", "width": "6"}}}, {"type": "Feature", "id": "ohm/way/205154796", "geometry": {"type": "LineString", "coordinates": [[12.4186153, 51.3333382], [12.4184854, 51.3331779]]}, "properties": {"source": "OpenHistoricalMap", "way_id": 205154796, "source_url": "https://www.openhistoricalmap.org/way/205154796", "name": "Leipziger Güterring", "name_status": "recorded", "status": "historical_record; present-day removal unconfirmed", "railway": "rail", "length_km": 0.02, "original_way_length_km": 0.02, "start_date": "1878-04-20", "end_date": null, "license": "https://opendatacommons.org/licenses/odbl/1-0/", "source_license": "https://creativecommons.org/publicdomain/zero/1.0/", "source_license_basis": "OHM default CC0", "tags": {"bridge": "yes", "gauge": "1435", "layer": "1", "name": "Leipziger Güterring", "name:ja": "パークボーゲン・オスト", "railway": "rail", "source": "simplified OSM", "start_date": "1878-04-20", "usage": "main", "width": "6"}}}, {"type": "Feature", "id": "ohm/way/205154797", "geometry": {"type": "LineString", "coordinates": [[12.4137111, 51.327706599999985], [12.4116807, 51.3250704]]}, "properties": {"source": "OpenHistoricalMap", "way_id": 205154797, "source_url": "https://www.openhistoricalmap.org/way/205154797", "name": "Leipziger Güterring", "name_status": "recorded", "status": "historical_record; present-day removal unconfirmed", "railway": "rail", "length_km": 0.325651, "original_way_length_km": 0.325651, "start_date": "1878-04-20", "end_date": null, "license": "https://opendatacommons.org/licenses/odbl/1-0/", "source_license": "https://creativecommons.org/publicdomain/zero/1.0/", "source_license_basis": "OHM default CC0", "tags": {"electrified": "contact_line", "frequency": "16.7", "gauge": "1435", "name": "Leipziger Güterring", "railway": "rail", "ref": "6375", "source": "simplified OSM", "start_date": "1878-04-20", "usage": "main", "voltage": "15000", "wikidata": "Q21588006", "wikipedia": "de:Bahnstrecke Leipzig-Engelsdorf–Leipzig-Connewitz"}}}, {"type": "Feature", "id": "ohm/way/205154798", "geometry": {"type": "LineString", "coordinates": [[12.4115107, 51.3248473], [12.411249, 51.3245088], [12.4075039, 51.32005099999999], [12.4067222, 51.3192256], [12.406117, 51.31869689999999], [12.4049296, 51.31773289999999], [12.4042526, 51.3172232], [12.3994022, 51.3136195], [12.3989542, 51.31332739999999], [12.3984686, 51.31305979999999], [12.3979489, 51.31281859999999], [12.397398600000002, 51.31260549999999], [12.395105900000003, 51.311796], [12.3945196, 51.311583299999995], [12.393961200000001, 51.31134289999999], [12.3934341, 51.3110764], [12.3929414, 51.310785399999986], [12.3924859, 51.3104715], [12.392070500000003, 51.31013660000001], [12.3916975, 51.30978269999999], [12.3913692, 51.309411999999995], [12.3910875, 51.30902649999999], [12.390854, 51.308628600000006], [12.3906703, 51.30822069999999], [12.390353, 51.30732869999999]]}, "properties": {"source": "OpenHistoricalMap", "way_id": 205154798, "source_url": "https://www.openhistoricalmap.org/way/205154798", "name": "Leipziger Güterring", "name_status": "recorded", "status": "historical_record; present-day removal unconfirmed", "railway": "rail", "length_km": 2.499909, "original_way_length_km": 2.499909, "start_date": "1878-04-20", "end_date": null, "license": "https://opendatacommons.org/licenses/odbl/1-0/", "source_license": "https://creativecommons.org/publicdomain/zero/1.0/", "source_license_basis": "OHM default CC0", "tags": {"electrified": "contact_line", "frequency": "16.7", "gauge": "1435", "level": "1", "name": "Leipziger Güterring", "railway": "rail", "ref": "6375", "source": "simplified OSM", "start_date": "1878-04-20", "usage": "main", "voltage": "15000", "wikidata": "Q21588006", "wikipedia": "de:Bahnstrecke Leipzig-Engelsdorf–Leipzig-Connewitz"}}}, {"type": "Feature", "id": "ohm/way/205154799", "geometry": {"type": "LineString", "coordinates": [[12.4138138, 51.32745049999999], [12.4131701, 51.326655800000005], [12.412932900000001, 51.32637249999999], [12.412701400000001, 51.32608429999999], [12.412468000000002, 51.3257766], [12.412100100000002, 51.32528339999998]]}, "properties": {"source": "OpenHistoricalMap", "way_id": 205154799, "source_url": "https://www.openhistoricalmap.org/way/205154799", "name": null, "name_status": "unrecorded", "status": "historical_record; present-day removal unconfirmed", "railway": "razed", "length_km": 0.269104, "original_way_length_km": 0.269104, "start_date": null, "end_date": null, "license": "https://opendatacommons.org/licenses/odbl/1-0/", "source_license": "https://creativecommons.org/publicdomain/zero/1.0/", "source_license_basis": "OHM default CC0", "tags": {"note": "abgebaute oder überbaute Gleise bitte nicht löschen", "railway": "razed", "source:geometry": "Bing aerial imagery"}}}, {"type": "Feature", "id": "ohm/way/205154800", "geometry": {"type": "LineString", "coordinates": [[12.4116807, 51.3250704], [12.4115107, 51.3248473]]}, "properties": {"source": "OpenHistoricalMap", "way_id": 205154800, "source_url": "https://www.openhistoricalmap.org/way/205154800", "name": "Leipziger Güterring", "name_status": "recorded", "status": "historical_record; present-day removal unconfirmed", "railway": "rail", "length_km": 0.027505, "original_way_length_km": 0.027505, "start_date": "1878-04-20", "end_date": null, "license": "https://opendatacommons.org/licenses/odbl/1-0/", "source_license": "https://creativecommons.org/publicdomain/zero/1.0/", "source_license_basis": "OHM default CC0", "tags": {"bridge": "yes", "electrified": "contact_line", "frequency": "16.7", "gauge": "1435", "layer": "1", "name": "Leipziger Güterring", "railway": "rail", "ref": "6375", "source": "simplified OSM", "start_date": "1878-04-20", "usage": "main", "voltage": "15000", "wikidata": "Q21588006", "wikipedia": "de:Bahnstrecke Leipzig-Engelsdorf–Leipzig-Connewitz"}}}, {"type": "Feature", "id": "ohm/way/205154801", "geometry": {"type": "LineString", "coordinates": [[12.432491100000002, 51.34394809999999], [12.4311449, 51.3417856], [12.4281602, 51.33722099999999], [12.4277274, 51.3366914], [12.4272385, 51.336181200000006], [12.4266959, 51.33569270000001], [12.4243362, 51.3339691], [12.4238835, 51.33366399999999], [12.423374, 51.333396199999996], [12.4228154, 51.33316980000001], [12.422216300000002, 51.3329883], [12.417999700000001, 51.331986799999996], [12.4175071, 51.3319225], [12.4170076, 51.331883799999986], [12.4165048, 51.33187100000001], [12.4160019, 51.331884099999996], [12.4132955, 51.332056300000005], [12.411836400000002, 51.33221710000001], [12.394337600000002, 51.33561229999999]]}, "properties": {"source": "OpenHistoricalMap", "way_id": 205154801, "source_url": "https://www.openhistoricalmap.org/way/205154801", "name": "Eilenburger Bahn", "name_status": "recorded", "status": "historical_record; present-day removal unconfirmed", "railway": "rail", "length_km": 3.467797, "original_way_length_km": 3.467797, "start_date": "1874-11-01", "end_date": "1973", "license": "https://opendatacommons.org/licenses/odbl/1-0/", "source_license": "https://creativecommons.org/publicdomain/zero/1.0/", "source_license_basis": "OHM default CC0", "tags": {"electrified": "contact_line", "end_date": "1973", "end_date:edtf": "1973~", "frequency": "16.7", "gauge": "1435", "name": "Eilenburger Bahn", "railway": "rail", "ref": "6371", "source": "simplified OSM", "start_date": "1874-11-01", "usage": "main", "voltage": "15000", "wikidata": "Q802636", "wikipedia": "de:Bahnstrecke Leipzig–Eilenburg"}}}, {"type": "Feature", "id": "ohm/way/205154802", "geometry": {"type": "LineString", "coordinates": [[12.4370902, 51.3510899], [12.443493400000001, 51.3614851], [12.444013700000001, 51.3620795], [12.4446129, 51.36264399999999], [12.445286800000002, 51.3631748], [12.446030500000003, 51.3636678], [12.446838700000002, 51.364119599999995], [12.4477054, 51.3645268], [12.4534243, 51.36677879999999], [12.4549141, 51.3674593]]}, "properties": {"source": "OpenHistoricalMap", "way_id": 205154802, "source_url": "https://www.openhistoricalmap.org/way/205154802", "name": "Eilenburger Bahn", "name_status": "recorded", "status": "historical_record; present-day removal unconfirmed", "railway": "rail", "length_km": 2.291158, "original_way_length_km": 2.291158, "start_date": "1874-11-01", "end_date": null, "license": "https://opendatacommons.org/licenses/odbl/1-0/", "source_license": "https://creativecommons.org/publicdomain/zero/1.0/", "source_license_basis": "OHM default CC0", "tags": {"electrified": "contact_line", "frequency": "16.7", "gauge": "1435", "name": "Eilenburger Bahn", "railway": "rail", "ref": "6371", "source": "simplified OSM", "start_date": "1874-11-01", "usage": "main", "voltage": "15000", "wikidata": "Q802636", "wikipedia": "de:Bahnstrecke Leipzig–Eilenburg"}}}, {"type": "Feature", "id": "ohm/way/205154803", "geometry": {"type": "LineString", "coordinates": [[12.4946687, 51.38820810000001], [12.4956923, 51.39321739999999], [12.496051100000003, 51.3943311], [12.4965571, 51.39542229999999], [12.4972066, 51.3964834], [12.497995100000002, 51.397507199999986], [12.4989174, 51.39848659999999], [12.4999668, 51.39941470000001], [12.5011363, 51.400285199999985], [12.5024176, 51.40109210000001], [12.508755900000002, 51.4051723], [12.5124123, 51.4074593], [12.5130978, 51.407834799999996], [12.5143527, 51.4084526], [12.514903900000002, 51.408699999999996], [12.516509600000001, 51.4093602], [12.545354700000003, 51.419893200000004], [12.5455629, 51.419971000000004], [12.549717300000001, 51.421508799999984], [12.5509779, 51.42206159999999], [12.5521892, 51.4226558], [12.5533475, 51.4232898], [12.5544494, 51.4239616], [12.5554919, 51.4246694], [12.5564719, 51.425411100000005], [12.5573865, 51.4261845], [12.558233200000002, 51.426987499999996], [12.5590094, 51.4278176], [12.567384200000001, 51.43885969999999], [12.5678027, 51.439351699999996], [12.568284700000001, 51.439820499999996], [12.568827, 51.440262999999995], [12.5694259, 51.44067619999999], [12.570077300000001, 51.441057199999996], [12.5707768, 51.4414035], [12.571519700000001, 51.4417128], [12.5723009, 51.4419829], [12.573115000000001, 51.4422121], [12.573956700000002, 51.44239859999999], [12.5748202, 51.442541399999996], [12.575699500000002, 51.4426394], [12.5765889, 51.442691999999994], [12.5832414, 51.44304619999999], [12.584698700000002, 51.443113399999994], [12.5850695, 51.44311859999999], [12.585882200000002, 51.44312049999999], [12.5873618, 51.4430663], [12.588542499999999, 51.4429606], [12.5894029, 51.44284749999999], [12.5906241, 51.44263509999999], [12.5972736, 51.4411799], [12.598166400000002, 51.4410266], [12.599074300000002, 51.44091329999999], [12.5999928, 51.44084049999999], [12.6009174, 51.44080859999999], [12.6018432, 51.4408178], [12.6027657, 51.44086789999999], [12.603680100000002, 51.44095879999999], [12.6045818, 51.4410899], [12.6054663, 51.441260699999994], [12.606329, 51.44147019999999], [12.607165699999998, 51.4417174], [12.6079721, 51.4420011], [12.6087441, 51.442319799999986], [12.6140908, 51.4449006], [12.614822900000002, 51.44522059999999], [12.6155864, 51.4455107], [12.6163781, 51.4457698], [12.617194800000002, 51.445996699999995], [12.6180332, 51.446190599999994], [12.6240229, 51.4472508], [12.625035900000002, 51.447492699999984], [12.626013000000002, 51.44778659999999], [12.6285449, 51.4487183]]}, "properties": {"source": "OpenHistoricalMap", "way_id": 205154803, "source_url": "https://www.openhistoricalmap.org/way/205154803", "name": null, "name_status": "unrecorded", "status": "historical_record; present-day removal unconfirmed", "railway": "rail", "length_km": 12.606129, "original_way_length_km": 12.606129, "start_date": "1874-11-01", "end_date": null, "license": "https://opendatacommons.org/licenses/odbl/1-0/", "source_license": "https://creativecommons.org/publicdomain/zero/1.0/", "source_license_basis": "OHM default CC0", "tags": {"electrified": "contact_line", "frequency": "16.7", "gauge": "1435", "railway": "rail", "ref": "6360", "source": "simplified OSM", "start_date": "1874-11-01", "usage": "main", "voltage": "15000"}}}, {"type": "Feature", "id": "ohm/way/205154804", "geometry": {"type": "LineString", "coordinates": [[12.4549141, 51.3674593], [12.4885292, 51.38057609999999], [12.4893936, 51.380953199999986], [12.4902037, 51.3813748], [12.490953400000002, 51.38183779999999], [12.4916374, 51.38233889999999], [12.492250700000001, 51.3828744], [12.492789, 51.38344049999999], [12.4933136, 51.3841135], [12.493737, 51.3848137], [12.4940567, 51.385535], [12.4942702, 51.38627149999999], [12.4946174, 51.387973699999996]]}, "properties": {"source": "OpenHistoricalMap", "way_id": 205154804, "source_url": "https://www.openhistoricalmap.org/way/205154804", "name": null, "name_status": "unrecorded", "status": "historical_record; present-day removal unconfirmed", "railway": "rail", "length_km": 3.722352, "original_way_length_km": 3.722352, "start_date": "1874-11-01", "end_date": null, "license": "https://opendatacommons.org/licenses/odbl/1-0/", "source_license": "https://creativecommons.org/publicdomain/zero/1.0/", "source_license_basis": "OHM default CC0", "tags": {"electrified": "contact_line", "frequency": "16.7", "gauge": "1435", "railway": "rail", "ref": "6360", "source": "simplified OSM", "start_date": "1874-11-01", "usage": "main", "voltage": "15000"}}}, {"type": "Feature", "id": "ohm/way/205154805", "geometry": {"type": "LineString", "coordinates": [[12.6289005, 51.448860799999984], [12.630118000000001, 51.449353699999996]]}, "properties": {"source": "OpenHistoricalMap", "way_id": 205154805, "source_url": "https://www.openhistoricalmap.org/way/205154805", "name": null, "name_status": "unrecorded", "status": "historical_record; present-day removal unconfirmed", "railway": "rail", "length_km": 0.100851, "original_way_length_km": 0.100851, "start_date": "1874-11-01", "end_date": null, "license": "https://opendatacommons.org/licenses/odbl/1-0/", "source_license": "https://creativecommons.org/publicdomain/zero/1.0/", "source_license_basis": "OHM default CC0", "tags": {"electrified": "contact_line", "frequency": "16.7", "gauge": "1435", "operator": "DB InfraGO AG", "railway": "rail", "ref": "6360", "source": "simplified OSM", "start_date": "1874-11-01", "usage": "main", "voltage": "15000"}}}, {"type": "Feature", "id": "ohm/way/205154806", "geometry": {"type": "LineString", "coordinates": [[12.6285449, 51.4487183], [12.6289005, 51.448860799999984]]}, "properties": {"source": "OpenHistoricalMap", "way_id": 205154806, "source_url": "https://www.openhistoricalmap.org/way/205154806", "name": null, "name_status": "unrecorded", "status": "historical_record; present-day removal unconfirmed", "railway": "rail", "length_km": 0.029368, "original_way_length_km": 0.029368, "start_date": "1874-11-01", "end_date": null, "license": "https://opendatacommons.org/licenses/odbl/1-0/", "source_license": "https://creativecommons.org/publicdomain/zero/1.0/", "source_license_basis": "OHM default CC0", "tags": {"bridge": "yes", "electrified": "contact_line", "frequency": "16.7", "gauge": "1435", "layer": "1", "operator": "DB InfraGO AG", "railway": "rail", "ref": "6360", "source": "simplified OSM", "start_date": "1874-11-01", "usage": "main", "voltage": "15000"}}}, {"type": "Feature", "id": "ohm/way/205154807", "geometry": {"type": "LineString", "coordinates": [[12.4946174, 51.387973699999996], [12.4946687, 51.38820810000001]]}, "properties": {"source": "OpenHistoricalMap", "way_id": 205154807, "source_url": "https://www.openhistoricalmap.org/way/205154807", "name": null, "name_status": "unrecorded", "status": "historical_record; present-day removal unconfirmed", "railway": "rail", "length_km": 0.026322, "original_way_length_km": 0.026322, "start_date": "1874-11-01", "end_date": null, "license": "https://opendatacommons.org/licenses/odbl/1-0/", "source_license": "https://creativecommons.org/publicdomain/zero/1.0/", "source_license_basis": "OHM default CC0", "tags": {"bridge": "yes", "electrified": "contact_line", "frequency": "16.7", "gauge": "1435", "layer": "1", "railway": "rail", "ref": "6360", "source": "simplified OSM", "start_date": "1874-11-01", "usage": "main", "voltage": "15000"}}}, {"type": "Feature", "id": "ohm/way/205154808", "geometry": {"type": "LineString", "coordinates": [[12.400824, 51.366905299999985], [12.399570200000001, 51.36956999999999], [12.3994535, 51.3698611], [12.399376900000002, 51.3701574], [12.399340900000002, 51.3704567], [12.3993457, 51.3707568], [12.3993914, 51.3710555], [12.399477600000003, 51.371350799999995], [12.3996036, 51.3716404], [12.3998583, 51.372081200000004], [12.4002141, 51.372494], [12.4006555, 51.3728735], [12.4012575, 51.373237299999985], [12.4019239, 51.37355430000001], [12.402645300000001, 51.37382019999999], [12.4034119, 51.3740313], [12.4042129, 51.3741846], [12.4050373, 51.37427799999999]]}, "properties": {"source": "OpenHistoricalMap", "way_id": 205154808, "source_url": "https://www.openhistoricalmap.org/way/205154808", "name": null, "name_status": "unrecorded", "status": "historical_record; present-day removal unconfirmed", "railway": "rail", "length_km": 1.049182, "original_way_length_km": 1.049182, "start_date": "1915-10-01", "end_date": null, "license": "https://opendatacommons.org/licenses/odbl/1-0/", "source_license": "https://creativecommons.org/publicdomain/zero/1.0/", "source_license_basis": "OHM default CC0", "tags": {"gauge": "1435", "railway": "rail", "ref": "6360", "source": "simplified OSM", "start_date": "1915-10-01", "usage": "main"}}}, {"type": "Feature", "id": "ohm/way/205154809", "geometry": {"type": "LineString", "coordinates": [[12.4050373, 51.37427799999999], [12.4054833, 51.3743092]]}, "properties": {"source": "OpenHistoricalMap", "way_id": 205154809, "source_url": "https://www.openhistoricalmap.org/way/205154809", "name": null, "name_status": "unrecorded", "status": "historical_record; present-day removal unconfirmed", "railway": "rail", "length_km": 0.031249, "original_way_length_km": 0.031249, "start_date": "1915-10-01", "end_date": null, "license": "https://opendatacommons.org/licenses/odbl/1-0/", "source_license": "https://creativecommons.org/publicdomain/zero/1.0/", "source_license_basis": "OHM default CC0", "tags": {"bridge": "yes", "electrified": "contact_line", "frequency": "16.7", "gauge": "1435", "layer": "1", "railway": "rail", "ref": "6360", "source": "simplified OSM", "start_date": "1915-10-01", "usage": "main", "voltage": "15000"}}}, {"type": "Feature", "id": "ohm/way/205154810", "geometry": {"type": "LineString", "coordinates": [[12.4054833, 51.3743092], [12.4062145, 51.374324800000004], [12.406945100000002, 51.3743008], [12.4076697, 51.37423749999999]]}, "properties": {"source": "OpenHistoricalMap", "way_id": 205154810, "source_url": "https://www.openhistoricalmap.org/way/205154810", "name": null, "name_status": "unrecorded", "status": "historical_record; present-day removal unconfirmed", "railway": "rail", "length_km": 0.152831, "original_way_length_km": 0.152831, "start_date": "1915-10-01", "end_date": null, "license": "https://opendatacommons.org/licenses/odbl/1-0/", "source_license": "https://creativecommons.org/publicdomain/zero/1.0/", "source_license_basis": "OHM default CC0", "tags": {"electrified": "contact_line", "frequency": "16.7", "gauge": "1435", "railway": "rail", "ref": "6360", "source": "simplified OSM", "start_date": "1915-10-01", "usage": "main", "voltage": "15000"}}}, {"type": "Feature", "id": "ohm/way/205154811", "geometry": {"type": "LineString", "coordinates": [[12.4076697, 51.37423749999999], [12.4077907, 51.374226400000005]]}, "properties": {"source": "OpenHistoricalMap", "way_id": 205154811, "source_url": "https://www.openhistoricalmap.org/way/205154811", "name": null, "name_status": "unrecorded", "status": "historical_record; present-day removal unconfirmed", "railway": "rail", "length_km": 0.008515, "original_way_length_km": 0.008515, "start_date": "1915-10-01", "end_date": null, "license": "https://opendatacommons.org/licenses/odbl/1-0/", "source_license": "https://creativecommons.org/publicdomain/zero/1.0/", "source_license_basis": "OHM default CC0", "tags": {"bridge": "yes", "electrified": "contact_line", "frequency": "16.7", "gauge": "1435", "layer": "1", "railway": "rail", "ref": "6360", "source": "simplified OSM", "start_date": "1915-10-01", "usage": "main", "voltage": "15000"}}}, {"type": "Feature", "id": "ohm/way/205154812", "geometry": {"type": "LineString", "coordinates": [[12.4077907, 51.374226400000005], [12.411326500000001, 51.373899099999996]]}, "properties": {"source": "OpenHistoricalMap", "way_id": 205154812, "source_url": "https://www.openhistoricalmap.org/way/205154812", "name": null, "name_status": "unrecorded", "status": "historical_record; present-day removal unconfirmed", "railway": "rail", "length_km": 0.248882, "original_way_length_km": 0.248882, "start_date": "1915-10-01", "end_date": null, "license": "https://opendatacommons.org/licenses/odbl/1-0/", "source_license": "https://creativecommons.org/publicdomain/zero/1.0/", "source_license_basis": "OHM default CC0", "tags": {"electrified": "contact_line", "frequency": "16.7", "gauge": "1435", "railway": "rail", "ref": "6360", "source": "simplified OSM", "start_date": "1915-10-01", "usage": "main", "voltage": "15000"}}}, {"type": "Feature", "id": "ohm/way/205154813", "geometry": {"type": "LineString", "coordinates": [[12.411326500000001, 51.373899099999996], [12.411781000000001, 51.3738593]]}, "properties": {"source": "OpenHistoricalMap", "way_id": 205154813, "source_url": "https://www.openhistoricalmap.org/way/205154813", "name": null, "name_status": "unrecorded", "status": "historical_record; present-day removal unconfirmed", "railway": "rail", "length_km": 0.031956, "original_way_length_km": 0.031956, "start_date": "1915-10-01", "end_date": null, "license": "https://opendatacommons.org/licenses/odbl/1-0/", "source_license": "https://creativecommons.org/publicdomain/zero/1.0/", "source_license_basis": "OHM default CC0", "tags": {"bridge": "yes", "electrified": "contact_line", "frequency": "16.7", "gauge": "1435", "layer": "1", "railway": "rail", "ref": "6360", "source": "simplified OSM", "start_date": "1915-10-01", "usage": "main", "voltage": "15000"}}}, {"type": "Feature", "id": "ohm/way/205154814", "geometry": {"type": "LineString", "coordinates": [[12.411781000000001, 51.3738593], [12.4129088, 51.3737551]]}, "properties": {"source": "OpenHistoricalMap", "way_id": 205154814, "source_url": "https://www.openhistoricalmap.org/way/205154814", "name": null, "name_status": "unrecorded", "status": "historical_record; present-day removal unconfirmed", "railway": "rail", "length_km": 0.079382, "original_way_length_km": 0.079382, "start_date": "1915-10-01", "end_date": null, "license": "https://opendatacommons.org/licenses/odbl/1-0/", "source_license": "https://creativecommons.org/publicdomain/zero/1.0/", "source_license_basis": "OHM default CC0", "tags": {"electrified": "contact_line", "frequency": "16.7", "gauge": "1435", "railway": "rail", "ref": "6360", "source": "simplified OSM", "start_date": "1915-10-01", "usage": "main", "voltage": "15000"}}}, {"type": "Feature", "id": "ohm/way/205154815", "geometry": {"type": "LineString", "coordinates": [[12.4129088, 51.3737551], [12.413103600000001, 51.37373719999999]]}, "properties": {"source": "OpenHistoricalMap", "way_id": 205154815, "source_url": "https://www.openhistoricalmap.org/way/205154815", "name": null, "name_status": "unrecorded", "status": "historical_record; present-day removal unconfirmed", "railway": "rail", "length_km": 0.01371, "original_way_length_km": 0.01371, "start_date": "1915-10-01", "end_date": null, "license": "https://opendatacommons.org/licenses/odbl/1-0/", "source_license": "https://creativecommons.org/publicdomain/zero/1.0/", "source_license_basis": "OHM default CC0", "tags": {"bridge": "yes", "electrified": "contact_line", "frequency": "16.7", "gauge": "1435", "layer": "1", "railway": "rail", "ref": "6360", "source": "simplified OSM", "start_date": "1915-10-01", "usage": "main", "voltage": "15000"}}}, {"type": "Feature", "id": "ohm/way/205154816", "geometry": {"type": "LineString", "coordinates": [[12.4185288, 51.37324079999999], [12.4188092, 51.373215099999996]]}, "properties": {"source": "OpenHistoricalMap", "way_id": 205154816, "source_url": "https://www.openhistoricalmap.org/way/205154816", "name": null, "name_status": "unrecorded", "status": "historical_record; present-day removal unconfirmed", "railway": "rail", "length_km": 0.019733, "original_way_length_km": 0.019733, "start_date": "1915-10-01", "end_date": null, "license": "https://opendatacommons.org/licenses/odbl/1-0/", "source_license": "https://creativecommons.org/publicdomain/zero/1.0/", "source_license_basis": "OHM default CC0", "tags": {"bridge": "yes", "electrified": "contact_line", "frequency": "16.7", "gauge": "1435", "layer": "1", "railway": "rail", "ref": "6360", "source": "simplified OSM", "start_date": "1915-10-01", "usage": "main", "voltage": "15000"}}}, {"type": "Feature", "id": "ohm/way/205154817", "geometry": {"type": "LineString", "coordinates": [[12.413103600000001, 51.37373719999999], [12.4131258, 51.37373519999998], [12.4185288, 51.37324079999999]]}, "properties": {"source": "OpenHistoricalMap", "way_id": 205154817, "source_url": "https://www.openhistoricalmap.org/way/205154817", "name": null, "name_status": "unrecorded", "status": "historical_record; present-day removal unconfirmed", "railway": "rail", "length_km": 0.381786, "original_way_length_km": 0.381786, "start_date": "1915-10-01", "end_date": null, "license": "https://opendatacommons.org/licenses/odbl/1-0/", "source_license": "https://creativecommons.org/publicdomain/zero/1.0/", "source_license_basis": "OHM default CC0", "tags": {"electrified": "contact_line", "frequency": "16.7", "gauge": "1435", "railway": "rail", "ref": "6360", "source": "simplified OSM", "start_date": "1915-10-01", "usage": "main", "voltage": "15000"}}}, {"type": "Feature", "id": "ohm/way/205154818", "geometry": {"type": "LineString", "coordinates": [[12.4188092, 51.373215099999996], [12.4208121, 51.37303099999999]]}, "properties": {"source": "OpenHistoricalMap", "way_id": 205154818, "source_url": "https://www.openhistoricalmap.org/way/205154818", "name": null, "name_status": "unrecorded", "status": "historical_record; present-day removal unconfirmed", "railway": "rail", "length_km": 0.140964, "original_way_length_km": 0.140964, "start_date": "1915-10-01", "end_date": null, "license": "https://opendatacommons.org/licenses/odbl/1-0/", "source_license": "https://creativecommons.org/publicdomain/zero/1.0/", "source_license_basis": "OHM default CC0", "tags": {"electrified": "contact_line", "frequency": "16.7", "gauge": "1435", "railway": "rail", "ref": "6360", "source": "simplified OSM", "start_date": "1915-10-01", "usage": "main", "voltage": "15000"}}}, {"type": "Feature", "id": "ohm/way/205154819", "geometry": {"type": "LineString", "coordinates": [[12.4208121, 51.37303099999999], [12.4213346, 51.37298369999999]]}, "properties": {"source": "OpenHistoricalMap", "way_id": 205154819, "source_url": "https://www.openhistoricalmap.org/way/205154819", "name": null, "name_status": "unrecorded", "status": "historical_record; present-day removal unconfirmed", "railway": "rail", "length_km": 0.036762, "original_way_length_km": 0.036762, "start_date": "1915-10-01", "end_date": null, "license": "https://opendatacommons.org/licenses/odbl/1-0/", "source_license": "https://creativecommons.org/publicdomain/zero/1.0/", "source_license_basis": "OHM default CC0", "tags": {"bridge": "yes", "electrified": "contact_line", "frequency": "16.7", "gauge": "1435", "layer": "1", "railway": "rail", "ref": "6360", "source": "simplified OSM", "start_date": "1915-10-01", "usage": "main", "voltage": "15000"}}}, {"type": "Feature", "id": "ohm/way/205154820", "geometry": {"type": "LineString", "coordinates": [[12.423342500000002, 51.372805499999984], [12.4234851, 51.37279350000001]]}, "properties": {"source": "OpenHistoricalMap", "way_id": 205154820, "source_url": "https://www.openhistoricalmap.org/way/205154820", "name": null, "name_status": "unrecorded", "status": "historical_record; present-day removal unconfirmed", "railway": "rail", "length_km": 0.010019, "original_way_length_km": 0.010019, "start_date": "1915-10-01", "end_date": null, "license": "https://opendatacommons.org/licenses/odbl/1-0/", "source_license": "https://creativecommons.org/publicdomain/zero/1.0/", "source_license_basis": "OHM default CC0", "tags": {"bridge": "yes", "electrified": "contact_line", "frequency": "16.7", "gauge": "1435", "layer": "1", "railway": "rail", "ref": "6360", "source": "simplified OSM", "start_date": "1915-10-01", "usage": "main", "voltage": "15000"}}}, {"type": "Feature", "id": "ohm/way/205154821", "geometry": {"type": "LineString", "coordinates": [[12.4213346, 51.37298369999999], [12.423342500000002, 51.372805499999984]]}, "properties": {"source": "OpenHistoricalMap", "way_id": 205154821, "source_url": "https://www.openhistoricalmap.org/way/205154821", "name": null, "name_status": "unrecorded", "status": "historical_record; present-day removal unconfirmed", "railway": "rail", "length_km": 0.141216, "original_way_length_km": 0.141216, "start_date": "1915-10-01", "end_date": null, "license": "https://opendatacommons.org/licenses/odbl/1-0/", "source_license": "https://creativecommons.org/publicdomain/zero/1.0/", "source_license_basis": "OHM default CC0", "tags": {"electrified": "contact_line", "frequency": "16.7", "gauge": "1435", "railway": "rail", "ref": "6360", "source": "simplified OSM", "start_date": "1915-10-01", "usage": "main", "voltage": "15000"}}}, {"type": "Feature", "id": "ohm/way/205154822", "geometry": {"type": "LineString", "coordinates": [[12.4234851, 51.37279350000001], [12.424062500000002, 51.37274239999999], [12.4264716, 51.3724779], [12.4280174, 51.3722396]]}, "properties": {"source": "OpenHistoricalMap", "way_id": 205154822, "source_url": "https://www.openhistoricalmap.org/way/205154822", "name": null, "name_status": "unrecorded", "status": "historical_record; present-day removal unconfirmed", "railway": "rail", "length_km": 0.321781, "original_way_length_km": 0.321781, "start_date": "1915-10-01", "end_date": null, "license": "https://opendatacommons.org/licenses/odbl/1-0/", "source_license": "https://creativecommons.org/publicdomain/zero/1.0/", "source_license_basis": "OHM default CC0", "tags": {"electrified": "contact_line", "frequency": "16.7", "gauge": "1435", "railway": "rail", "ref": "6360", "source": "simplified OSM", "start_date": "1915-10-01", "usage": "main", "voltage": "15000"}}}, {"type": "Feature", "id": "ohm/way/205154823", "geometry": {"type": "LineString", "coordinates": [[12.428293900000002, 51.3721911], [12.4280174, 51.3722396]]}, "properties": {"source": "OpenHistoricalMap", "way_id": 205154823, "source_url": "https://www.openhistoricalmap.org/way/205154823", "name": null, "name_status": "unrecorded", "status": "historical_record; present-day removal unconfirmed", "railway": "rail", "length_km": 0.019996, "original_way_length_km": 0.019996, "start_date": "1915-10-01", "end_date": null, "license": "https://opendatacommons.org/licenses/odbl/1-0/", "source_license": "https://creativecommons.org/publicdomain/zero/1.0/", "source_license_basis": "OHM default CC0", "tags": {"bridge": "yes", "electrified": "contact_line", "frequency": "16.7", "gauge": "1435", "layer": "1", "railway": "rail", "source": "simplified OSM", "start_date": "1915-10-01", "voltage": "15000"}}}, {"type": "Feature", "id": "ohm/way/205154824", "geometry": {"type": "LineString", "coordinates": [[12.428293900000002, 51.3721911], [12.4284464, 51.37216430000001], [12.4288017, 51.37209589999999], [12.4304638, 51.37175830000001], [12.4370333, 51.3702476], [12.4377135, 51.370060699999996], [12.438166300000002, 51.36990999999999], [12.4396526, 51.3693179], [12.4457434, 51.366493199999994], [12.446366800000002, 51.36624719999999], [12.447036500000001, 51.366054399999996], [12.447740900000001, 51.36591799999999], [12.4484678, 51.3658405], [12.4492048, 51.3658231], [12.449939000000002, 51.36586629999999], [12.4506578, 51.365969099999994], [12.451348899999997, 51.3661299], [12.4520002, 51.366345800000005], [12.4549141, 51.3674593]]}, "properties": {"source": "OpenHistoricalMap", "way_id": 205154824, "source_url": "https://www.openhistoricalmap.org/way/205154824", "name": null, "name_status": "unrecorded", "status": "historical_record; present-day removal unconfirmed", "railway": "rail", "length_km": 2.083871, "original_way_length_km": 2.083871, "start_date": "1915-10-01", "end_date": null, "license": "https://opendatacommons.org/licenses/odbl/1-0/", "source_license": "https://creativecommons.org/publicdomain/zero/1.0/", "source_license_basis": "OHM default CC0", "tags": {"covered": "yes", "electrified": "contact_line", "frequency": "16.7", "gauge": "1435", "layer": "-1", "operator": "DB InfraGO AG", "railway": "rail", "ref": "6360", "source": "simplified OSM", "start_date": "1915-10-01", "usage": "main", "voltage": "15000"}}}, {"type": "Feature", "id": "ohm/way/205154825", "geometry": {"type": "LineString", "coordinates": [[12.4370902, 51.3510899], [12.436978100000001, 51.350936399999995]]}, "properties": {"source": "OpenHistoricalMap", "way_id": 205154825, "source_url": "https://www.openhistoricalmap.org/way/205154825", "name": "Eilenburger Bahn", "name_status": "recorded", "status": "historical_record; present-day removal unconfirmed", "railway": "rail", "length_km": 0.018779, "original_way_length_km": 0.018779, "start_date": "1874-11-01", "end_date": null, "license": "https://opendatacommons.org/licenses/odbl/1-0/", "source_license": "https://creativecommons.org/publicdomain/zero/1.0/", "source_license_basis": "OHM default CC0", "tags": {"bridge": "yes", "electrified": "contact_line", "frequency": "16.7", "gauge": "1435", "layer": "1", "name": "Eilenburger Bahn", "railway": "rail", "ref": "6371", "source": "simplified OSM", "start_date": "1874-11-01", "usage": "main", "voltage": "15000", "wikidata": "Q802636", "wikipedia": "de:Bahnstrecke Leipzig–Eilenburg"}}}, {"type": "Feature", "id": "ohm/way/205154826", "geometry": {"type": "LineString", "coordinates": [[12.436978100000001, 51.350936399999995], [12.4328805, 51.34456889999999]]}, "properties": {"source": "OpenHistoricalMap", "way_id": 205154826, "source_url": "https://www.openhistoricalmap.org/way/205154826", "name": "Eilenburger Bahn", "name_status": "recorded", "status": "historical_record; present-day removal unconfirmed", "railway": "rail", "length_km": 0.763777, "original_way_length_km": 0.763777, "start_date": "1874-11-01", "end_date": null, "license": "https://opendatacommons.org/licenses/odbl/1-0/", "source_license": "https://creativecommons.org/publicdomain/zero/1.0/", "source_license_basis": "OHM default CC0", "tags": {"electrified": "contact_line", "frequency": "16.7", "gauge": "1435", "name": "Eilenburger Bahn", "railway": "rail", "ref": "6371", "source": "simplified OSM", "start_date": "1874-11-01", "usage": "main", "voltage": "15000", "wikidata": "Q802636", "wikipedia": "de:Bahnstrecke Leipzig–Eilenburg"}}}, {"type": "Feature", "id": "ohm/way/205154827", "geometry": {"type": "LineString", "coordinates": [[12.432586200000001, 51.34409719999999], [12.432491100000002, 51.34394809999999]]}, "properties": {"source": "OpenHistoricalMap", "way_id": 205154827, "source_url": "https://www.openhistoricalmap.org/way/205154827", "name": "Eilenburger Bahn", "name_status": "recorded", "status": "historical_record; present-day removal unconfirmed", "railway": "rail", "length_km": 0.017863, "original_way_length_km": 0.017863, "start_date": "1874-11-01", "end_date": null, "license": "https://opendatacommons.org/licenses/odbl/1-0/", "source_license": "https://creativecommons.org/publicdomain/zero/1.0/", "source_license_basis": "OHM default CC0", "tags": {"bridge": "yes", "electrified": "contact_line", "frequency": "16.7", "gauge": "1435", "layer": "1", "name": "Eilenburger Bahn", "railway": "rail", "ref": "6371", "source": "simplified OSM", "start_date": "1874-11-01", "usage": "main", "voltage": "15000", "wikidata": "Q802636", "wikipedia": "de:Bahnstrecke Leipzig–Eilenburg"}}}, {"type": "Feature", "id": "ohm/way/205154828", "geometry": {"type": "LineString", "coordinates": [[12.4327093, 51.3442953], [12.432586200000001, 51.34409719999999]]}, "properties": {"source": "OpenHistoricalMap", "way_id": 205154828, "source_url": "https://www.openhistoricalmap.org/way/205154828", "name": "Eilenburger Bahn", "name_status": "recorded", "status": "historical_record; present-day removal unconfirmed", "railway": "rail", "length_km": 0.02365, "original_way_length_km": 0.02365, "start_date": "1874-11-01", "end_date": null, "license": "https://opendatacommons.org/licenses/odbl/1-0/", "source_license": "https://creativecommons.org/publicdomain/zero/1.0/", "source_license_basis": "OHM default CC0", "tags": {"electrified": "contact_line", "embankment": "yes", "frequency": "16.7", "gauge": "1435", "name": "Eilenburger Bahn", "railway": "rail", "ref": "6371", "source": "simplified OSM", "start_date": "1874-11-01", "usage": "main", "voltage": "15000", "wikidata": "Q802636", "wikipedia": "de:Bahnstrecke Leipzig–Eilenburg"}}}, {"type": "Feature", "id": "ohm/way/205154829", "geometry": {"type": "LineString", "coordinates": [[12.4328805, 51.34456889999999], [12.4327093, 51.3442953]]}, "properties": {"source": "OpenHistoricalMap", "way_id": 205154829, "source_url": "https://www.openhistoricalmap.org/way/205154829", "name": "Eilenburger Bahn", "name_status": "recorded", "status": "historical_record; present-day removal unconfirmed", "railway": "rail", "length_km": 0.032693, "original_way_length_km": 0.032693, "start_date": "1874-11-01", "end_date": null, "license": "https://opendatacommons.org/licenses/odbl/1-0/", "source_license": "https://creativecommons.org/publicdomain/zero/1.0/", "source_license_basis": "OHM default CC0", "tags": {"bridge": "yes", "electrified": "contact_line", "frequency": "16.7", "gauge": "1435", "layer": "1", "name": "Eilenburger Bahn", "railway": "rail", "ref": "6371", "source": "simplified OSM", "start_date": "1874-11-01", "usage": "main", "voltage": "15000", "wikidata": "Q802636", "wikipedia": "de:Bahnstrecke Leipzig–Eilenburg"}}}, {"type": "Feature", "id": "ohm/way/205156298", "geometry": {"type": "LineString", "coordinates": [[12.4028094, 51.3388385], [12.402652800000002, 51.338891999999994], [12.4026263, 51.3389008], [12.402431100000001, 51.33896799999999], [12.4024215, 51.33897129999999], [12.402231, 51.3390369], [12.4020905, 51.339092099999995], [12.4016742, 51.3392423], [12.4015857, 51.33926649999999], [12.401482200000002, 51.33929099999999], [12.4013745, 51.3393082], [12.4012569, 51.339317], [12.401183300000001, 51.3393152], [12.401051900000002, 51.33931449999999], [12.4007107, 51.339302599999996], [12.4004272, 51.33929269999999], [12.3995071, 51.33926249999999], [12.3983214, 51.3392242], [12.3971937, 51.3391871]]}, "properties": {"source": "OpenHistoricalMap", "way_id": 205156298, "source_url": "https://www.openhistoricalmap.org/way/205156298", "name": null, "name_status": "unrecorded", "status": "historical_record; present-day removal unconfirmed", "railway": "tram", "length_km": 0.404948, "original_way_length_km": 0.404948, "start_date": "1872-05-18", "end_date": null, "license": "https://opendatacommons.org/licenses/odbl/1-0/", "source_license": "https://creativecommons.org/publicdomain/zero/1.0/", "source_license_basis": "OHM default CC0", "tags": {"electrified": "contact_line", "frequency": "0", "gauge": "1458", "railway": "tram", "source": "OSM Contributors", "start_date": "1872-05-18", "voltage": "600"}}}, {"type": "Feature", "id": "ohm/way/205156299", "geometry": {"type": "LineString", "coordinates": [[12.3822712, 51.33863850000001], [12.3823011, 51.33863039999999], [12.382317, 51.33862599999999], [12.3823641, 51.3386133], [12.382417300000002, 51.338600599999985], [12.3824864, 51.33858409999999], [12.382566799999998, 51.33856560000001], [12.3826201, 51.33855359999998], [12.382684800000002, 51.33853999999999], [12.3827463, 51.33852679999999], [12.3828185, 51.338512400000006], [12.3829776, 51.338482099999986], [12.3831066, 51.33845779999999], [12.3832166, 51.33843809999998], [12.3834194, 51.3384033], [12.3835794, 51.3383766], [12.3836862, 51.3383597], [12.3837503, 51.3383501], [12.383817, 51.338341199999995], [12.3839058, 51.338331], [12.3840271, 51.338316999999996], [12.3841155, 51.3383081], [12.3841689, 51.3383028], [12.384253, 51.3382949], [12.3843066, 51.3382896], [12.384600800000001, 51.3382679], [12.3846304, 51.338265], [12.3846454, 51.3382639], [12.3849212, 51.33824430000001], [12.3850222, 51.3382367], [12.3853578, 51.3382192], [12.385434600000002, 51.33821590000001], [12.3859237, 51.33819350000001], [12.386776800000002, 51.3381569], [12.3870016, 51.3381464], [12.3871792, 51.3381396], [12.3873146, 51.33813459999999], [12.3873637, 51.3381331], [12.387470000000002, 51.338133400000004], [12.387607200000001, 51.338135199999996], [12.387720600000002, 51.338138499999985], [12.387838500000003, 51.33814459999999], [12.3879479, 51.33815220000001], [12.3880189, 51.3381587], [12.388101600000002, 51.338167199999994], [12.388188200000002, 51.338178099999986], [12.3882773, 51.3381906], [12.3886371, 51.33824739999999], [12.3902275, 51.3385053], [12.390609, 51.33856659999999], [12.3920242, 51.33880620000001], [12.3922429, 51.338842400000004], [12.3932214, 51.3390044], [12.393321400000001, 51.3390143], [12.3934378, 51.3390259], [12.3935768, 51.3390397], [12.393794800000002, 51.3390489], [12.394650800000003, 51.3390797], [12.3947308, 51.339082099999985], [12.3950437, 51.33909229999999], [12.3952404, 51.33909879999999], [12.3955514, 51.3391072], [12.3964059, 51.33913569999999], [12.3970564, 51.3391558], [12.3971952, 51.3391625], [12.3973351, 51.33916719999999], [12.397575900000001, 51.3391754], [12.3978023, 51.3391831], [12.3983278, 51.3392009], [12.3994879, 51.33923759999999], [12.3995004, 51.33923800000001], [12.3995195, 51.339238599999995], [12.4007129, 51.3392793], [12.401053200000002, 51.3392909], [12.4012527, 51.339293399999995], [12.4013462, 51.3392837], [12.4014481, 51.33927030000001], [12.401569799999999, 51.33924530000001], [12.401655800000002, 51.339222], [12.402018100000001, 51.33908649999999], [12.402212700000002, 51.33901569999999], [12.402366, 51.33896519999999], [12.4024127, 51.3389492], [12.402655400000002, 51.3388659], [12.4027913, 51.338819300000004]]}, "properties": {"source": "OpenHistoricalMap", "way_id": 205156299, "source_url": "https://www.openhistoricalmap.org/way/205156299", "name": null, "name_status": "unrecorded", "status": "historical_record; present-day removal unconfirmed", "railway": "tram", "length_km": 1.462595, "original_way_length_km": 1.462595, "start_date": "1872-05-18", "end_date": null, "license": "https://opendatacommons.org/licenses/odbl/1-0/", "source_license": "https://creativecommons.org/publicdomain/zero/1.0/", "source_license_basis": "OHM default CC0", "tags": {"electrified": "contact_line", "frequency": "0", "gauge": "1458", "railway": "tram", "source": "OSM Contributors", "start_date": "1872-05-18", "voltage": "600"}}}, {"type": "Feature", "id": "ohm/way/205156300", "geometry": {"type": "LineString", "coordinates": [[12.3971937, 51.3391871], [12.3971157, 51.3391839], [12.3964038, 51.33916159999999], [12.3956671, 51.3391362], [12.395550300000002, 51.3391327], [12.395265700000001, 51.3391237], [12.3950648, 51.339115699999994], [12.394738300000002, 51.339105999999994], [12.3937924, 51.3390733], [12.3935744, 51.3390647], [12.393333000000002, 51.3390448], [12.3932124, 51.3390276], [12.3922333, 51.33886600000001], [12.3908671, 51.33864129999999], [12.3901705, 51.33853], [12.3900012, 51.33849939999999], [12.3892767, 51.338379599999996], [12.3885229, 51.3382552], [12.3882673, 51.3382155], [12.3880949, 51.338193899999986], [12.3878351, 51.33817079999999], [12.3877205, 51.33816459999999], [12.387609100000002, 51.33816059999999], [12.3874986, 51.33815820000001], [12.3874258, 51.3381579], [12.3873678, 51.338158799999995], [12.3872852, 51.3381605], [12.3870042, 51.3381715], [12.385551200000002, 51.338234299999996], [12.3853601, 51.338244100000004], [12.385153200000001, 51.33825480000001], [12.3849955, 51.338264], [12.3849242, 51.33826929999999], [12.384647199999998, 51.33828970000001], [12.3843397, 51.33831519999999], [12.3842831, 51.33832000000001], [12.3841788, 51.3383295], [12.3840593, 51.3383411], [12.383944200000002, 51.3383528], [12.383799300000002, 51.338371599999995], [12.383722100000002, 51.3383827], [12.3835009, 51.33841610000001], [12.3834278, 51.338428500000006], [12.383270600000001, 51.33845689999999], [12.3831306, 51.338480399999995], [12.3830326, 51.3384991], [12.3829298, 51.338518], [12.3828404, 51.33853599999999], [12.38277, 51.3385501], [12.382670300000001, 51.33857069999999], [12.3826065, 51.33858450000001], [12.382546, 51.33859809999999], [12.3824905, 51.33861129999999], [12.382380300000001, 51.338638499999995], [12.382332, 51.3386501], [12.3823166, 51.33865509999999]]}, "properties": {"source": "OpenHistoricalMap", "way_id": 205156300, "source_url": "https://www.openhistoricalmap.org/way/205156300", "name": null, "name_status": "unrecorded", "status": "historical_record; present-day removal unconfirmed", "railway": "tram", "length_km": 1.055714, "original_way_length_km": 1.055714, "start_date": "1872-05-18", "end_date": null, "license": "https://opendatacommons.org/licenses/odbl/1-0/", "source_license": "https://creativecommons.org/publicdomain/zero/1.0/", "source_license_basis": "OHM default CC0", "tags": {"electrified": "contact_line", "frequency": "0", "gauge": "1458", "railway": "tram", "source": "OSM Contributors", "start_date": "1872-05-18", "voltage": "600"}}}, {"type": "Feature", "id": "ohm/way/205156301", "geometry": {"type": "LineString", "coordinates": [[12.3823166, 51.33865509999999], [12.3821048, 51.3387133], [12.3820953, 51.33871589999998], [12.3819573, 51.3387538], [12.3819178, 51.338764799999986], [12.381782999999999, 51.33880240000001], [12.3816321, 51.3388446], [12.381552099999999, 51.33886689999999]]}, "properties": {"source": "OpenHistoricalMap", "way_id": 205156301, "source_url": "https://www.openhistoricalmap.org/way/205156301", "name": null, "name_status": "unrecorded", "status": "historical_record; present-day removal unconfirmed", "railway": "tram", "length_km": 0.058253, "original_way_length_km": 0.058253, "start_date": "1872-05-18", "end_date": null, "license": "https://opendatacommons.org/licenses/odbl/1-0/", "source_license": "https://creativecommons.org/publicdomain/zero/1.0/", "source_license_basis": "OHM default CC0", "tags": {"electrified": "contact_line", "frequency": "0", "gauge": "1458", "railway": "tram", "source": "OSM Contributors", "start_date": "1872-05-18", "voltage": "600"}}}, {"type": "Feature", "id": "ohm/way/205156302", "geometry": {"type": "LineString", "coordinates": [[12.3815425, 51.3388376], [12.3816225, 51.3388154], [12.381770300000001, 51.33877429999999], [12.381902900000002, 51.33873749999999], [12.3819419, 51.3387267], [12.3820844, 51.3386912], [12.3821642, 51.33866870000001], [12.3822712, 51.33863850000001]]}, "properties": {"source": "OpenHistoricalMap", "way_id": 205156302, "source_url": "https://www.openhistoricalmap.org/way/205156302", "name": null, "name_status": "unrecorded", "status": "historical_record; present-day removal unconfirmed", "railway": "tram", "length_km": 0.055408, "original_way_length_km": 0.055408, "start_date": "1872-05-18", "end_date": null, "license": "https://opendatacommons.org/licenses/odbl/1-0/", "source_license": "https://creativecommons.org/publicdomain/zero/1.0/", "source_license_basis": "OHM default CC0", "tags": {"electrified": "contact_line", "frequency": "0", "gauge": "1458", "railway": "tram", "source": "OSM Contributors", "start_date": "1872-05-18", "voltage": "600"}}}, {"type": "Feature", "id": "ohm/way/205156303", "geometry": {"type": "LineString", "coordinates": [[12.381552099999999, 51.33886689999999], [12.3813858, 51.33891329999999], [12.3806535, 51.33911749999999], [12.3804184, 51.33918369999999], [12.380370400000002, 51.33919759999999], [12.380281600000002, 51.339230199999996], [12.380216000000003, 51.3392675], [12.380176, 51.339296399999995], [12.3801424, 51.339329000000006], [12.3801032, 51.33938570000001], [12.380102, 51.3393899], [12.3800862, 51.3394434], [12.3800872, 51.3395009], [12.380098, 51.33955319999999], [12.3801106, 51.33959699999998], [12.380245000000002, 51.340064799999986], [12.380301200000002, 51.34024439999998]]}, "properties": {"source": "OpenHistoricalMap", "way_id": 205156303, "source_url": "https://www.openhistoricalmap.org/way/205156303", "name": null, "name_status": "unrecorded", "status": "historical_record; present-day removal unconfirmed", "railway": "tram", "length_km": 0.215972, "original_way_length_km": 0.215972, "start_date": "1872-05-18", "end_date": null, "license": "https://opendatacommons.org/licenses/odbl/1-0/", "source_license": "https://creativecommons.org/publicdomain/zero/1.0/", "source_license_basis": "OHM default CC0", "tags": {"electrified": "contact_line", "frequency": "0", "gauge": "1458", "railway": "tram", "source": "OSM Contributors", "start_date": "1872-05-18", "tram": "yes", "voltage": "600"}}}, {"type": "Feature", "id": "ohm/way/205156304", "geometry": {"type": "LineString", "coordinates": [[12.3802039, 51.3400691], [12.3800708, 51.33960299999999], [12.3800525, 51.339541700000005], [12.380040900000001, 51.339477], [12.3800435, 51.3394172], [12.3800519, 51.33938719999998], [12.3800531, 51.33938289999998], [12.3800715, 51.3393475], [12.3801123, 51.3392961], [12.3801503, 51.339263300000006], [12.3801809, 51.339240399999994], [12.3802488, 51.339207], [12.380345600000002, 51.3391732], [12.380409, 51.33915450000001], [12.381280900000002, 51.338910699999985], [12.3813739, 51.3388847], [12.3815425, 51.3388376]]}, "properties": {"source": "OpenHistoricalMap", "way_id": 205156304, "source_url": "https://www.openhistoricalmap.org/way/205156304", "name": null, "name_status": "unrecorded", "status": "historical_record; present-day removal unconfirmed", "railway": "tram", "length_km": 0.200871, "original_way_length_km": 0.200871, "start_date": "1872-05-18", "end_date": null, "license": "https://opendatacommons.org/licenses/odbl/1-0/", "source_license": "https://creativecommons.org/publicdomain/zero/1.0/", "source_license_basis": "OHM default CC0", "tags": {"electrified": "contact_line", "frequency": "0", "gauge": "1458", "railway": "tram", "source": "OSM Contributors", "start_date": "1872-05-18", "tram": "yes", "voltage": "600"}}}, {"type": "Feature", "id": "ohm/way/205156307", "geometry": {"type": "LineString", "coordinates": [[12.4069592, 51.33836349999999], [12.4073977, 51.338924999999996], [12.407524000000002, 51.33908669999999], [12.4076351, 51.339228999999996], [12.4077316, 51.33934620000001], [12.4078927, 51.339543400000004], [12.408120700000001, 51.33981059999999], [12.4082794, 51.33997209999999], [12.4083579, 51.34005019999999], [12.408408200000002, 51.340096899999985], [12.4084776, 51.34015759999999], [12.4085121, 51.3401883], [12.4086248, 51.340279800000005], [12.408716, 51.34035620000001], [12.4089459, 51.340543499999995], [12.409051, 51.340627100000006], [12.4091667, 51.34071930000001], [12.409251400000002, 51.3407837], [12.409349400000002, 51.34085720000001], [12.4094396, 51.34092129999999], [12.4096567, 51.341069600000004], [12.409977100000003, 51.3412894], [12.4103752, 51.34155440000001], [12.4105362, 51.34166], [12.410667900000002, 51.341743699999995]]}, "properties": {"source": "OpenHistoricalMap", "way_id": 205156307, "source_url": "https://www.openhistoricalmap.org/way/205156307", "name": null, "name_status": "unrecorded", "status": "historical_record; present-day removal unconfirmed", "railway": "tram", "length_km": 0.45971, "original_way_length_km": 0.45971, "start_date": "1898-07-24", "end_date": null, "license": "https://opendatacommons.org/licenses/odbl/1-0/", "source_license": "https://creativecommons.org/publicdomain/zero/1.0/", "source_license_basis": "OHM default CC0", "tags": {"electrified": "contact_line", "frequency": "0", "gauge": "1458", "railway": "tram", "source": "OSM Contributors", "start_date": "1898-07-24", "voltage": "600"}}}, {"type": "Feature", "id": "ohm/way/205156308", "geometry": {"type": "LineString", "coordinates": [[12.4063254, 51.33808560000001], [12.4064586, 51.3381051], [12.406567800000001, 51.338121099999995], [12.4065717, 51.33812210000001], [12.4066399, 51.338138799999996], [12.4066949, 51.3381602], [12.406723000000001, 51.33817119999999], [12.406747, 51.33818389999999], [12.406808200000002, 51.33821639999999], [12.4068384, 51.3382325], [12.4068728, 51.338257399999996], [12.4069065, 51.3382988], [12.4069177, 51.3383125], [12.4069316, 51.3383296], [12.4069592, 51.33836349999999]]}, "properties": {"source": "OpenHistoricalMap", "way_id": 205156308, "source_url": "https://www.openhistoricalmap.org/way/205156308", "name": null, "name_status": "unrecorded", "status": "historical_record; present-day removal unconfirmed", "railway": "tram", "length_km": 0.057024, "original_way_length_km": 0.057024, "start_date": "1898-07-24", "end_date": null, "license": "https://opendatacommons.org/licenses/odbl/1-0/", "source_license": "https://creativecommons.org/publicdomain/zero/1.0/", "source_license_basis": "OHM default CC0", "tags": {"electrified": "contact_line", "frequency": "0", "gauge": "1458", "railway": "tram", "source": "OSM Contributors", "start_date": "1898-07-24", "tram": "yes", "voltage": "600"}}}, {"type": "Feature", "id": "ohm/way/205156309", "geometry": {"type": "LineString", "coordinates": [[12.4045584, 51.3382226], [12.404734400000002, 51.33817249999999], [12.404919100000003, 51.3381365], [12.4049797, 51.3381279], [12.405335900000003, 51.338077299999995], [12.4054126, 51.3380697], [12.4055561, 51.33806070000001], [12.4063254, 51.33808560000001]]}, "properties": {"source": "OpenHistoricalMap", "way_id": 205156309, "source_url": "https://www.openhistoricalmap.org/way/205156309", "name": null, "name_status": "unrecorded", "status": "historical_record; present-day removal unconfirmed", "railway": "tram", "length_km": 0.125877, "original_way_length_km": 0.125877, "start_date": "1872-05-18", "end_date": null, "license": "https://opendatacommons.org/licenses/odbl/1-0/", "source_license": "https://creativecommons.org/publicdomain/zero/1.0/", "source_license_basis": "OHM default CC0", "tags": {"electrified": "contact_line", "frequency": "0", "gauge": "1458", "railway": "tram", "source": "OSM Contributors", "start_date": "1872-05-18", "tram": "yes", "voltage": "600"}}}, {"type": "Feature", "id": "ohm/way/205156310", "geometry": {"type": "LineString", "coordinates": [[12.4027913, 51.338819300000004], [12.4028416, 51.338802199999996], [12.4032463, 51.33866449999999], [12.4033471, 51.33863019999999], [12.4038896, 51.3384438], [12.4038979, 51.33844089999999], [12.4042894, 51.338309699999996], [12.4045584, 51.3382226]]}, "properties": {"source": "OpenHistoricalMap", "way_id": 205156310, "source_url": "https://www.openhistoricalmap.org/way/205156310", "name": null, "name_status": "unrecorded", "status": "historical_record; present-day removal unconfirmed", "railway": "tram", "length_km": 0.139901, "original_way_length_km": 0.139901, "start_date": "1872-05-18", "end_date": null, "license": "https://opendatacommons.org/licenses/odbl/1-0/", "source_license": "https://creativecommons.org/publicdomain/zero/1.0/", "source_license_basis": "OHM default CC0", "tags": {"electrified": "contact_line", "frequency": "0", "gauge": "1458", "railway": "tram", "source": "OSM Contributors", "start_date": "1872-05-18", "voltage": "600"}}}, {"type": "Feature", "id": "ohm/way/205156311", "geometry": {"type": "LineString", "coordinates": [[12.3922176, 51.345334], [12.3922415, 51.345338299999995], [12.392257200000001, 51.345341199999986], [12.3922909, 51.3453461], [12.3922998, 51.345347399999994], [12.392355700000001, 51.3453554], [12.3924021, 51.34536039999999], [12.392452300000002, 51.3453614], [12.392506400000002, 51.345358299999994], [12.3925325, 51.345356499999994], [12.392546, 51.3453534], [12.392618400000002, 51.345336599999996], [12.3926382, 51.345332], [12.3927306, 51.34529229999999], [12.392878600000001, 51.345213199999996], [12.392994300000002, 51.34514329999999], [12.393118300000001, 51.34506989999999], [12.393241800000002, 51.34499299999999], [12.3934268, 51.3448359], [12.3935715, 51.34468849999999], [12.393655400000002, 51.34460309999999], [12.3941516, 51.344087900000005], [12.3943685, 51.3438729], [12.394529799999999, 51.34375119999999], [12.3946929, 51.3436759], [12.3951189, 51.34350860000001], [12.3954762, 51.3433686], [12.395517900000002, 51.3433549], [12.3960408, 51.343182600000006], [12.3961011, 51.34316210000001], [12.396473, 51.343036], [12.3965428, 51.3430123], [12.396569000000001, 51.343005500000004], [12.397739100000003, 51.342699800000005], [12.3978446, 51.3426732], [12.3983195, 51.34255339999999], [12.3989009, 51.3424067], [12.398951400000001, 51.342393999999985], [12.398991100000002, 51.342383999999996], [12.399356500000001, 51.3422918], [12.3994691, 51.342248299999994], [12.3998084, 51.34203970000001], [12.3998283, 51.34202719999999], [12.4000805, 51.34186830000001], [12.400434700000002, 51.34164509999999], [12.400767300000002, 51.341430599999995], [12.400834299999998, 51.34136110000001], [12.4009815, 51.341175199999995], [12.401018100000002, 51.341128999999995], [12.4013418, 51.340732200000005], [12.401377500000002, 51.340688400000005], [12.401637700000002, 51.3403826], [12.401816, 51.340173099999994], [12.402046700000001, 51.33989329999999], [12.4020625, 51.33986720000001], [12.402128500000002, 51.339758700000004], [12.402264400000002, 51.33951389999999], [12.4023883, 51.339290899999995], [12.4024069, 51.339255099999995], [12.4024946, 51.33909649999999], [12.4025091, 51.33907109999999], [12.4025512, 51.3389963], [12.4025881, 51.338940300000004], [12.4026263, 51.3389008], [12.4026636, 51.3388778], [12.4026917, 51.3388606], [12.4027913, 51.338819300000004]]}, "properties": {"source": "OpenHistoricalMap", "way_id": 205156311, "source_url": "https://www.openhistoricalmap.org/way/205156311", "name": null, "name_status": "unrecorded", "status": "historical_record; present-day removal unconfirmed", "railway": "tram", "length_km": 1.089088, "original_way_length_km": 1.089088, "start_date": "1922-11-05", "end_date": null, "license": "https://opendatacommons.org/licenses/odbl/1-0/", "source_license": "https://creativecommons.org/publicdomain/zero/1.0/", "source_license_basis": "OHM default CC0", "tags": {"electrified": "contact_line", "frequency": "0", "gauge": "1458", "railway": "tram", "source": "OSM Contributors", "start_date": "1922-11-05", "voltage": "600"}}}, {"type": "Feature", "id": "ohm/way/205156312", "geometry": {"type": "LineString", "coordinates": [[12.4028094, 51.3388385], [12.402692900000002, 51.338896299999995], [12.4026365, 51.338947], [12.402591000000001, 51.339002699999995], [12.4025437, 51.33908019999999], [12.4025316, 51.3391], [12.402416, 51.3393134], [12.4023031, 51.3395219], [12.4021487, 51.339807], [12.4021446, 51.33981459999999], [12.4021011, 51.339875000000006], [12.4017005, 51.34036689999999], [12.4016846, 51.34038509999999], [12.401187100000001, 51.340989999999984], [12.4010217, 51.341193499999996], [12.4008679, 51.3413829], [12.4008236, 51.341430599999995], [12.4007043, 51.3415178], [12.400108, 51.3418927], [12.3998621, 51.342047300000004], [12.399681, 51.3421612], [12.399546900000002, 51.3422466], [12.3994517, 51.3422918], [12.399371200000001, 51.3423203], [12.3990809, 51.34239109999999], [12.398900500000002, 51.3424351], [12.39863, 51.3425034], [12.3985112, 51.34253339999999], [12.3984668, 51.34254459999999], [12.3983265, 51.34257999999999], [12.3981726, 51.3426194], [12.3981106, 51.34263529999999], [12.3978646, 51.34269909999999], [12.396702400000002, 51.343000599999996], [12.396654200000002, 51.343014399999994], [12.396509300000002, 51.343055899999996], [12.3964924, 51.343061600000006], [12.3960636, 51.34320689999999], [12.395893400000002, 51.343262899999985], [12.3955138, 51.3433879], [12.3951321, 51.34353799999998], [12.394867800000002, 51.3436423], [12.3946233, 51.3437431], [12.394417200000001, 51.343878499999995], [12.3942786, 51.344008599999995], [12.394090100000001, 51.3442055], [12.3939072, 51.3443965], [12.3936009, 51.344702399999996], [12.3935599, 51.3447433], [12.3934739, 51.3448331], [12.3933019, 51.3449889], [12.3931873, 51.345062600000006], [12.3931414, 51.345092099999995], [12.392919500000001, 51.34522079999998], [12.3927635, 51.3453112], [12.3926336, 51.34536559999999], [12.3925864, 51.3453769], [12.3925707, 51.34538070000001], [12.392537600000002, 51.34538859999999], [12.392476000000002, 51.34539349999999], [12.3924341, 51.34539550000001], [12.392386800000002, 51.345394199999994], [12.3923429, 51.3453923], [12.392327300000002, 51.34539049999999], [12.3922818, 51.34538299999999]]}, "properties": {"source": "OpenHistoricalMap", "way_id": 205156312, "source_url": "https://www.openhistoricalmap.org/way/205156312", "name": null, "name_status": "unrecorded", "status": "historical_record; present-day removal unconfirmed", "railway": "tram", "length_km": 1.086129, "original_way_length_km": 1.086129, "start_date": "1922-11-05", "end_date": null, "license": "https://opendatacommons.org/licenses/odbl/1-0/", "source_license": "https://creativecommons.org/publicdomain/zero/1.0/", "source_license_basis": "OHM default CC0", "tags": {"electrified": "contact_line", "frequency": "0", "gauge": "1458", "railway": "tram", "source": "OSM Contributors", "start_date": "1922-11-05", "voltage": "600"}}}, {"type": "Feature", "id": "ohm/way/205156313", "geometry": {"type": "LineString", "coordinates": [[12.4047527, 51.338196599999996], [12.4045693, 51.3382429], [12.404303300000002, 51.33833159999999], [12.4039043, 51.33846650000001], [12.403363000000002, 51.338650399999985], [12.4028578, 51.3388221], [12.4028094, 51.3388385]]}, "properties": {"source": "OpenHistoricalMap", "way_id": 205156313, "source_url": "https://www.openhistoricalmap.org/way/205156313", "name": null, "name_status": "unrecorded", "status": "historical_record; present-day removal unconfirmed", "railway": "tram", "length_km": 0.153176, "original_way_length_km": 0.153176, "start_date": "1872-05-18", "end_date": null, "license": "https://opendatacommons.org/licenses/odbl/1-0/", "source_license": "https://creativecommons.org/publicdomain/zero/1.0/", "source_license_basis": "OHM default CC0", "tags": {"electrified": "contact_line", "frequency": "0", "gauge": "1458", "railway": "tram", "source": "OSM Contributors", "start_date": "1872-05-18", "voltage": "600"}}}, {"type": "Feature", "id": "ohm/way/205156314", "geometry": {"type": "LineString", "coordinates": [[12.4055983, 51.33808439999999], [12.405344500000002, 51.338102199999994], [12.4050906, 51.33813810000001], [12.4049295, 51.3381609], [12.4047527, 51.338196599999996]]}, "properties": {"source": "OpenHistoricalMap", "way_id": 205156314, "source_url": "https://www.openhistoricalmap.org/way/205156314", "name": null, "name_status": "unrecorded", "status": "historical_record; present-day removal unconfirmed", "railway": "tram", "length_km": 0.06039, "original_way_length_km": 0.06039, "start_date": "1872-05-18", "end_date": null, "license": "https://opendatacommons.org/licenses/odbl/1-0/", "source_license": "https://creativecommons.org/publicdomain/zero/1.0/", "source_license_basis": "OHM default CC0", "tags": {"electrified": "contact_line", "frequency": "0", "gauge": "1458", "railway": "tram", "source": "OSM Contributors", "start_date": "1872-05-18", "voltage": "600"}}}, {"type": "Feature", "id": "ohm/way/205156315", "geometry": {"type": "LineString", "coordinates": [[12.4062999, 51.338106599999996], [12.4055983, 51.33808439999999]]}, "properties": {"source": "OpenHistoricalMap", "way_id": 205156315, "source_url": "https://www.openhistoricalmap.org/way/205156315", "name": null, "name_status": "unrecorded", "status": "historical_record; present-day removal unconfirmed", "railway": "tram", "length_km": 0.048954, "original_way_length_km": 0.048954, "start_date": "1872-05-18", "end_date": null, "license": "https://opendatacommons.org/licenses/odbl/1-0/", "source_license": "https://creativecommons.org/publicdomain/zero/1.0/", "source_license_basis": "OHM default CC0", "tags": {"electrified": "contact_line", "frequency": "0", "gauge": "1458", "railway": "tram", "source": "OSM Contributors", "start_date": "1872-05-18", "voltage": "600"}}}, {"type": "Feature", "id": "ohm/way/205156316", "geometry": {"type": "LineString", "coordinates": [[12.4069183, 51.3383745], [12.406891800000002, 51.3383431], [12.406847400000002, 51.33829059999999], [12.4067771, 51.33823809999999], [12.4066804, 51.338184999999996], [12.4066129, 51.3381599], [12.406560800000001, 51.3381465], [12.4064964, 51.33813000000001], [12.4062999, 51.338106599999996]]}, "properties": {"source": "OpenHistoricalMap", "way_id": 205156316, "source_url": "https://www.openhistoricalmap.org/way/205156316", "name": null, "name_status": "unrecorded", "status": "historical_record; present-day removal unconfirmed", "railway": "tram", "length_km": 0.055329, "original_way_length_km": 0.055329, "start_date": "1898-07-24", "end_date": null, "license": "https://opendatacommons.org/licenses/odbl/1-0/", "source_license": "https://creativecommons.org/publicdomain/zero/1.0/", "source_license_basis": "OHM default CC0", "tags": {"electrified": "contact_line", "frequency": "0", "gauge": "1458", "railway": "tram", "source": "OSM Contributors", "start_date": "1898-07-24", "tram": "yes", "voltage": "600"}}}, {"type": "Feature", "id": "ohm/way/205156317", "geometry": {"type": "LineString", "coordinates": [[12.410601000000002, 51.34173919999999], [12.4099433, 51.3413055], [12.4092912, 51.34087539999999], [12.4090966, 51.3407422], [12.4090096, 51.34067689999999], [12.4089217, 51.3406103], [12.4087957, 51.34051319999999], [12.4085604, 51.3403434], [12.4083838, 51.3402078], [12.408309500000001, 51.3401439], [12.4082654, 51.340105], [12.4082101, 51.3400478], [12.4081841, 51.340017499999995], [12.4080869, 51.3399017], [12.4078816, 51.339631399999995], [12.4077941, 51.3395173], [12.4076408, 51.33930980000001], [12.4075675, 51.33921680000001], [12.407378200000002, 51.33896489999999], [12.4069183, 51.3383745]]}, "properties": {"source": "OpenHistoricalMap", "way_id": 205156317, "source_url": "https://www.openhistoricalmap.org/way/205156317", "name": null, "name_status": "unrecorded", "status": "historical_record; present-day removal unconfirmed", "railway": "tram", "length_km": 0.458447, "original_way_length_km": 0.458447, "start_date": "1898-07-24", "end_date": null, "license": "https://opendatacommons.org/licenses/odbl/1-0/", "source_license": "https://creativecommons.org/publicdomain/zero/1.0/", "source_license_basis": "OHM default CC0", "tags": {"electrified": "contact_line", "frequency": "0", "gauge": "1458", "railway": "tram", "source": "OSM Contributors", "start_date": "1898-07-24", "voltage": "600"}}}, {"type": "Feature", "id": "ohm/way/205156318", "geometry": {"type": "LineString", "coordinates": [[12.4146804, 51.3450905], [12.4146398, 51.3450915], [12.4146112, 51.34509129999999], [12.4145908, 51.3450904], [12.4145675, 51.3450888], [12.4145353, 51.3450858], [12.4145038, 51.34508229999999], [12.414475, 51.3450782], [12.4144443, 51.34507240000001], [12.4144222, 51.345067400000005], [12.4144043, 51.34506280000001], [12.414370500000002, 51.34505289999999], [12.4143384, 51.34504279999999], [12.414318999999999, 51.34503600000001], [12.414300300000003, 51.34502919999999], [12.4142818, 51.345021499999994], [12.4142642, 51.345013599999994], [12.414225600000002, 51.344996399999985]]}, "properties": {"source": "OpenHistoricalMap", "way_id": 205156318, "source_url": "https://www.openhistoricalmap.org/way/205156318", "name": null, "name_status": "unrecorded", "status": "historical_record; present-day removal unconfirmed", "railway": "tram", "length_km": 0.034172, "original_way_length_km": 0.034172, "start_date": "1914-01-13", "end_date": null, "license": "https://opendatacommons.org/licenses/odbl/1-0/", "source_license": "https://creativecommons.org/publicdomain/zero/1.0/", "source_license_basis": "OHM default CC0", "tags": {"electrified": "contact_line", "frequency": "0", "gauge": "1458", "railway": "tram", "source": "OSM Contributors", "start_date": "1914-01-13", "voltage": "600"}}}, {"type": "Feature", "id": "ohm/way/205156319", "geometry": {"type": "LineString", "coordinates": [[12.414778700000001, 51.34506120000001], [12.4147333, 51.345062], [12.41468, 51.34506280000001], [12.4146361, 51.345062899999995], [12.4145996, 51.3450622], [12.414547600000002, 51.34506019999999], [12.4145235, 51.345058800000004], [12.4145025, 51.3450568], [12.4144693, 51.3450522], [12.414441700000001, 51.345046499999995], [12.4144051, 51.3450377], [12.414376500000001, 51.345029499999995], [12.4143567, 51.3450233], [12.4142359, 51.3449728]]}, "properties": {"source": "OpenHistoricalMap", "way_id": 205156319, "source_url": "https://www.openhistoricalmap.org/way/205156319", "name": null, "name_status": "unrecorded", "status": "historical_record; present-day removal unconfirmed", "railway": "tram", "length_km": 0.040258, "original_way_length_km": 0.040258, "start_date": "1914-01-13", "end_date": null, "license": "https://opendatacommons.org/licenses/odbl/1-0/", "source_license": "https://creativecommons.org/publicdomain/zero/1.0/", "source_license_basis": "OHM default CC0", "tags": {"electrified": "contact_line", "frequency": "0", "gauge": "1458", "railway": "tram", "source": "OSM Contributors", "start_date": "1914-01-13", "voltage": "600"}}}, {"type": "Feature", "id": "ohm/way/205156320", "geometry": {"type": "LineString", "coordinates": [[12.410667900000002, 51.341743699999995], [12.410853, 51.341872], [12.411047700000001, 51.342006899999994], [12.4111525, 51.34208629999999], [12.4112164, 51.3421383], [12.4112821, 51.342197899999995], [12.4113476, 51.3422663], [12.4116705, 51.34261469999999], [12.4117085, 51.3426571], [12.4120691, 51.343058899999996], [12.412088900000002, 51.343081], [12.4128019, 51.34383830000001], [12.4132, 51.3442574], [12.4134353, 51.34447810000001], [12.4137383, 51.344672199999984], [12.414041400000002, 51.34486629999999], [12.414092800000002, 51.3448944], [12.4142247, 51.3449669], [12.4142359, 51.3449728]]}, "properties": {"source": "OpenHistoricalMap", "way_id": 205156320, "source_url": "https://www.openhistoricalmap.org/way/205156320", "name": null, "name_status": "unrecorded", "status": "historical_record; present-day removal unconfirmed", "railway": "tram", "length_km": 0.439483, "original_way_length_km": 0.439483, "start_date": "1898-07-24", "end_date": null, "license": "https://opendatacommons.org/licenses/odbl/1-0/", "source_license": "https://creativecommons.org/publicdomain/zero/1.0/", "source_license_basis": "OHM default CC0", "tags": {"electrified": "contact_line", "frequency": "0", "gauge": "1458", "railway": "tram", "source": "OSM Contributors", "start_date": "1898-07-24", "voltage": "600"}}}, {"type": "Feature", "id": "ohm/way/205156321", "geometry": {"type": "LineString", "coordinates": [[12.414225600000002, 51.344996399999985], [12.4142008, 51.3449832], [12.4140421, 51.3448972], [12.4140189, 51.344881199999996], [12.4134051, 51.3444961], [12.4131602, 51.344273799999996], [12.4131561, 51.344269399999995], [12.4128037, 51.343890200000004], [12.412601400000002, 51.34367659999999], [12.4123866, 51.3434487], [12.412055600000002, 51.3430951], [12.4118502, 51.34287570000001], [12.4118159, 51.3428371], [12.4117496, 51.3427627], [12.4116127, 51.34261339999999], [12.4114792, 51.3424801], [12.4113323, 51.34234299999999], [12.4112072, 51.342229100000004], [12.4110639, 51.34209370000001], [12.4109957, 51.34203020000001], [12.4109246, 51.34197499999999], [12.4108567, 51.341923099999995], [12.410601000000002, 51.34173919999999]]}, "properties": {"source": "OpenHistoricalMap", "way_id": 205156321, "source_url": "https://www.openhistoricalmap.org/way/205156321", "name": null, "name_status": "unrecorded", "status": "historical_record; present-day removal unconfirmed", "railway": "tram", "length_km": 0.444107, "original_way_length_km": 0.444107, "start_date": "1898-07-24", "end_date": null, "license": "https://opendatacommons.org/licenses/odbl/1-0/", "source_license": "https://creativecommons.org/publicdomain/zero/1.0/", "source_license_basis": "OHM default CC0", "tags": {"electrified": "contact_line", "frequency": "0", "gauge": "1458", "railway": "tram", "source": "OSM Contributors", "start_date": "1898-07-24", "voltage": "600"}}}, {"type": "Feature", "id": "ohm/way/205156322", "geometry": {"type": "LineString", "coordinates": [[12.4146113, 51.3452091], [12.414508, 51.3451538], [12.4144257, 51.3451048], [12.4144142, 51.345098], [12.414393100000002, 51.34508759999999], [12.414372400000001, 51.34507609999999], [12.414225600000002, 51.344996399999985]]}, "properties": {"source": "OpenHistoricalMap", "way_id": 205156322, "source_url": "https://www.openhistoricalmap.org/way/205156322", "name": null, "name_status": "unrecorded", "status": "historical_record; present-day removal unconfirmed", "railway": "tram", "length_km": 0.035818, "original_way_length_km": 0.035818, "start_date": "1927-07-15", "end_date": null, "license": "https://opendatacommons.org/licenses/odbl/1-0/", "source_license": "https://creativecommons.org/publicdomain/zero/1.0/", "source_license_basis": "OHM default CC0", "tags": {"electrified": "contact_line", "frequency": "0", "gauge": "1458", "railway": "tram", "source": "OSM Contributors", "start_date": "1927-07-15", "voltage": "600"}}}, {"type": "Feature", "id": "ohm/way/205156323", "geometry": {"type": "LineString", "coordinates": [[12.4142359, 51.3449728], [12.4144043, 51.34506280000001], [12.4144234, 51.3450728], [12.4144465, 51.34508519999999], [12.4144758, 51.345101699999994], [12.4145109, 51.3451195], [12.414568000000001, 51.34515499999999]]}, "properties": {"source": "OpenHistoricalMap", "way_id": 205156323, "source_url": "https://www.openhistoricalmap.org/way/205156323", "name": null, "name_status": "unrecorded", "status": "historical_record; present-day removal unconfirmed", "railway": "tram", "length_km": 0.030778, "original_way_length_km": 0.030778, "start_date": "1927-07-15", "end_date": null, "license": "https://opendatacommons.org/licenses/odbl/1-0/", "source_license": "https://creativecommons.org/publicdomain/zero/1.0/", "source_license_basis": "OHM default CC0", "tags": {"electrified": "contact_line", "frequency": "0", "gauge": "1458", "railway": "tram", "source": "OSM Contributors", "start_date": "1927-07-15", "voltage": "600"}}}, {"type": "Feature", "id": "ohm/way/205156324", "geometry": {"type": "LineString", "coordinates": [[12.441683800000002, 51.35925290000001], [12.4343252, 51.3557371], [12.433757900000002, 51.35546599999999], [12.4336539, 51.3554208], [12.433429599999998, 51.35531379999999], [12.4331391, 51.3551768], [12.4309591, 51.3541307], [12.4302822, 51.35380589999999], [12.4300945, 51.3537228], [12.4271271, 51.3523075], [12.4265632, 51.352039600000005], [12.4264438, 51.35198299999999], [12.4263679, 51.3519471], [12.4263153, 51.3519207], [12.4261601, 51.3518465], [12.4260396, 51.3517887], [12.4259587, 51.35175], [12.4243104, 51.3509647], [12.4240878, 51.35084690000001], [12.4238723, 51.350708899999994], [12.423304900000002, 51.3503315], [12.4232517, 51.3502972], [12.423226099999999, 51.35027910000001], [12.4222798, 51.34972019999999], [12.4209467, 51.34893259999999], [12.4205791, 51.34871230000001], [12.4204566, 51.348639199999994], [12.4198841, 51.3482979], [12.4194967, 51.3480813], [12.419399, 51.348025], [12.4182051, 51.34732329999999]]}, "properties": {"source": "OpenHistoricalMap", "way_id": 205156324, "source_url": "https://www.openhistoricalmap.org/way/205156324", "name": null, "name_status": "unrecorded", "status": "historical_record; present-day removal unconfirmed", "railway": "tram", "length_km": 2.109105, "original_way_length_km": 2.109105, "start_date": "1927-07-15", "end_date": null, "license": "https://opendatacommons.org/licenses/odbl/1-0/", "source_license": "https://creativecommons.org/publicdomain/zero/1.0/", "source_license_basis": "OHM default CC0", "tags": {"electrified": "contact_line", "frequency": "0", "gauge": "1458", "railway": "tram", "source": "OSM Contributors", "start_date": "1927-07-15", "voltage": "600"}}}, {"type": "Feature", "id": "ohm/way/205156325", "geometry": {"type": "LineString", "coordinates": [[12.4182051, 51.34732329999999], [12.4179651, 51.3471814], [12.4177906, 51.34707629999999]]}, "properties": {"source": "OpenHistoricalMap", "way_id": 205156325, "source_url": "https://www.openhistoricalmap.org/way/205156325", "name": null, "name_status": "unrecorded", "status": "historical_record; present-day removal unconfirmed", "railway": "tram", "length_km": 0.039865, "original_way_length_km": 0.039865, "start_date": "1927-07-15", "end_date": null, "license": "https://opendatacommons.org/licenses/odbl/1-0/", "source_license": "https://creativecommons.org/publicdomain/zero/1.0/", "source_license_basis": "OHM default CC0", "tags": {"bridge": "yes", "electrified": "contact_line", "frequency": "0", "gauge": "1458", "layer": "1", "railway": "tram", "source": "OSM Contributors", "start_date": "1927-07-15", "voltage": "600"}}}, {"type": "Feature", "id": "ohm/way/205156326", "geometry": {"type": "LineString", "coordinates": [[12.4177906, 51.34707629999999], [12.417559500000001, 51.34694160000001], [12.4171238, 51.346682300000005], [12.4167103, 51.34643919999999]]}, "properties": {"source": "OpenHistoricalMap", "way_id": 205156326, "source_url": "https://www.openhistoricalmap.org/way/205156326", "name": null, "name_status": "unrecorded", "status": "historical_record; present-day removal unconfirmed", "railway": "tram", "length_km": 0.10339, "original_way_length_km": 0.10339, "start_date": "1927-07-15", "end_date": null, "license": "https://opendatacommons.org/licenses/odbl/1-0/", "source_license": "https://creativecommons.org/publicdomain/zero/1.0/", "source_license_basis": "OHM default CC0", "tags": {"electrified": "contact_line", "frequency": "0", "gauge": "1458", "railway": "tram", "source": "OSM Contributors", "start_date": "1927-07-15", "voltage": "600"}}}, {"type": "Feature", "id": "ohm/way/205156327", "geometry": {"type": "LineString", "coordinates": [[12.4167103, 51.34643919999999], [12.4164792, 51.3463061], [12.4163236, 51.34621479999999]]}, "properties": {"source": "OpenHistoricalMap", "way_id": 205156327, "source_url": "https://www.openhistoricalmap.org/way/205156327", "name": null, "name_status": "unrecorded", "status": "historical_record; present-day removal unconfirmed", "railway": "tram", "length_km": 0.036732, "original_way_length_km": 0.036732, "start_date": "1927-07-15", "end_date": null, "license": "https://opendatacommons.org/licenses/odbl/1-0/", "source_license": "https://creativecommons.org/publicdomain/zero/1.0/", "source_license_basis": "OHM default CC0", "tags": {"electrified": "contact_line", "frequency": "0", "gauge": "1458", "railway": "tram", "source": "OSM Contributors", "start_date": "1927-07-15", "voltage": "600"}}}, {"type": "Feature", "id": "ohm/way/205156328", "geometry": {"type": "LineString", "coordinates": [[12.4215474, 51.34388229999999], [12.4215541, 51.343858499999996], [12.4215634, 51.3438385], [12.4215776, 51.343817099999995], [12.421589, 51.343802999999994], [12.421618, 51.34377659999999], [12.421652800000002, 51.343754499999996], [12.421678100000001, 51.34374079999999], [12.4217049, 51.343729200000006], [12.4217534, 51.3437145], [12.4217806, 51.34370779999999], [12.4218128, 51.34370179999999], [12.421842, 51.34369759999999], [12.4218616, 51.34369589999999], [12.4219086, 51.34369749999999]]}, "properties": {"source": "OpenHistoricalMap", "way_id": 205156328, "source_url": "https://www.openhistoricalmap.org/way/205156328", "name": null, "name_status": "unrecorded", "status": "historical_record; present-day removal unconfirmed", "railway": "tram", "length_km": 0.035839, "original_way_length_km": 0.035839, "start_date": "1920", "end_date": null, "license": "https://opendatacommons.org/licenses/odbl/1-0/", "source_license": "https://creativecommons.org/publicdomain/zero/1.0/", "source_license_basis": "OHM default CC0", "tags": {"electrified": "contact_line", "frequency": "0", "gauge": "1458", "railway": "tram", "source": "OSM Contributors", "start_date": "1920", "start_date:edtf": "1920~", "voltage": "600"}}}, {"type": "Feature", "id": "ohm/way/205156329", "geometry": {"type": "LineString", "coordinates": [[12.422000300000002, 51.34372589999999], [12.42192, 51.34372630000001], [12.4218609, 51.3437277], [12.4218235, 51.3437315], [12.421782, 51.34373900000001], [12.4217488, 51.3437487], [12.4217107, 51.3437648], [12.421674600000001, 51.34378479999999], [12.4216466, 51.3438054], [12.4216084, 51.34385029999999], [12.4215986, 51.3438753]]}, "properties": {"source": "OpenHistoricalMap", "way_id": 205156329, "source_url": "https://www.openhistoricalmap.org/way/205156329", "name": null, "name_status": "unrecorded", "status": "historical_record; present-day removal unconfirmed", "railway": "tram", "length_km": 0.036013, "original_way_length_km": 0.036013, "start_date": "1920", "end_date": null, "license": "https://opendatacommons.org/licenses/odbl/1-0/", "source_license": "https://creativecommons.org/publicdomain/zero/1.0/", "source_license_basis": "OHM default CC0", "tags": {"electrified": "contact_line", "frequency": "0", "gauge": "1458", "railway": "tram", "source": "OSM Contributors", "start_date": "1920", "start_date:edtf": "1920~", "voltage": "600"}}}, {"type": "Feature", "id": "ohm/way/205156330", "geometry": {"type": "LineString", "coordinates": [[12.4215818, 51.344578799999994], [12.421583100000001, 51.34455319999999], [12.4215828, 51.3445349], [12.4215816, 51.3444517], [12.4215478, 51.34395739999999], [12.421546300000001, 51.34393259999999], [12.4215474, 51.34388229999999]]}, "properties": {"source": "OpenHistoricalMap", "way_id": 205156330, "source_url": "https://www.openhistoricalmap.org/way/205156330", "name": null, "name_status": "unrecorded", "status": "historical_record; present-day removal unconfirmed", "railway": "tram", "length_km": 0.077544, "original_way_length_km": 0.077544, "start_date": "1920", "end_date": null, "license": "https://opendatacommons.org/licenses/odbl/1-0/", "source_license": "https://creativecommons.org/publicdomain/zero/1.0/", "source_license_basis": "OHM default CC0", "tags": {"electrified": "contact_line", "frequency": "0", "gauge": "1458", "railway": "tram", "source": "OSM Contributors", "start_date": "1920", "start_date:edtf": "1920~", "voltage": "600"}}}, {"type": "Feature", "id": "ohm/way/205156331", "geometry": {"type": "LineString", "coordinates": [[12.4215986, 51.3438753], [12.421592, 51.34390679999999], [12.421589500000001, 51.343947799999995], [12.4215894, 51.343984299999995], [12.42159, 51.344031], [12.421621400000001, 51.34445379999999], [12.4216269, 51.3445303], [12.4216281, 51.34456159999999], [12.4216286, 51.3445881]]}, "properties": {"source": "OpenHistoricalMap", "way_id": 205156331, "source_url": "https://www.openhistoricalmap.org/way/205156331", "name": null, "name_status": "unrecorded", "status": "historical_record; present-day removal unconfirmed", "railway": "tram", "length_km": 0.079397, "original_way_length_km": 0.079397, "start_date": "1920", "end_date": null, "license": "https://opendatacommons.org/licenses/odbl/1-0/", "source_license": "https://creativecommons.org/publicdomain/zero/1.0/", "source_license_basis": "OHM default CC0", "tags": {"electrified": "contact_line", "frequency": "0", "gauge": "1458", "railway": "tram", "source": "OSM Contributors", "start_date": "1920", "start_date:edtf": "1920~", "voltage": "600"}}}, {"type": "Feature", "id": "ohm/way/205156332", "geometry": {"type": "LineString", "coordinates": [[12.4216286, 51.3445881], [12.4216268, 51.344609199999994], [12.4216228, 51.34462679999999], [12.4216124, 51.34465420000001], [12.421599700000002, 51.3446742], [12.4215854, 51.3446902], [12.4215671, 51.3447079], [12.4215367, 51.344727899999995], [12.4215078, 51.3447433], [12.4214832, 51.344753499999996], [12.4214621, 51.34476049999999], [12.4214406, 51.3447661], [12.421417, 51.344770399999994], [12.4213884, 51.34477509999999], [12.4213344, 51.344781499999996], [12.421285300000001, 51.344785300000005]]}, "properties": {"source": "OpenHistoricalMap", "way_id": 205156332, "source_url": "https://www.openhistoricalmap.org/way/205156332", "name": null, "name_status": "unrecorded", "status": "historical_record; present-day removal unconfirmed", "railway": "tram", "length_km": 0.036349, "original_way_length_km": 0.036349, "start_date": "1920", "end_date": null, "license": "https://opendatacommons.org/licenses/odbl/1-0/", "source_license": "https://creativecommons.org/publicdomain/zero/1.0/", "source_license_basis": "OHM default CC0", "tags": {"electrified": "contact_line", "frequency": "0", "gauge": "1458", "railway": "tram", "source": "OSM Contributors", "start_date": "1920", "start_date:edtf": "1920~", "voltage": "600"}}}, {"type": "Feature", "id": "ohm/way/205156333", "geometry": {"type": "LineString", "coordinates": [[12.421284000000002, 51.3447535], [12.4213358, 51.34474970000001], [12.4213722, 51.34474420000001], [12.4213995, 51.34473880000001], [12.4214265, 51.3447321], [12.4214499, 51.344722699999984], [12.4214707, 51.3447126], [12.421492600000002, 51.34470149999999], [12.4215112, 51.344688999999995], [12.421533900000002, 51.34466990000001], [12.4215528, 51.34464879999999], [12.4215659, 51.34462869999998], [12.4215756, 51.34460649999999], [12.4215818, 51.344578799999994]]}, "properties": {"source": "OpenHistoricalMap", "way_id": 205156333, "source_url": "https://www.openhistoricalmap.org/way/205156333", "name": null, "name_status": "unrecorded", "status": "historical_record; present-day removal unconfirmed", "railway": "tram", "length_km": 0.031325, "original_way_length_km": 0.031325, "start_date": "1920", "end_date": null, "license": "https://opendatacommons.org/licenses/odbl/1-0/", "source_license": "https://creativecommons.org/publicdomain/zero/1.0/", "source_license_basis": "OHM default CC0", "tags": {"electrified": "contact_line", "frequency": "0", "gauge": "1458", "railway": "tram", "source": "OSM Contributors", "start_date": "1920", "start_date:edtf": "1920~", "voltage": "600"}}}, {"type": "Feature", "id": "ohm/way/205156334", "geometry": {"type": "LineString", "coordinates": [[12.414778700000001, 51.34506120000001], [12.4148776, 51.34505650000001], [12.4158894, 51.345002], [12.417098400000002, 51.34493309999999], [12.4177317, 51.34490060000001], [12.4182321, 51.3448774], [12.4183063, 51.3448745], [12.4187958, 51.344851], [12.4192442, 51.34483109999999], [12.4202844, 51.34479249999998], [12.421284000000002, 51.3447535]]}, "properties": {"source": "OpenHistoricalMap", "way_id": 205156334, "source_url": "https://www.openhistoricalmap.org/way/205156334", "name": null, "name_status": "unrecorded", "status": "historical_record; present-day removal unconfirmed", "railway": "tram", "length_km": 0.454585, "original_way_length_km": 0.454585, "start_date": "1914-01-13", "end_date": null, "license": "https://opendatacommons.org/licenses/odbl/1-0/", "source_license": "https://creativecommons.org/publicdomain/zero/1.0/", "source_license_basis": "OHM default CC0", "tags": {"electrified": "contact_line", "frequency": "0", "gauge": "1458", "railway": "tram", "source": "OSM Contributors", "start_date": "1914-01-13", "voltage": "600"}}}, {"type": "Feature", "id": "ohm/way/205156335", "geometry": {"type": "LineString", "coordinates": [[12.421285300000001, 51.344785300000005], [12.420908000000003, 51.34479999999999], [12.4202853, 51.3448255], [12.4196192, 51.3448527], [12.4192465, 51.34486549999999], [12.4191056, 51.344870300000004], [12.4182063, 51.34490639999999], [12.4177187, 51.3449273], [12.4175649, 51.3449351], [12.4170997, 51.344958399999996], [12.4163496, 51.3450017], [12.415105000000002, 51.3450647], [12.4149533, 51.345074399999994], [12.4147373, 51.34508749999999], [12.4146804, 51.3450905]]}, "properties": {"source": "OpenHistoricalMap", "way_id": 205156335, "source_url": "https://www.openhistoricalmap.org/way/205156335", "name": null, "name_status": "unrecorded", "status": "historical_record; present-day removal unconfirmed", "railway": "tram", "length_km": 0.461488, "original_way_length_km": 0.461488, "start_date": "1914-01-13", "end_date": null, "license": "https://opendatacommons.org/licenses/odbl/1-0/", "source_license": "https://creativecommons.org/publicdomain/zero/1.0/", "source_license_basis": "OHM default CC0", "tags": {"electrified": "contact_line", "frequency": "0", "gauge": "1458", "railway": "tram", "source": "OSM Contributors", "start_date": "1914-01-13", "voltage": "600"}}}, {"type": "Feature", "id": "ohm/way/205156336", "geometry": {"type": "LineString", "coordinates": [[12.414568000000001, 51.34515499999999], [12.414666900000002, 51.34520890000001], [12.4149651, 51.3453831], [12.4157882, 51.3458664], [12.4159599, 51.34597169999999], [12.4160794, 51.3460416], [12.4162189, 51.3461269]]}, "properties": {"source": "OpenHistoricalMap", "way_id": 205156336, "source_url": "https://www.openhistoricalmap.org/way/205156336", "name": null, "name_status": "unrecorded", "status": "historical_record; present-day removal unconfirmed", "railway": "tram", "length_km": 0.157883, "original_way_length_km": 0.157883, "start_date": "1927-07-15", "end_date": null, "license": "https://opendatacommons.org/licenses/odbl/1-0/", "source_license": "https://creativecommons.org/publicdomain/zero/1.0/", "source_license_basis": "OHM default CC0", "tags": {"electrified": "contact_line", "frequency": "0", "gauge": "1458", "railway": "tram", "source": "OSM Contributors", "start_date": "1927-07-15", "voltage": "600"}}}, {"type": "Feature", "id": "ohm/way/205156337", "geometry": {"type": "LineString", "coordinates": [[12.4163236, 51.34621479999999], [12.4160681, 51.346061600000006], [12.4160566, 51.346056899999994], [12.4159371, 51.345987199999996], [12.4158349, 51.3459254], [12.4157641, 51.3458833], [12.4151369, 51.345519399999986], [12.4146397, 51.34522450000001], [12.4146113, 51.3452091]]}, "properties": {"source": "OpenHistoricalMap", "way_id": 205156337, "source_url": "https://www.openhistoricalmap.org/way/205156337", "name": null, "name_status": "unrecorded", "status": "historical_record; present-day removal unconfirmed", "railway": "tram", "length_km": 0.163583, "original_way_length_km": 0.163583, "start_date": "1927-07-15", "end_date": null, "license": "https://opendatacommons.org/licenses/odbl/1-0/", "source_license": "https://creativecommons.org/publicdomain/zero/1.0/", "source_license_basis": "OHM default CC0", "tags": {"electrified": "contact_line", "frequency": "0", "gauge": "1458", "railway": "tram", "source": "OSM Contributors", "start_date": "1927-07-15", "voltage": "600"}}}, {"type": "Feature", "id": "ohm/way/205156338", "geometry": {"type": "LineString", "coordinates": [[12.414077400000002, 51.3450952], [12.4141424, 51.3450909], [12.414372400000001, 51.34507609999999], [12.414397100000002, 51.345074399999994], [12.4144234, 51.3450728], [12.4144443, 51.34507240000001], [12.414733400000001, 51.34506269999999], [12.414778700000001, 51.34506120000001]]}, "properties": {"source": "OpenHistoricalMap", "way_id": 205156338, "source_url": "https://www.openhistoricalmap.org/way/205156338", "name": null, "name_status": "unrecorded", "status": "historical_record; present-day removal unconfirmed", "railway": "tram", "length_km": 0.049026, "original_way_length_km": 0.049026, "start_date": "1914-01-13", "end_date": null, "license": "https://opendatacommons.org/licenses/odbl/1-0/", "source_license": "https://creativecommons.org/publicdomain/zero/1.0/", "source_license_basis": "OHM default CC0", "tags": {"electrified": "contact_line", "frequency": "0", "gauge": "1458", "railway": "tram", "source": "OSM Contributors", "start_date": "1914-01-13", "voltage": "600"}}}, {"type": "Feature", "id": "ohm/way/205156339", "geometry": {"type": "LineString", "coordinates": [[12.4146113, 51.3452091], [12.4145612, 51.345183999999996], [12.4145279, 51.3451696], [12.414486800000002, 51.34515209999999], [12.4144584, 51.3451413], [12.4144413, 51.345136], [12.4144206, 51.34512990000001], [12.4144035, 51.345126199999996], [12.4143838, 51.345122499999995], [12.4143571, 51.345118899999996], [12.4143241, 51.3451161], [12.4142896, 51.345115199999995], [12.414249500000002, 51.34511539999998], [12.4141986, 51.34511650000002], [12.414147, 51.3451192], [12.414038200000002, 51.34512479999999]]}, "properties": {"source": "OpenHistoricalMap", "way_id": 205156339, "source_url": "https://www.openhistoricalmap.org/way/205156339", "name": null, "name_status": "unrecorded", "status": "historical_record; present-day removal unconfirmed", "railway": "tram", "length_km": 0.042871, "original_way_length_km": 0.042871, "start_date": "1927-07-15", "end_date": null, "license": "https://opendatacommons.org/licenses/odbl/1-0/", "source_license": "https://creativecommons.org/publicdomain/zero/1.0/", "source_license_basis": "OHM default CC0", "tags": {"electrified": "contact_line", "frequency": "0", "gauge": "1458", "railway": "tram", "source": "OSM Contributors", "start_date": "1927-07-15", "voltage": "600"}}}, {"type": "Feature", "id": "ohm/way/205156340", "geometry": {"type": "LineString", "coordinates": [[12.414077400000002, 51.3450952], [12.4141427, 51.34509189999999], [12.414236700000002, 51.3450873], [12.4142618, 51.3450868], [12.4142861, 51.3450866], [12.414308800000002, 51.34508679999999], [12.414331100000002, 51.345088], [12.414355600000002, 51.3450895], [12.4143785, 51.345092099999995], [12.4144142, 51.345098], [12.4144416, 51.34510379999999], [12.4144433, 51.345104299999996], [12.4144677, 51.34511169999999], [12.4144894, 51.34511899999999], [12.4145138, 51.34512829999999], [12.4145357, 51.34513809999999], [12.414568000000001, 51.34515499999999]]}, "properties": {"source": "OpenHistoricalMap", "way_id": 205156340, "source_url": "https://www.openhistoricalmap.org/way/205156340", "name": null, "name_status": "unrecorded", "status": "historical_record; present-day removal unconfirmed", "railway": "tram", "length_km": 0.036177, "original_way_length_km": 0.036177, "start_date": "1927-07-15", "end_date": null, "license": "https://opendatacommons.org/licenses/odbl/1-0/", "source_license": "https://creativecommons.org/publicdomain/zero/1.0/", "source_license_basis": "OHM default CC0", "tags": {"electrified": "contact_line", "frequency": "0", "gauge": "1458", "railway": "tram", "source": "OSM Contributors", "start_date": "1927-07-15", "voltage": "600"}}}, {"type": "Feature", "id": "ohm/way/205156341", "geometry": {"type": "LineString", "coordinates": [[12.4146804, 51.3450905], [12.4144758, 51.345101699999994], [12.414465300000002, 51.34510219999999], [12.4144428, 51.3451038], [12.4144416, 51.34510379999999], [12.4144257, 51.3451048], [12.414146800000001, 51.345116999999995], [12.414038200000002, 51.34512479999999]]}, "properties": {"source": "OpenHistoricalMap", "way_id": 205156341, "source_url": "https://www.openhistoricalmap.org/way/205156341", "name": null, "name_status": "unrecorded", "status": "historical_record; present-day removal unconfirmed", "railway": "tram", "length_km": 0.044915, "original_way_length_km": 0.044915, "start_date": "1914-01-13", "end_date": null, "license": "https://opendatacommons.org/licenses/odbl/1-0/", "source_license": "https://creativecommons.org/publicdomain/zero/1.0/", "source_license_basis": "OHM default CC0", "tags": {"electrified": "contact_line", "frequency": "0", "gauge": "1458", "railway": "tram", "source": "OSM Contributors", "start_date": "1914-01-13", "voltage": "600"}}}, {"type": "Feature", "id": "ohm/way/205156342", "geometry": {"type": "LineString", "coordinates": [[12.414038200000002, 51.34512479999999], [12.4134016, 51.345151800000004], [12.412105, 51.34522469999999], [12.4111563, 51.345274399999994], [12.410984700000002, 51.3452834], [12.410616400000002, 51.34530339999999], [12.4091387, 51.3453692], [12.4077705, 51.3454492], [12.4074469, 51.3454673], [12.407334300000002, 51.34547359999999], [12.4072336, 51.3454793], [12.4071794, 51.3454823], [12.4065422, 51.34551789999999], [12.4063805, 51.3455258], [12.406154900000002, 51.345536799999984], [12.406062000000002, 51.345541299999994], [12.405942100000003, 51.3455472], [12.4058365, 51.34555249999999], [12.405702, 51.34555910000001]]}, "properties": {"source": "OpenHistoricalMap", "way_id": 205156342, "source_url": "https://www.openhistoricalmap.org/way/205156342", "name": null, "name_status": "unrecorded", "status": "historical_record; present-day removal unconfirmed", "railway": "tram", "length_km": 0.582855, "original_way_length_km": 0.582855, "start_date": "1887-05-14", "end_date": null, "license": "https://opendatacommons.org/licenses/odbl/1-0/", "source_license": "https://creativecommons.org/publicdomain/zero/1.0/", "source_license_basis": "OHM default CC0", "tags": {"electrified": "contact_line", "frequency": "0", "gauge": "1458", "railway": "tram", "source": "OSM Contributors", "start_date": "1887-05-14", "voltage": "600"}}}, {"type": "Feature", "id": "ohm/way/205156343", "geometry": {"type": "LineString", "coordinates": [[12.405662700000002, 51.34552359999999], [12.4056907, 51.3455221], [12.405938100000002, 51.345508099999996], [12.406062, 51.345501099999986], [12.4061505, 51.345496100000005], [12.4072235, 51.34543599999999], [12.407328600000001, 51.3454301], [12.407440800000002, 51.34542379999999], [12.409128700000002, 51.34532949999999], [12.409377200000002, 51.345315199999995], [12.410981700000002, 51.3452601], [12.4133965, 51.3451242], [12.413953800000002, 51.345100499999994], [12.414077400000002, 51.3450952]]}, "properties": {"source": "OpenHistoricalMap", "way_id": 205156343, "source_url": "https://www.openhistoricalmap.org/way/205156343", "name": null, "name_status": "unrecorded", "status": "historical_record; present-day removal unconfirmed", "railway": "tram", "length_km": 0.588289, "original_way_length_km": 0.588289, "start_date": "1887-05-14", "end_date": null, "license": "https://opendatacommons.org/licenses/odbl/1-0/", "source_license": "https://creativecommons.org/publicdomain/zero/1.0/", "source_license_basis": "OHM default CC0", "tags": {"electrified": "contact_line", "frequency": "0", "gauge": "1458", "railway": "tram", "source": "OSM Contributors", "start_date": "1887-05-14", "voltage": "600"}}}, {"type": "Feature", "id": "ohm/way/205156344", "geometry": {"type": "LineString", "coordinates": [[12.405702, 51.34555910000001], [12.4056959, 51.345559400000006], [12.4056221, 51.34556309999999], [12.405412, 51.3455719], [12.4053405, 51.3455748], [12.4035246, 51.345677], [12.4031039, 51.345697999999985], [12.4021111, 51.34574739999999], [12.40187, 51.345761], [12.400541999999998, 51.3458362], [12.400377400000002, 51.3458451], [12.39983, 51.3458746], [12.399490600000002, 51.34589289999999], [12.398738900000001, 51.34593339999999], [12.3977123, 51.34598869999999], [12.397449300000002, 51.34600159999999], [12.3962345, 51.34606079999999], [12.394810699999999, 51.3461301], [12.394671800000001, 51.34613799999999], [12.3946075, 51.346139799999996], [12.394571, 51.3461403], [12.394545, 51.34614069999999], [12.394464100000002, 51.34613739999999], [12.394412, 51.346130999999986], [12.3943954, 51.346127800000005], [12.3943273, 51.34611519999999], [12.3943103, 51.346111], [12.3942697, 51.34610130000001], [12.3942435, 51.3460934], [12.3941613, 51.3460687], [12.3941107, 51.346050399999996], [12.394034200000002, 51.34602209999999], [12.3938966, 51.34597109999999], [12.3937424, 51.34591399999999]]}, "properties": {"source": "OpenHistoricalMap", "way_id": 205156344, "source_url": "https://www.openhistoricalmap.org/way/205156344", "name": null, "name_status": "unrecorded", "status": "historical_record; present-day removal unconfirmed", "railway": "tram", "length_km": 0.842139, "original_way_length_km": 0.842139, "start_date": "1882-12-22", "end_date": null, "license": "https://opendatacommons.org/licenses/odbl/1-0/", "source_license": "https://creativecommons.org/publicdomain/zero/1.0/", "source_license_basis": "OHM default CC0", "tags": {"electrified": "contact_line", "frequency": "0", "gauge": "1458", "railway": "tram", "source": "OSM Contributors", "start_date": "1882-12-22", "voltage": "600"}}}, {"type": "Feature", "id": "ohm/way/205156345", "geometry": {"type": "LineString", "coordinates": [[12.3924548, 51.3454181], [12.3924682, 51.345423], [12.3925266, 51.34544449999999], [12.3925771, 51.3454631], [12.3927071, 51.34551069999999], [12.3937569, 51.3458947], [12.394088400000001, 51.3460147], [12.3941011, 51.34601929999999], [12.3941506, 51.3460341], [12.3943571, 51.346091599999994], [12.394421, 51.3461024], [12.3944849, 51.3461086], [12.3945676, 51.346112], [12.394605600000002, 51.346113299999985], [12.3947008, 51.34611129999998], [12.3957263, 51.3460605], [12.3967381, 51.346008399999995], [12.3977084, 51.3459584], [12.3977658, 51.34595529999999], [12.399149600000001, 51.3458811], [12.3994459, 51.3458675], [12.3996702, 51.345853299999995], [12.3998308, 51.34584319999999], [12.3999367, 51.34583729999999], [12.400169200000002, 51.3458245], [12.4003732, 51.3458127], [12.4004288, 51.34580950000001], [12.4017356, 51.34573399999999], [12.4018641, 51.3457275], [12.4019128, 51.3457251], [12.403143700000001, 51.3456636], [12.4033341, 51.3456531], [12.4045342, 51.345587], [12.404602900000002, 51.34558319999999], [12.404786299999998, 51.3455729], [12.4053388, 51.3455418], [12.4054062, 51.345538000000005], [12.405520800000001, 51.34553159999999], [12.405662700000002, 51.34552359999999]]}, "properties": {"source": "OpenHistoricalMap", "way_id": 205156345, "source_url": "https://www.openhistoricalmap.org/way/205156345", "name": null, "name_status": "unrecorded", "status": "historical_record; present-day removal unconfirmed", "railway": "tram", "length_km": 0.943101, "original_way_length_km": 0.943101, "start_date": "1882-12-22", "end_date": null, "license": "https://opendatacommons.org/licenses/odbl/1-0/", "source_license": "https://creativecommons.org/publicdomain/zero/1.0/", "source_license_basis": "OHM default CC0", "tags": {"electrified": "contact_line", "frequency": "0", "gauge": "1458", "railway": "tram", "source": "OSM Contributors", "start_date": "1882-12-22", "voltage": "600"}}}, {"type": "Feature", "id": "ohm/way/205156346", "geometry": {"type": "LineString", "coordinates": [[12.3937424, 51.34591399999999], [12.3929688, 51.3456312], [12.3927271, 51.34554279999999], [12.3925592, 51.3454816], [12.392510400000003, 51.34546449999999], [12.3924386, 51.3454394], [12.392321500000001, 51.345398399999986], [12.3922818, 51.34538299999999]]}, "properties": {"source": "OpenHistoricalMap", "way_id": 205156346, "source_url": "https://www.openhistoricalmap.org/way/205156346", "name": null, "name_status": "unrecorded", "status": "historical_record; present-day removal unconfirmed", "railway": "tram", "length_km": 0.117675, "original_way_length_km": 0.117675, "start_date": "1882-12-22", "end_date": null, "license": "https://opendatacommons.org/licenses/odbl/1-0/", "source_license": "https://creativecommons.org/publicdomain/zero/1.0/", "source_license_basis": "OHM default CC0", "tags": {"electrified": "contact_line", "frequency": "0", "gauge": "1458", "railway": "tram", "source": "OSM Contributors", "start_date": "1882-12-22", "voltage": "600"}}}, {"type": "Feature", "id": "ohm/way/205156347", "geometry": {"type": "LineString", "coordinates": [[12.3922176, 51.345334], [12.392239300000002, 51.3453418], [12.3922817, 51.3453571], [12.392290200000001, 51.3453602], [12.3923379, 51.34537729999999], [12.392386800000002, 51.345394199999994], [12.3924548, 51.3454181]]}, "properties": {"source": "OpenHistoricalMap", "way_id": 205156347, "source_url": "https://www.openhistoricalmap.org/way/205156347", "name": null, "name_status": "unrecorded", "status": "historical_record; present-day removal unconfirmed", "railway": "tram", "length_km": 0.018992, "original_way_length_km": 0.018992, "start_date": "1882-12-22", "end_date": null, "license": "https://opendatacommons.org/licenses/odbl/1-0/", "source_license": "https://creativecommons.org/publicdomain/zero/1.0/", "source_license_basis": "OHM default CC0", "tags": {"electrified": "contact_line", "frequency": "0", "gauge": "1458", "railway": "tram", "source": "OSM Contributors", "start_date": "1882-12-22", "voltage": "600"}}}, {"type": "Feature", "id": "ohm/way/205156348", "geometry": {"type": "LineString", "coordinates": [[12.386564700000001, 51.3434865], [12.386744800000002, 51.3435361], [12.3874604, 51.34377309999999], [12.387587100000001, 51.343815], [12.3881521, 51.3440002], [12.3894457, 51.34442419999999], [12.389732, 51.344517999999994], [12.3898085, 51.3445431], [12.3917061, 51.3451651], [12.392083600000001, 51.345289599999994], [12.392176800000001, 51.34532049999999], [12.3922176, 51.345334]]}, "properties": {"source": "OpenHistoricalMap", "way_id": 205156348, "source_url": "https://www.openhistoricalmap.org/way/205156348", "name": null, "name_status": "unrecorded", "status": "historical_record; present-day removal unconfirmed", "railway": "tram", "length_km": 0.444313, "original_way_length_km": 0.444313, "start_date": "1882-12-22", "end_date": null, "license": "https://opendatacommons.org/licenses/odbl/1-0/", "source_license": "https://creativecommons.org/publicdomain/zero/1.0/", "source_license_basis": "OHM default CC0", "tags": {"electrified": "contact_line", "frequency": "0", "gauge": "1458", "railway": "tram", "source": "OSM Contributors", "start_date": "1882-12-22", "voltage": "600"}}}, {"type": "Feature", "id": "ohm/way/205156349", "geometry": {"type": "LineString", "coordinates": [[12.3922818, 51.34538299999999], [12.3922751, 51.34538079999999], [12.3922602, 51.345375999999995], [12.3922205, 51.34536260000001], [12.3921569, 51.34534119999999], [12.391879300000001, 51.345244499999986], [12.391464900000003, 51.345109599999994], [12.3907431, 51.344873199999995], [12.3901957, 51.34469430000001], [12.389792200000002, 51.344562399999994], [12.3897158, 51.34453739999999], [12.3875703, 51.343836399999994], [12.3870675, 51.3436721], [12.3867238, 51.3435598], [12.386563, 51.343518], [12.3865159, 51.3435092], [12.3864665, 51.34350320000001], [12.3864106, 51.3434991], [12.386354000000003, 51.343498100000005], [12.3863038, 51.34349879999999], [12.3862339, 51.3435024], [12.3857812, 51.34353399999999], [12.385579300000002, 51.34354809999999], [12.3855169, 51.3435516], [12.385440300000003, 51.3435548], [12.3853847, 51.343556]]}, "properties": {"source": "OpenHistoricalMap", "way_id": 205156349, "source_url": "https://www.openhistoricalmap.org/way/205156349", "name": null, "name_status": "unrecorded", "status": "historical_record; present-day removal unconfirmed", "railway": "tram", "length_km": 0.531976, "original_way_length_km": 0.531976, "start_date": "1882-12-22", "end_date": null, "license": "https://opendatacommons.org/licenses/odbl/1-0/", "source_license": "https://creativecommons.org/publicdomain/zero/1.0/", "source_license_basis": "OHM default CC0", "tags": {"electrified": "contact_line", "frequency": "0", "gauge": "1458", "railway": "tram", "source": "OSM Contributors", "start_date": "1882-12-22", "voltage": "600"}}}, {"type": "Feature", "id": "ohm/way/205156350", "geometry": {"type": "LineString", "coordinates": [[12.3853966, 51.34352009999998], [12.3855911, 51.3435109], [12.385982800000003, 51.343483199999994], [12.3862306, 51.34346549999999], [12.3863034, 51.343461899999994], [12.3863651, 51.343461600000005], [12.3864256, 51.3434649], [12.3864762, 51.34346949999998], [12.386515000000001, 51.3434767], [12.386564700000001, 51.3434865]]}, "properties": {"source": "OpenHistoricalMap", "way_id": 205156350, "source_url": "https://www.openhistoricalmap.org/way/205156350", "name": null, "name_status": "unrecorded", "status": "historical_record; present-day removal unconfirmed", "railway": "tram", "length_km": 0.082068, "original_way_length_km": 0.082068, "start_date": "1882-12-22", "end_date": null, "license": "https://opendatacommons.org/licenses/odbl/1-0/", "source_license": "https://creativecommons.org/publicdomain/zero/1.0/", "source_license_basis": "OHM default CC0", "tags": {"electrified": "contact_line", "frequency": "0", "gauge": "1458", "railway": "tram", "source": "OSM Contributors", "start_date": "1882-12-22", "voltage": "600"}}}, {"type": "Feature", "id": "ohm/way/205156351", "geometry": {"type": "LineString", "coordinates": [[12.385157, 51.3435185], [12.3852752, 51.34352309999999], [12.3853966, 51.34352009999998]]}, "properties": {"source": "OpenHistoricalMap", "way_id": 205156351, "source_url": "https://www.openhistoricalmap.org/way/205156351", "name": null, "name_status": "unrecorded", "status": "historical_record; present-day removal unconfirmed", "railway": "tram", "length_km": 0.016717, "original_way_length_km": 0.016717, "start_date": "1882-12-22", "end_date": null, "license": "https://opendatacommons.org/licenses/odbl/1-0/", "source_license": "https://creativecommons.org/publicdomain/zero/1.0/", "source_license_basis": "OHM default CC0", "tags": {"electrified": "contact_line", "frequency": "0", "gauge": "1458", "railway": "tram", "source": "OSM Contributors", "start_date": "1882-12-22", "voltage": "600"}}}, {"type": "Feature", "id": "ohm/way/205156352", "geometry": {"type": "LineString", "coordinates": [[12.3853847, 51.343556], [12.385326500000001, 51.34355550000001], [12.3851606, 51.343546999999994]]}, "properties": {"source": "OpenHistoricalMap", "way_id": 205156352, "source_url": "https://www.openhistoricalmap.org/way/205156352", "name": null, "name_status": "unrecorded", "status": "historical_record; present-day removal unconfirmed", "railway": "tram", "length_km": 0.015654, "original_way_length_km": 0.015654, "start_date": "1882-12-22", "end_date": null, "license": "https://opendatacommons.org/licenses/odbl/1-0/", "source_license": "https://creativecommons.org/publicdomain/zero/1.0/", "source_license_basis": "OHM default CC0", "tags": {"electrified": "contact_line", "frequency": "0", "gauge": "1458", "railway": "tram", "source": "OSM Contributors", "start_date": "1882-12-22", "voltage": "600"}}}, {"type": "Feature", "id": "ohm/way/205156353", "geometry": {"type": "LineString", "coordinates": [[12.3851606, 51.343546999999994], [12.3849703, 51.3435342]]}, "properties": {"source": "OpenHistoricalMap", "way_id": 205156353, "source_url": "https://www.openhistoricalmap.org/way/205156353", "name": "Wintergartenstraße", "name_status": "recorded", "status": "historical_record; present-day removal unconfirmed", "railway": "tram", "length_km": 0.013336, "original_way_length_km": 0.013336, "start_date": "1882-12-22", "end_date": null, "license": "https://opendatacommons.org/licenses/odbl/1-0/", "source_license": "https://creativecommons.org/publicdomain/zero/1.0/", "source_license_basis": "OHM default CC0", "tags": {"electrified": "contact_line", "frequency": "0", "gauge": "1458", "name": "Wintergartenstraße", "railway": "tram", "source": "OSM Contributors", "start_date": "1882-12-22", "tram": "yes", "voltage": "600"}}}, {"type": "Feature", "id": "ohm/way/205156354", "geometry": {"type": "LineString", "coordinates": [[12.3849772, 51.34350119999999], [12.385072600000003, 51.3435124], [12.385157, 51.3435185]]}, "properties": {"source": "OpenHistoricalMap", "way_id": 205156354, "source_url": "https://www.openhistoricalmap.org/way/205156354", "name": "Wintergartenstraße", "name_status": "recorded", "status": "historical_record; present-day removal unconfirmed", "railway": "tram", "length_km": 0.012683, "original_way_length_km": 0.012683, "start_date": "1882-12-22", "end_date": null, "license": "https://opendatacommons.org/licenses/odbl/1-0/", "source_license": "https://creativecommons.org/publicdomain/zero/1.0/", "source_license_basis": "OHM default CC0", "tags": {"electrified": "contact_line", "frequency": "0", "gauge": "1458", "name": "Wintergartenstraße", "railway": "tram", "source": "OSM Contributors", "start_date": "1882-12-22", "tram": "yes", "voltage": "600"}}}, {"type": "Feature", "id": "ohm/way/205156355", "geometry": {"type": "LineString", "coordinates": [[12.3849703, 51.3435342], [12.384682, 51.3435096], [12.3836616, 51.3434003]]}, "properties": {"source": "OpenHistoricalMap", "way_id": 205156355, "source_url": "https://www.openhistoricalmap.org/way/205156355", "name": "Wintergartenstraße", "name_status": "recorded", "status": "historical_record; present-day removal unconfirmed", "railway": "tram", "length_km": 0.092406, "original_way_length_km": 0.092406, "start_date": "1882-12-22", "end_date": null, "license": "https://opendatacommons.org/licenses/odbl/1-0/", "source_license": "https://creativecommons.org/publicdomain/zero/1.0/", "source_license_basis": "OHM default CC0", "tags": {"electrified": "contact_line", "frequency": "0", "gauge": "1458", "name": "Wintergartenstraße", "railway": "tram", "source": "OSM Contributors", "start_date": "1882-12-22", "tram": "yes", "voltage": "600"}}}, {"type": "Feature", "id": "ohm/way/205156356", "geometry": {"type": "LineString", "coordinates": [[12.3836616, 51.3434003], [12.3835007, 51.34338409999999]]}, "properties": {"source": "OpenHistoricalMap", "way_id": 205156356, "source_url": "https://www.openhistoricalmap.org/way/205156356", "name": "Wintergartenstraße", "name_status": "recorded", "status": "historical_record; present-day removal unconfirmed", "railway": "tram", "length_km": 0.011355, "original_way_length_km": 0.011355, "start_date": "1882-12-22", "end_date": null, "license": "https://opendatacommons.org/licenses/odbl/1-0/", "source_license": "https://creativecommons.org/publicdomain/zero/1.0/", "source_license_basis": "OHM default CC0", "tags": {"electrified": "contact_line", "frequency": "0", "gauge": "1458", "name": "Wintergartenstraße", "railway": "tram", "source": "OSM Contributors", "start_date": "1882-12-22", "tram": "yes", "voltage": "600"}}}, {"type": "Feature", "id": "ohm/way/205156357", "geometry": {"type": "LineString", "coordinates": [[12.383667500000001, 51.34332959999999], [12.3836776, 51.3433306]]}, "properties": {"source": "OpenHistoricalMap", "way_id": 205156357, "source_url": "https://www.openhistoricalmap.org/way/205156357", "name": "Wintergartenstraße", "name_status": "recorded", "status": "historical_record; present-day removal unconfirmed", "railway": "tram", "length_km": 0.000712, "original_way_length_km": 0.000712, "start_date": "1882-12-22", "end_date": null, "license": "https://opendatacommons.org/licenses/odbl/1-0/", "source_license": "https://creativecommons.org/publicdomain/zero/1.0/", "source_license_basis": "OHM default CC0", "tags": {"electrified": "contact_line", "frequency": "0", "gauge": "1458", "name": "Wintergartenstraße", "railway": "tram", "source": "OSM Contributors", "start_date": "1882-12-22", "tram": "yes", "voltage": "600"}}}, {"type": "Feature", "id": "ohm/way/205156358", "geometry": {"type": "LineString", "coordinates": [[12.3836776, 51.3433306], [12.3843973, 51.3434056], [12.384540500000002, 51.34342349999999], [12.3846529, 51.3434408], [12.3849772, 51.34350119999999]]}, "properties": {"source": "OpenHistoricalMap", "way_id": 205156358, "source_url": "https://www.openhistoricalmap.org/way/205156358", "name": "Wintergartenstraße", "name_status": "recorded", "status": "historical_record; present-day removal unconfirmed", "railway": "tram", "length_km": 0.092651, "original_way_length_km": 0.092651, "start_date": "1882-12-22", "end_date": null, "license": "https://opendatacommons.org/licenses/odbl/1-0/", "source_license": "https://creativecommons.org/publicdomain/zero/1.0/", "source_license_basis": "OHM default CC0", "tags": {"electrified": "contact_line", "frequency": "0", "gauge": "1458", "name": "Wintergartenstraße", "railway": "tram", "source": "OSM Contributors", "start_date": "1882-12-22", "tram": "yes", "voltage": "600"}}}, {"type": "Feature", "id": "ohm/way/205156359", "geometry": {"type": "LineString", "coordinates": [[12.3834818, 51.3433103], [12.383667500000001, 51.34332959999999]]}, "properties": {"source": "OpenHistoricalMap", "way_id": 205156359, "source_url": "https://www.openhistoricalmap.org/way/205156359", "name": "Wintergartenstraße", "name_status": "recorded", "status": "historical_record; present-day removal unconfirmed", "railway": "tram", "length_km": 0.013116, "original_way_length_km": 0.013116, "start_date": "1882-12-22", "end_date": null, "license": "https://opendatacommons.org/licenses/odbl/1-0/", "source_license": "https://creativecommons.org/publicdomain/zero/1.0/", "source_license_basis": "OHM default CC0", "tags": {"electrified": "contact_line", "frequency": "0", "gauge": "1458", "name": "Wintergartenstraße", "railway": "tram", "source": "OSM Contributors", "start_date": "1882-12-22", "tram": "yes", "voltage": "600"}}}, {"type": "Feature", "id": "ohm/way/205156646", "geometry": {"type": "LineString", "coordinates": [[12.470782800000002, 51.36073619999999], [12.470833799999998, 51.3606943], [12.4708612, 51.3606648], [12.4708754, 51.3606432], [12.4708895, 51.360613199999996], [12.4708972, 51.360588199999995], [12.4709011, 51.3605542], [12.470899, 51.36051849999999], [12.470889099999999, 51.36048389999999], [12.4708719, 51.3604511], [12.470850500000001, 51.3604229], [12.4708246, 51.36039519999999], [12.4707892, 51.36036829999999], [12.4707537, 51.360346299999996], [12.4707097, 51.3603252], [12.470674800000001, 51.3603111], [12.4706396, 51.36030130000001], [12.4705786, 51.36028929999999]]}, "properties": {"source": "OpenHistoricalMap", "way_id": 205156646, "source_url": "https://www.openhistoricalmap.org/way/205156646", "name": null, "name_status": "unrecorded", "status": "historical_record; present-day removal unconfirmed", "railway": "tram", "length_km": 0.062378, "original_way_length_km": 0.062378, "start_date": "1989-11-17", "end_date": null, "license": "https://opendatacommons.org/licenses/odbl/1-0/", "source_license": "https://creativecommons.org/publicdomain/zero/1.0/", "source_license_basis": "OHM default CC0", "tags": {"electrified": "contact_line", "frequency": "0", "gauge": "1458", "oneway": "yes", "railway": "tram", "source": "OSM Contributors", "start_date": "1989-11-17", "voltage": "600"}}}, {"type": "Feature", "id": "ohm/way/205156647", "geometry": {"type": "LineString", "coordinates": [[12.478192100000001, 51.3463897], [12.478144200000001, 51.346361099999996], [12.4780867, 51.3463256], [12.4780164, 51.346264999999995], [12.4779795, 51.34618529999999], [12.477978700000001, 51.34611799999999], [12.4780207, 51.3460352], [12.478116100000001, 51.34596189999999], [12.478253700000002, 51.345913599999996], [12.478397500000002, 51.3459056], [12.47859, 51.3459202], [12.4787063, 51.34594659999999], [12.4788205, 51.34599819999999], [12.4789035, 51.34607189999999], [12.4789427, 51.34618069999999], [12.478960100000002, 51.3466777]]}, "properties": {"source": "OpenHistoricalMap", "way_id": 205156647, "source_url": "https://www.openhistoricalmap.org/way/205156647", "name": null, "name_status": "unrecorded", "status": "historical_record; present-day removal unconfirmed", "railway": "tram", "length_km": 0.186216, "original_way_length_km": 0.186216, "start_date": "1994-05-29", "end_date": null, "license": "https://opendatacommons.org/licenses/odbl/1-0/", "source_license": "https://creativecommons.org/publicdomain/zero/1.0/", "source_license_basis": "OHM default CC0", "tags": {"electrified": "contact_line", "frequency": "0", "gauge": "1458", "oneway": "yes", "railway": "tram", "source": "OSM Contributors", "start_date": "1994-05-29", "voltage": "600"}}}, {"type": "Feature", "id": "ohm/way/205156648", "geometry": {"type": "LineString", "coordinates": [[12.4790375, 51.34667889999999], [12.4790401, 51.346766099999996], [12.479046600000002, 51.3471866]]}, "properties": {"source": "OpenHistoricalMap", "way_id": 205156648, "source_url": "https://www.openhistoricalmap.org/way/205156648", "name": null, "name_status": "unrecorded", "status": "historical_record; present-day removal unconfirmed", "railway": "tram", "length_km": 0.056488, "original_way_length_km": 0.056488, "start_date": "1994-05-29", "end_date": null, "license": "https://opendatacommons.org/licenses/odbl/1-0/", "source_license": "https://creativecommons.org/publicdomain/zero/1.0/", "source_license_basis": "OHM default CC0", "tags": {"electrified": "contact_line", "frequency": "0", "gauge": "1458", "oneway": "yes", "railway": "tram", "source": "OSM Contributors", "start_date": "1994-05-29", "voltage": "600"}}}, {"type": "Feature", "id": "ohm/way/205156649", "geometry": {"type": "LineString", "coordinates": [[12.479033, 51.347376199999985], [12.4789235, 51.34692580000001], [12.4788383, 51.346800699999996], [12.478752, 51.3467284], [12.478192100000001, 51.3463897]]}, "properties": {"source": "OpenHistoricalMap", "way_id": 205156649, "source_url": "https://www.openhistoricalmap.org/way/205156649", "name": null, "name_status": "unrecorded", "status": "historical_record; present-day removal unconfirmed", "railway": "tram", "length_km": 0.130098, "original_way_length_km": 0.130098, "start_date": "1994-05-29", "end_date": null, "license": "https://opendatacommons.org/licenses/odbl/1-0/", "source_license": "https://creativecommons.org/publicdomain/zero/1.0/", "source_license_basis": "OHM default CC0", "tags": {"electrified": "contact_line", "frequency": "0", "gauge": "1458", "oneway": "yes", "railway": "tram", "source": "OSM Contributors", "start_date": "1994-05-29", "voltage": "600"}}}, {"type": "Feature", "id": "ohm/way/205156650", "geometry": {"type": "LineString", "coordinates": [[12.4697765, 51.36085179999999], [12.4698649, 51.360913399999994]]}, "properties": {"source": "OpenHistoricalMap", "way_id": 205156650, "source_url": "https://www.openhistoricalmap.org/way/205156650", "name": null, "name_status": "unrecorded", "status": "historical_record; present-day removal unconfirmed", "railway": "tram", "length_km": 0.009213, "original_way_length_km": 0.009213, "start_date": "1989-11-17", "end_date": null, "license": "https://opendatacommons.org/licenses/odbl/1-0/", "source_license": "https://creativecommons.org/publicdomain/zero/1.0/", "source_license_basis": "OHM default CC0", "tags": {"electrified": "contact_line", "frequency": "0", "gauge": "1458", "oneway": "yes", "railway": "tram", "source": "OSM Contributors", "start_date": "1989-11-17", "voltage": "600"}}}, {"type": "Feature", "id": "ohm/way/205156651", "geometry": {"type": "LineString", "coordinates": [[12.4698649, 51.360913399999994], [12.469905900000002, 51.36093629999999], [12.4699349, 51.360951699999994], [12.4699615, 51.360964200000005], [12.469992100000002, 51.36097560000001], [12.4700202, 51.360984], [12.470051000000002, 51.3609914], [12.4700813, 51.36099790000001], [12.470116700000002, 51.361002799999994], [12.4701585, 51.36100660000001], [12.4701933, 51.3610082], [12.470227, 51.3610079], [12.470259300000002, 51.361004799999996], [12.470299900000002, 51.36100019999999], [12.4703372, 51.3609941], [12.470372300000001, 51.360983999999995], [12.4704052, 51.3609739], [12.4704348, 51.36096309999999], [12.4704896, 51.36093269999999], [12.4705587, 51.3608978]]}, "properties": {"source": "OpenHistoricalMap", "way_id": 205156651, "source_url": "https://www.openhistoricalmap.org/way/205156651", "name": null, "name_status": "unrecorded", "status": "historical_record; present-day removal unconfirmed", "railway": "tram", "length_km": 0.054963, "original_way_length_km": 0.054963, "start_date": "1989-11-17", "end_date": null, "license": "https://opendatacommons.org/licenses/odbl/1-0/", "source_license": "https://creativecommons.org/publicdomain/zero/1.0/", "source_license_basis": "OHM default CC0", "tags": {"electrified": "contact_line", "frequency": "0", "gauge": "1458", "oneway": "yes", "railway": "tram", "source": "OSM Contributors", "start_date": "1989-11-17", "voltage": "600"}}}, {"type": "Feature", "id": "ohm/way/205156652", "geometry": {"type": "LineString", "coordinates": [[12.470782800000002, 51.36073619999999], [12.4713957, 51.3603144], [12.4724807, 51.359567899999995], [12.4733332, 51.35897009999999], [12.4735502, 51.3588225], [12.473619100000002, 51.3587757], [12.4736806, 51.3587338], [12.47371, 51.3587136], [12.4737921, 51.35865700000001], [12.474458900000002, 51.358197499999996], [12.478128100000001, 51.35566889999999], [12.4785681, 51.355356799999996], [12.478816400000001, 51.3551252], [12.479004900000001, 51.354875899999996], [12.479148500000003, 51.354594999999996], [12.4792283, 51.3542799], [12.479215, 51.3534496], [12.4791781, 51.35231469999999], [12.4791701, 51.35210359999999], [12.479166900000001, 51.35198940000001], [12.4791645, 51.3519167], [12.4791619, 51.351796799999995], [12.4791586, 51.3515626], [12.4791462, 51.35116210000001], [12.4791346, 51.3509014], [12.479111100000003, 51.35036050000001], [12.479117400000002, 51.35003309999999], [12.479097000000001, 51.349102899999984], [12.4790855, 51.3486857], [12.4790763, 51.3485408], [12.4790451, 51.34757319999999], [12.479033, 51.347376199999985]]}, "properties": {"source": "OpenHistoricalMap", "way_id": 205156652, "source_url": "https://www.openhistoricalmap.org/way/205156652", "name": null, "name_status": "unrecorded", "status": "historical_record; present-day removal unconfirmed", "railway": "tram", "length_km": 1.705894, "original_way_length_km": 1.705894, "start_date": "1994-05-29", "end_date": null, "license": "https://opendatacommons.org/licenses/odbl/1-0/", "source_license": "https://creativecommons.org/publicdomain/zero/1.0/", "source_license_basis": "OHM default CC0", "tags": {"electrified": "contact_line", "frequency": "0", "gauge": "1458", "oneway": "yes", "railway": "tram", "source": "OSM Contributors", "start_date": "1994-05-29", "voltage": "600"}}}, {"type": "Feature", "id": "ohm/way/205156653", "geometry": {"type": "LineString", "coordinates": [[12.4705587, 51.3608978], [12.470782800000002, 51.36073619999999]]}, "properties": {"source": "OpenHistoricalMap", "way_id": 205156653, "source_url": "https://www.openhistoricalmap.org/way/205156653", "name": null, "name_status": "unrecorded", "status": "historical_record; present-day removal unconfirmed", "railway": "tram", "length_km": 0.023809, "original_way_length_km": 0.023809, "start_date": "1989-11-17", "end_date": null, "license": "https://opendatacommons.org/licenses/odbl/1-0/", "source_license": "https://creativecommons.org/publicdomain/zero/1.0/", "source_license_basis": "OHM default CC0", "tags": {"electrified": "contact_line", "frequency": "0", "gauge": "1458", "oneway": "yes", "railway": "tram", "source": "OSM Contributors", "start_date": "1989-11-17", "voltage": "600"}}}, {"type": "Feature", "id": "ohm/way/205156654", "geometry": {"type": "LineString", "coordinates": [[12.4609873, 51.36722259999999], [12.4610448, 51.3671589], [12.4613863, 51.3667837], [12.4617294, 51.3664332], [12.4619409, 51.36625209999999], [12.462150800000002, 51.366068299999995], [12.462322, 51.3659346], [12.4627473, 51.365655499999995], [12.463131900000002, 51.3654316], [12.4635547, 51.365221299999995], [12.4647039, 51.36464159999999], [12.464869000000002, 51.3645586], [12.4649939, 51.3644958], [12.465087, 51.36444899999999], [12.4651233, 51.36443069999999], [12.465196000000002, 51.36439409999999], [12.465355200000001, 51.3643126], [12.46638, 51.36378789999999], [12.4668857, 51.3634856], [12.467464300000001, 51.36312419999999], [12.4679566, 51.3627734], [12.4683809, 51.3624397], [12.4687381, 51.3621544], [12.4693587, 51.361716200000004], [12.469819300000001, 51.36139909999999], [12.4699936, 51.3612864], [12.4700734, 51.36123229999999], [12.4700795, 51.36122769999999], [12.4701473, 51.36118170000001], [12.4705587, 51.3608978]]}, "properties": {"source": "OpenHistoricalMap", "way_id": 205156654, "source_url": "https://www.openhistoricalmap.org/way/205156654", "name": null, "name_status": "unrecorded", "status": "historical_record; present-day removal unconfirmed", "railway": "tram", "length_km": 0.975575, "original_way_length_km": 0.975575, "start_date": "1995-05-29", "end_date": null, "license": "https://opendatacommons.org/licenses/odbl/1-0/", "source_license": "https://creativecommons.org/publicdomain/zero/1.0/", "source_license_basis": "OHM default CC0", "tags": {"electrified": "contact_line", "frequency": "0", "gauge": "1458", "oneway": "yes", "railway": "tram", "source": "OSM Contributors", "start_date": "1995-05-29", "voltage": "600"}}}, {"type": "Feature", "id": "ohm/way/205156655", "geometry": {"type": "LineString", "coordinates": [[12.4611154, 51.367600700000004], [12.460945999999998, 51.36750329999999], [12.460902800000001, 51.3674343], [12.4608991, 51.3673752], [12.4609059, 51.3673274], [12.4609515, 51.36726079999999], [12.4609873, 51.36722259999999]]}, "properties": {"source": "OpenHistoricalMap", "way_id": 205156655, "source_url": "https://www.openhistoricalmap.org/way/205156655", "name": null, "name_status": "unrecorded", "status": "historical_record; present-day removal unconfirmed", "railway": "tram", "length_km": 0.049172, "original_way_length_km": 0.049172, "start_date": "1995-05-29", "end_date": null, "license": "https://opendatacommons.org/licenses/odbl/1-0/", "source_license": "https://creativecommons.org/publicdomain/zero/1.0/", "source_license_basis": "OHM default CC0", "tags": {"electrified": "contact_line", "frequency": "0", "gauge": "1458", "railway": "tram", "source": "OSM Contributors", "start_date": "1995-05-29", "voltage": "600"}}}, {"type": "Feature", "id": "ohm/way/205156656", "geometry": {"type": "LineString", "coordinates": [[12.4603633, 51.367290499999996], [12.460475600000002, 51.3673203], [12.4605343, 51.367335800000006], [12.4606292, 51.367341399999994], [12.460775300000002, 51.36732969999999], [12.460893, 51.36727829999999], [12.4609336, 51.3672543], [12.4609873, 51.36722259999999]]}, "properties": {"source": "OpenHistoricalMap", "way_id": 205156656, "source_url": "https://www.openhistoricalmap.org/way/205156656", "name": null, "name_status": "unrecorded", "status": "historical_record; present-day removal unconfirmed", "railway": "tram", "length_km": 0.048851, "original_way_length_km": 0.048851, "start_date": "1995-05-29", "end_date": null, "license": "https://opendatacommons.org/licenses/odbl/1-0/", "source_license": "https://creativecommons.org/publicdomain/zero/1.0/", "source_license_basis": "OHM default CC0", "tags": {"electrified": "contact_line", "frequency": "0", "gauge": "1458", "oneway": "yes", "railway": "tram", "source": "OSM Contributors", "start_date": "1995-05-29", "voltage": "600"}}}, {"type": "Feature", "id": "ohm/way/205156657", "geometry": {"type": "LineString", "coordinates": [[12.4610257, 51.3672397], [12.4609978, 51.36727750000001], [12.4609589, 51.36739719999999], [12.4610054, 51.3674781], [12.461142100000002, 51.367572100000004]]}, "properties": {"source": "OpenHistoricalMap", "way_id": 205156657, "source_url": "https://www.openhistoricalmap.org/way/205156657", "name": null, "name_status": "unrecorded", "status": "historical_record; present-day removal unconfirmed", "railway": "tram", "length_km": 0.04193, "original_way_length_km": 0.04193, "start_date": "1995-05-29", "end_date": null, "license": "https://opendatacommons.org/licenses/odbl/1-0/", "source_license": "https://creativecommons.org/publicdomain/zero/1.0/", "source_license_basis": "OHM default CC0", "tags": {"electrified": "contact_line", "frequency": "0", "gauge": "1458", "railway": "tram", "source": "OSM Contributors", "start_date": "1995-05-29", "voltage": "600"}}}, {"type": "Feature", "id": "ohm/way/205156658", "geometry": {"type": "LineString", "coordinates": [[12.4610257, 51.3672397], [12.4609847, 51.3672728], [12.4609059, 51.3673274], [12.460842199999998, 51.36735430000001], [12.4607282, 51.367382], [12.4606289, 51.3673864], [12.460472600000001, 51.36736820000001]]}, "properties": {"source": "OpenHistoricalMap", "way_id": 205156658, "source_url": "https://www.openhistoricalmap.org/way/205156658", "name": null, "name_status": "unrecorded", "status": "historical_record; present-day removal unconfirmed", "railway": "tram", "length_km": 0.044718, "original_way_length_km": 0.044718, "start_date": "1995-05-29", "end_date": null, "license": "https://opendatacommons.org/licenses/odbl/1-0/", "source_license": "https://creativecommons.org/publicdomain/zero/1.0/", "source_license_basis": "OHM default CC0", "tags": {"electrified": "contact_line", "frequency": "0", "gauge": "1458", "oneway": "yes", "railway": "tram", "source": "OSM Contributors", "start_date": "1995-05-29", "voltage": "600"}}}, {"type": "Feature", "id": "ohm/way/205156659", "geometry": {"type": "LineString", "coordinates": [[12.469975000000002, 51.36135189999999], [12.4698599, 51.3614221], [12.4694024, 51.3617372], [12.4688706, 51.36211149999998], [12.4684837, 51.3624171], [12.4681046, 51.36271959999999], [12.4675469, 51.36312279999999], [12.4670704, 51.36343269999998], [12.4664614, 51.36378740000001], [12.4655525, 51.3642537], [12.465389300000002, 51.3643375], [12.465231100000002, 51.3644186], [12.4651946, 51.3644372], [12.4651213, 51.3644744], [12.4650264, 51.3645221], [12.464901500000002, 51.3645848], [12.4635868, 51.3652452], [12.4631453, 51.36547199999999], [12.462790100000001, 51.365679], [12.462373, 51.3659584], [12.462203, 51.3660963], [12.461987600000002, 51.3662689], [12.461779400000001, 51.3664531], [12.4611785, 51.36708399999999], [12.4610905, 51.3671749], [12.4610257, 51.3672397]]}, "properties": {"source": "OpenHistoricalMap", "way_id": 205156659, "source_url": "https://www.openhistoricalmap.org/way/205156659", "name": null, "name_status": "unrecorded", "status": "historical_record; present-day removal unconfirmed", "railway": "tram", "length_km": 0.910267, "original_way_length_km": 0.910267, "start_date": "1995-05-29", "end_date": null, "license": "https://opendatacommons.org/licenses/odbl/1-0/", "source_license": "https://creativecommons.org/publicdomain/zero/1.0/", "source_license_basis": "OHM default CC0", "tags": {"electrified": "contact_line", "frequency": "0", "gauge": "1458", "oneway": "yes", "railway": "tram", "source": "OSM Contributors", "start_date": "1995-05-29", "voltage": "600"}}}, {"type": "Feature", "id": "ohm/way/205156660", "geometry": {"type": "LineString", "coordinates": [[12.4698649, 51.360913399999994], [12.4699635, 51.360977899999995], [12.469995, 51.361000700000005], [12.4700201, 51.3610226], [12.470043900000002, 51.361048399999994], [12.470074, 51.3610953], [12.470081300000002, 51.361111699999995], [12.470087900000001, 51.36113429999999], [12.4700907, 51.3611519], [12.4700904, 51.3611696], [12.470088300000002, 51.361183999999994], [12.4700848, 51.36120609999999], [12.4700795, 51.36122769999999], [12.470076500000001, 51.3612343], [12.4700705, 51.3612478], [12.4700639, 51.36126019999998], [12.4700566, 51.3612705], [12.4700445, 51.36128449999999], [12.4700316, 51.36129699999999], [12.470017500000003, 51.3613118], [12.469975000000002, 51.36135189999999]]}, "properties": {"source": "OpenHistoricalMap", "way_id": 205156660, "source_url": "https://www.openhistoricalmap.org/way/205156660", "name": null, "name_status": "unrecorded", "status": "historical_record; present-day removal unconfirmed", "railway": "tram", "length_km": 0.05585, "original_way_length_km": 0.05585, "start_date": "1995-05-29", "end_date": null, "license": "https://opendatacommons.org/licenses/odbl/1-0/", "source_license": "https://creativecommons.org/publicdomain/zero/1.0/", "source_license_basis": "OHM default CC0", "tags": {"electrified": "contact_line", "frequency": "0", "gauge": "1458", "oneway": "yes", "railway": "tram", "source": "OSM Contributors", "start_date": "1995-05-29", "voltage": "600"}}}, {"type": "Feature", "id": "ohm/way/205156661", "geometry": {"type": "LineString", "coordinates": [[12.4716407, 51.360195600000004], [12.4703429, 51.3611033], [12.4702042, 51.36119409999999], [12.4701088, 51.3612572], [12.4700226, 51.3613174], [12.469975000000002, 51.36135189999999]]}, "properties": {"source": "OpenHistoricalMap", "way_id": 205156661, "source_url": "https://www.openhistoricalmap.org/way/205156661", "name": null, "name_status": "unrecorded", "status": "historical_record; present-day removal unconfirmed", "railway": "tram", "length_km": 0.173244, "original_way_length_km": 0.173244, "start_date": "1994-05-29", "end_date": null, "license": "https://opendatacommons.org/licenses/odbl/1-0/", "source_license": "https://creativecommons.org/publicdomain/zero/1.0/", "source_license_basis": "OHM default CC0", "tags": {"electrified": "contact_line", "frequency": "0", "gauge": "1458", "oneway": "yes", "railway": "tram", "source": "OSM Contributors", "start_date": "1994-05-29", "voltage": "600"}}}, {"type": "Feature", "id": "ohm/way/205156662", "geometry": {"type": "LineString", "coordinates": [[12.479046600000002, 51.3471866], [12.4790706, 51.3472946], [12.4790925, 51.3474172], [12.479098600000002, 51.3475714], [12.4791354, 51.348539900000006], [12.4791461, 51.3489653], [12.4791508, 51.3491016], [12.4791714, 51.35003220000001], [12.4791641, 51.3503773], [12.4791827, 51.3509014], [12.4792003, 51.3513999], [12.479206, 51.35156189999999], [12.479213300000001, 51.3517678], [12.4792192, 51.351919699999996], [12.4792221, 51.35199419999999], [12.479225400000002, 51.35210949999999], [12.479233200000001, 51.352315999999995], [12.479271299999999, 51.35344909999999], [12.4792924, 51.354118699999994], [12.4792789, 51.3543227], [12.479209600000003, 51.35458779999999], [12.479081, 51.3548619], [12.4788894, 51.3551176], [12.4786367, 51.355362799999995], [12.478175, 51.3556903], [12.4770865, 51.35643900000001], [12.4745239, 51.35820619999999], [12.4739469, 51.3586041], [12.4738309, 51.3586803], [12.4737635, 51.358724599999995], [12.4737154, 51.35875610000001], [12.473650600000001, 51.35880099999999], [12.4735899, 51.358843], [12.4725233, 51.359587700000006], [12.4716407, 51.360195600000004]]}, "properties": {"source": "OpenHistoricalMap", "way_id": 205156662, "source_url": "https://www.openhistoricalmap.org/way/205156662", "name": null, "name_status": "unrecorded", "status": "historical_record; present-day removal unconfirmed", "railway": "tram", "length_km": 1.645527, "original_way_length_km": 1.645527, "start_date": "1994-05-29", "end_date": null, "license": "https://opendatacommons.org/licenses/odbl/1-0/", "source_license": "https://creativecommons.org/publicdomain/zero/1.0/", "source_license_basis": "OHM default CC0", "tags": {"electrified": "contact_line", "frequency": "0", "gauge": "1458", "oneway": "yes", "railway": "tram", "source": "OSM Contributors", "start_date": "1994-05-29", "voltage": "600"}}}, {"type": "Feature", "id": "ohm/way/205156663", "geometry": {"type": "LineString", "coordinates": [[12.4705786, 51.36028929999999], [12.470546500000001, 51.360283999999986]]}, "properties": {"source": "OpenHistoricalMap", "way_id": 205156663, "source_url": "https://www.openhistoricalmap.org/way/205156663", "name": null, "name_status": "unrecorded", "status": "historical_record; present-day removal unconfirmed", "railway": "tram", "length_km": 0.002312, "original_way_length_km": 0.002312, "start_date": null, "end_date": null, "license": "https://opendatacommons.org/licenses/odbl/1-0/", "source_license": "https://creativecommons.org/publicdomain/zero/1.0/", "source_license_basis": "OHM default CC0", "tags": {"electrified": "contact_line", "frequency": "0", "gauge": "1458", "railway": "tram", "source": "OSM Contributors", "voltage": "600"}}}, {"type": "Feature", "id": "ohm/way/205156664", "geometry": {"type": "LineString", "coordinates": [[12.4716407, 51.360195600000004], [12.4715362, 51.3602604], [12.471490900000001, 51.36028199999999], [12.4714514, 51.3602969], [12.4713957, 51.3603144], [12.471339500000001, 51.360331499999994], [12.471282300000002, 51.36034279999999], [12.4712193, 51.3603521], [12.4711624, 51.3603563], [12.4711063, 51.36035849999999], [12.4710435, 51.360358399999996], [12.4709916, 51.36035549999999], [12.470941500000002, 51.36034949999999], [12.470731400000002, 51.3603165], [12.4705786, 51.36028929999999]]}, "properties": {"source": "OpenHistoricalMap", "way_id": 205156664, "source_url": "https://www.openhistoricalmap.org/way/205156664", "name": null, "name_status": "unrecorded", "status": "historical_record; present-day removal unconfirmed", "railway": "tram", "length_km": 0.080417, "original_way_length_km": 0.080417, "start_date": "1994-05-29", "end_date": null, "license": "https://opendatacommons.org/licenses/odbl/1-0/", "source_license": "https://creativecommons.org/publicdomain/zero/1.0/", "source_license_basis": "OHM default CC0", "tags": {"electrified": "contact_line", "frequency": "0", "gauge": "1458", "oneway": "yes", "railway": "tram", "source": "OSM Contributors", "start_date": "1994-05-29", "voltage": "600"}}}, {"type": "Feature", "id": "ohm/way/205156665", "geometry": {"type": "LineString", "coordinates": [[12.469118, 51.3604051], [12.4695618, 51.36070569999999], [12.4697765, 51.36085179999999]]}, "properties": {"source": "OpenHistoricalMap", "way_id": 205156665, "source_url": "https://www.openhistoricalmap.org/way/205156665", "name": null, "name_status": "unrecorded", "status": "historical_record; present-day removal unconfirmed", "railway": "tram", "length_km": 0.067628, "original_way_length_km": 0.067628, "start_date": "1989-11-17", "end_date": null, "license": "https://opendatacommons.org/licenses/odbl/1-0/", "source_license": "https://creativecommons.org/publicdomain/zero/1.0/", "source_license_basis": "OHM default CC0", "tags": {"electrified": "contact_line", "frequency": "0", "gauge": "1458", "oneway": "yes", "railway": "tram", "source": "OSM Contributors", "start_date": "1989-11-17", "voltage": "600"}}}, {"type": "Feature", "id": "ohm/way/205156666", "geometry": {"type": "LineString", "coordinates": [[12.470546500000001, 51.360283999999986], [12.4704924, 51.360275], [12.470451600000002, 51.36027109999999], [12.4704058, 51.36026900000001], [12.470247700000002, 51.36026669999999], [12.4701957, 51.36026389999999], [12.4701586, 51.36026039999999], [12.4701139, 51.360253599999986], [12.470002900000003, 51.360234], [12.4694545, 51.3601374], [12.469043700000002, 51.36006499999999]]}, "properties": {"source": "OpenHistoricalMap", "way_id": 205156666, "source_url": "https://www.openhistoricalmap.org/way/205156666", "name": null, "name_status": "unrecorded", "status": "historical_record; present-day removal unconfirmed", "railway": "tram", "length_km": 0.107879, "original_way_length_km": 0.107879, "start_date": "1989-11-17", "end_date": null, "license": "https://opendatacommons.org/licenses/odbl/1-0/", "source_license": "https://creativecommons.org/publicdomain/zero/1.0/", "source_license_basis": "OHM default CC0", "tags": {"electrified": "contact_line", "frequency": "0", "gauge": "1458", "oneway": "yes", "railway": "tram", "source": "OSM Contributors", "start_date": "1989-11-17", "voltage": "600"}}}, {"type": "Feature", "id": "ohm/way/205156667", "geometry": {"type": "LineString", "coordinates": [[12.470546500000001, 51.360283999999986], [12.4700216, 51.36018750000001], [12.4694761, 51.36009159999999], [12.4690657, 51.36002020000001]]}, "properties": {"source": "OpenHistoricalMap", "way_id": 205156667, "source_url": "https://www.openhistoricalmap.org/way/205156667", "name": null, "name_status": "unrecorded", "status": "historical_record; present-day removal unconfirmed", "railway": "tram", "length_km": 0.107238, "original_way_length_km": 0.107238, "start_date": "1989-11-17", "end_date": null, "license": "https://opendatacommons.org/licenses/odbl/1-0/", "source_license": "https://creativecommons.org/publicdomain/zero/1.0/", "source_license_basis": "OHM default CC0", "tags": {"electrified": "contact_line", "frequency": "0", "gauge": "1458", "oneway": "yes", "railway": "tram", "source": "OSM Contributors", "start_date": "1989-11-17", "voltage": "600"}}}, {"type": "Feature", "id": "ohm/way/205156668", "geometry": {"type": "LineString", "coordinates": [[12.469043700000002, 51.36006499999999], [12.4686417, 51.3599937], [12.468585300000003, 51.359984199999985], [12.4684589, 51.3599587], [12.4684133, 51.359948100000004], [12.468367700000002, 51.35993389999999], [12.4683237, 51.3599137], [12.468285, 51.359891499999996], [12.4681385, 51.3597913]]}, "properties": {"source": "OpenHistoricalMap", "way_id": 205156668, "source_url": "https://www.openhistoricalmap.org/way/205156668", "name": null, "name_status": "unrecorded", "status": "historical_record; present-day removal unconfirmed", "railway": "tram", "length_km": 0.071925, "original_way_length_km": 0.071925, "start_date": "1989-11-17", "end_date": null, "license": "https://opendatacommons.org/licenses/odbl/1-0/", "source_license": "https://creativecommons.org/publicdomain/zero/1.0/", "source_license_basis": "OHM default CC0", "tags": {"electrified": "contact_line", "frequency": "0", "gauge": "1458", "oneway": "yes", "railway": "tram", "source": "OSM Contributors", "start_date": "1989-11-17", "voltage": "600"}}}, {"type": "Feature", "id": "ohm/way/205156669", "geometry": {"type": "LineString", "coordinates": [[12.4690657, 51.36002020000001], [12.4686627, 51.3599477], [12.4684811, 51.3599172], [12.4684122, 51.3599021], [12.4683497, 51.3598848], [12.468291900000002, 51.3598676], [12.4682533, 51.35985329999999], [12.468208100000002, 51.3598322], [12.4681385, 51.3597913]]}, "properties": {"source": "OpenHistoricalMap", "way_id": 205156669, "source_url": "https://www.openhistoricalmap.org/way/205156669", "name": null, "name_status": "unrecorded", "status": "historical_record; present-day removal unconfirmed", "railway": "tram", "length_km": 0.070305, "original_way_length_km": 0.070305, "start_date": "1989-11-17", "end_date": null, "license": "https://opendatacommons.org/licenses/odbl/1-0/", "source_license": "https://creativecommons.org/publicdomain/zero/1.0/", "source_license_basis": "OHM default CC0", "tags": {"electrified": "contact_line", "frequency": "0", "gauge": "1458", "oneway": "yes", "railway": "tram", "source": "OSM Contributors", "start_date": "1989-11-17", "voltage": "600"}}}, {"type": "Feature", "id": "ohm/way/205156670", "geometry": {"type": "LineString", "coordinates": [[12.4579103, 51.34645230000001], [12.457899000000001, 51.34652309999999], [12.4577844, 51.34715189999999], [12.457762400000002, 51.347327899999996], [12.4577409, 51.347737399999986], [12.4578347, 51.349520899999995], [12.4578423, 51.3497668], [12.457893600000002, 51.35018429999999], [12.457915900000001, 51.3502667], [12.4579379, 51.3503602], [12.457969, 51.35047209999999], [12.4579974, 51.35055819999999], [12.458044, 51.3507006], [12.4582158, 51.3510642], [12.458628500000001, 51.351801599999995], [12.4586989, 51.35193279999999], [12.4589645, 51.35240370000001], [12.459043, 51.35254179999999], [12.4592504, 51.3529064], [12.4593443, 51.3530714], [12.459387200000002, 51.35316869999999], [12.4594172, 51.3532366], [12.4594986, 51.3534515], [12.4595547, 51.3537066], [12.4595786, 51.35394550000001], [12.4595876, 51.3541894], [12.459595300000002, 51.354622599999985], [12.4596134, 51.3548165], [12.4596716, 51.3550602], [12.459750100000003, 51.35526759999998], [12.459778900000002, 51.3553437], [12.459832300000002, 51.355452099999994], [12.459914600000001, 51.35560629999999], [12.4601195, 51.35594789999999], [12.4602432, 51.3561461], [12.460515500000001, 51.35660299999999], [12.460549000000002, 51.35665999999999], [12.4606066, 51.35675429999999], [12.460644500000003, 51.35681379999999], [12.4607603, 51.356995899999994], [12.460948500000002, 51.357208599999986], [12.4611715, 51.3574124], [12.4615942, 51.357674100000004], [12.4620647, 51.35786939999999], [12.462528900000002, 51.3579928], [12.4651543, 51.3584844], [12.465629600000002, 51.35859229999999], [12.466066, 51.3587086], [12.466512500000002, 51.35886679999999], [12.467100700000001, 51.3591188], [12.4675001, 51.3593288], [12.4678024, 51.3595141], [12.4680899, 51.3597088], [12.4681933, 51.35977919999999], [12.4683497, 51.3598848], [12.4684589, 51.3599587], [12.468584300000002, 51.36004359999999], [12.468789900000003, 51.36018549999999], [12.469118, 51.3604051]]}, "properties": {"source": "OpenHistoricalMap", "way_id": 205156670, "source_url": "https://www.openhistoricalmap.org/way/205156670", "name": null, "name_status": "unrecorded", "status": "historical_record; present-day removal unconfirmed", "railway": "tram", "length_km": 1.920926, "original_way_length_km": 1.920926, "start_date": "1989-11-17", "end_date": null, "license": "https://opendatacommons.org/licenses/odbl/1-0/", "source_license": "https://creativecommons.org/publicdomain/zero/1.0/", "source_license_basis": "OHM default CC0", "tags": {"electrified": "contact_line", "frequency": "0", "gauge": "1458", "oneway": "yes", "railway": "tram", "source": "OSM Contributors", "start_date": "1989-11-17", "voltage": "600"}}}, {"type": "Feature", "id": "ohm/way/205156671", "geometry": {"type": "LineString", "coordinates": [[12.4681385, 51.3597913], [12.4680502, 51.359731700000005], [12.467663800000002, 51.359474799999994], [12.4673145, 51.359272899999986], [12.466948500000003, 51.35909130000001], [12.466449900000002, 51.3588864], [12.4660146, 51.3587371], [12.465577899999998, 51.35861920000001], [12.465140000000002, 51.35852190000001], [12.462514, 51.35802520000001], [12.4620266, 51.357894800000004], [12.4617247, 51.35777419999999], [12.4614638, 51.3576472], [12.4612864, 51.3575418], [12.4611218, 51.35742140000001], [12.460957, 51.3572852], [12.4608112, 51.357137699999996], [12.4606945, 51.356993199999984], [12.460591800000001, 51.3568271], [12.460554500000002, 51.356766699999994], [12.460499900000002, 51.3566744], [12.4602099, 51.3561895], [12.459892, 51.35565419999999], [12.4597802, 51.3554639], [12.4597239, 51.3553553], [12.459688000000002, 51.355278399999996], [12.4596763, 51.355253299999994], [12.4595974, 51.354999899999996], [12.459562300000002, 51.3548211], [12.4595422, 51.3546247], [12.4595254, 51.3539486], [12.4595009, 51.35369180000001], [12.4594404, 51.35344289999999], [12.4593632, 51.35323929999999], [12.4593352, 51.3531802], [12.4592898, 51.3530841], [12.4591961, 51.35291759999999], [12.4589912, 51.35255359999999], [12.4587086, 51.35205169999999], [12.4586471, 51.3519426], [12.4585745, 51.35181339999998], [12.4581529, 51.3510671], [12.457991200000002, 51.3507128], [12.457940900000002, 51.35055669999999], [12.4579137, 51.35047139999999], [12.4578822, 51.350358699999994], [12.4578576, 51.350265], [12.4578124, 51.35005749999999], [12.4577842, 51.3497675], [12.457688800000001, 51.34773659999999], [12.4576922, 51.34746830000001], [12.4577141, 51.3472437], [12.4578452, 51.3465207], [12.4579324, 51.34606959999999]]}, "properties": {"source": "OpenHistoricalMap", "way_id": 205156671, "source_url": "https://www.openhistoricalmap.org/way/205156671", "name": null, "name_status": "unrecorded", "status": "historical_record; present-day removal unconfirmed", "railway": "tram", "length_km": 1.870232, "original_way_length_km": 1.870232, "start_date": "1989-11-17", "end_date": null, "license": "https://opendatacommons.org/licenses/odbl/1-0/", "source_license": "https://creativecommons.org/publicdomain/zero/1.0/", "source_license_basis": "OHM default CC0", "tags": {"electrified": "contact_line", "frequency": "0", "gauge": "1458", "oneway": "yes", "railway": "tram", "source": "OSM Contributors", "start_date": "1989-11-17", "voltage": "600"}}}, {"type": "Feature", "id": "ohm/way/205156672", "geometry": {"type": "LineString", "coordinates": [[12.4353341, 51.34527189999999], [12.435648, 51.34532589999999], [12.4362278, 51.3454187], [12.436691, 51.34549969999998], [12.4372897, 51.34560429999999], [12.4374553, 51.3456332], [12.4379007, 51.3457172], [12.4384859, 51.3457863], [12.4390742, 51.3458557], [12.439683300000002, 51.3459255], [12.440297300000001, 51.3459949], [12.440893, 51.346062200000006], [12.4414829, 51.34612880000001], [12.4420867, 51.3461759], [12.4429444, 51.34620720000001], [12.4435552, 51.3462238], [12.4447223, 51.34622819999999], [12.4450039, 51.3462294], [12.4452049, 51.346229399999984], [12.445373600000002, 51.346221299999996], [12.4455957, 51.3462009], [12.4464554, 51.34608859999998], [12.4472753, 51.3458978], [12.447939800000002, 51.3457428], [12.4483343, 51.3456664], [12.448612400000002, 51.345632], [12.4487067, 51.3456217], [12.448824200000002, 51.345610999999984], [12.449517, 51.3455586], [12.4495728, 51.3455548], [12.4503379, 51.34550539999999], [12.451817100000001, 51.345473699999985], [12.4534147, 51.34548010000001], [12.4543505, 51.34547959999999], [12.455455200000001, 51.345484199999994], [12.4556548, 51.345492199999995], [12.4561769, 51.34551569999999], [12.4564701, 51.3455289], [12.457045, 51.34555490000001], [12.4571759, 51.345560799999994], [12.4574304, 51.3455723], [12.4576573, 51.34559559999999], [12.4578099, 51.3456484], [12.4579544, 51.3457617], [12.4580044, 51.34589249999999], [12.4579941, 51.34598729999999], [12.4579103, 51.34645230000001]]}, "properties": {"source": "OpenHistoricalMap", "way_id": 205156672, "source_url": "https://www.openhistoricalmap.org/way/205156672", "name": null, "name_status": "unrecorded", "status": "historical_record; present-day removal unconfirmed", "railway": "tram", "length_km": 1.684163, "original_way_length_km": 1.684163, "start_date": "1913-06-01", "end_date": null, "license": "https://opendatacommons.org/licenses/odbl/1-0/", "source_license": "https://creativecommons.org/publicdomain/zero/1.0/", "source_license_basis": "OHM default CC0", "tags": {"electrified": "contact_line", "frequency": "0", "gauge": "1458", "oneway": "yes", "railway": "tram", "source": "OSM Contributors", "start_date": "1913-06-01", "voltage": "600"}}}, {"type": "Feature", "id": "ohm/way/205156673", "geometry": {"type": "LineString", "coordinates": [[12.4579324, 51.34606959999999], [12.457947, 51.3459838], [12.4579517, 51.34594569999999], [12.457948500000002, 51.34585899999999], [12.4579104, 51.34578259999999], [12.457893600000002, 51.3457616], [12.457807700000002, 51.34569170000001], [12.457701, 51.345642], [12.4575842, 51.3456133], [12.4573239, 51.3455961], [12.4571527, 51.3455881], [12.4570439, 51.34558299999998], [12.4570306, 51.3455824], [12.456637600000002, 51.345564100000004], [12.456365999999997, 51.345551400000005], [12.4560701, 51.34553759999999], [12.455805700000003, 51.3455253], [12.4554651, 51.345511599999995], [12.4551727, 51.345504], [12.4550011, 51.3455034], [12.454354400000001, 51.345501799999994], [12.454219300000002, 51.3455028], [12.4531108, 51.34550209999999], [12.452037500000001, 51.34550229999999], [12.451391799999998, 51.3455106], [12.4509989, 51.3455177], [12.449988700000002, 51.34555569999999], [12.4489982, 51.34562970000001], [12.4483278, 51.34569739999999], [12.447789000000002, 51.3458033], [12.447613100000002, 51.345844699999994], [12.446434200000002, 51.346122099999995], [12.445840800000001, 51.3462051], [12.4456034, 51.346227799999994], [12.4453803, 51.34625140000001], [12.4452095, 51.3462571], [12.4450032, 51.346256200000006], [12.4437115, 51.346255400000004], [12.4433539, 51.34625109999998], [12.4420857, 51.346202799999986], [12.4415753, 51.34617099999999], [12.440621600000002, 51.34606250000001], [12.4392727, 51.34590819999999], [12.4382213, 51.3457863], [12.437895400000002, 51.34574849999999], [12.437450900000002, 51.34567319999999], [12.4358931, 51.3454008], [12.435306699999998, 51.34530199999999]]}, "properties": {"source": "OpenHistoricalMap", "way_id": 205156673, "source_url": "https://www.openhistoricalmap.org/way/205156673", "name": null, "name_status": "unrecorded", "status": "historical_record; present-day removal unconfirmed", "railway": "tram", "length_km": 1.637747, "original_way_length_km": 1.637747, "start_date": "1913-06-01", "end_date": null, "license": "https://opendatacommons.org/licenses/odbl/1-0/", "source_license": "https://creativecommons.org/publicdomain/zero/1.0/", "source_license_basis": "OHM default CC0", "tags": {"electrified": "contact_line", "frequency": "0", "gauge": "1458", "oneway": "yes", "railway": "tram", "source": "OSM Contributors", "start_date": "1913-06-01", "voltage": "600"}}}, {"type": "Feature", "id": "ohm/way/205156674", "geometry": {"type": "LineString", "coordinates": [[12.435306699999998, 51.34530199999999], [12.4351672, 51.34527789999999]]}, "properties": {"source": "OpenHistoricalMap", "way_id": 205156674, "source_url": "https://www.openhistoricalmap.org/way/205156674", "name": null, "name_status": "unrecorded", "status": "historical_record; present-day removal unconfirmed", "railway": "tram", "length_km": 0.010083, "original_way_length_km": 0.010083, "start_date": "1913-06-01", "end_date": null, "license": "https://opendatacommons.org/licenses/odbl/1-0/", "source_license": "https://creativecommons.org/publicdomain/zero/1.0/", "source_license_basis": "OHM default CC0", "tags": {"covered": "yes", "electrified": "contact_line", "flood_prone": "yes", "frequency": "0", "gauge": "1458", "layer": "-1", "oneway": "yes", "railway": "tram", "source": "OSM Contributors", "start_date": "1913-06-01", "voltage": "600"}}}, {"type": "Feature", "id": "ohm/way/205156675", "geometry": {"type": "LineString", "coordinates": [[12.435191, 51.34524729999999], [12.4353341, 51.34527189999999]]}, "properties": {"source": "OpenHistoricalMap", "way_id": 205156675, "source_url": "https://www.openhistoricalmap.org/way/205156675", "name": null, "name_status": "unrecorded", "status": "historical_record; present-day removal unconfirmed", "railway": "tram", "length_km": 0.010339, "original_way_length_km": 0.010339, "start_date": "1913-06-01", "end_date": null, "license": "https://opendatacommons.org/licenses/odbl/1-0/", "source_license": "https://creativecommons.org/publicdomain/zero/1.0/", "source_license_basis": "OHM default CC0", "tags": {"covered": "yes", "electrified": "contact_line", "flood_prone": "yes", "frequency": "0", "gauge": "1458", "layer": "-1", "oneway": "yes", "railway": "tram", "source": "OSM Contributors", "start_date": "1913-06-01", "voltage": "600"}}}, {"type": "Feature", "id": "ohm/way/205156676", "geometry": {"type": "LineString", "coordinates": [[12.433864900000001, 51.344511799999985], [12.433981, 51.344695299999984], [12.4341358, 51.344933], [12.434189000000002, 51.34498469999999], [12.4344085, 51.34510600000001], [12.434548800000002, 51.34513689999999], [12.435191, 51.34524729999999]]}, "properties": {"source": "OpenHistoricalMap", "way_id": 205156676, "source_url": "https://www.openhistoricalmap.org/way/205156676", "name": null, "name_status": "unrecorded", "status": "historical_record; present-day removal unconfirmed", "railway": "tram", "length_km": 0.134522, "original_way_length_km": 0.134522, "start_date": "1913-06-01", "end_date": null, "license": "https://opendatacommons.org/licenses/odbl/1-0/", "source_license": "https://creativecommons.org/publicdomain/zero/1.0/", "source_license_basis": "OHM default CC0", "tags": {"electrified": "contact_line", "flood_prone": "yes", "frequency": "0", "gauge": "1458", "oneway": "yes", "railway": "tram", "source": "OSM Contributors", "start_date": "1913-06-01", "voltage": "600"}}}, {"type": "Feature", "id": "ohm/way/205156677", "geometry": {"type": "LineString", "coordinates": [[12.4351672, 51.34527789999999], [12.434818800000002, 51.345217599999984], [12.434369300000002, 51.34512939999999], [12.434143, 51.3450088], [12.4340424, 51.34489409999999], [12.4338069, 51.3445135]]}, "properties": {"source": "OpenHistoricalMap", "way_id": 205156677, "source_url": "https://www.openhistoricalmap.org/way/205156677", "name": null, "name_status": "unrecorded", "status": "historical_record; present-day removal unconfirmed", "railway": "tram", "length_km": 0.13868, "original_way_length_km": 0.13868, "start_date": "1913-06-01", "end_date": null, "license": "https://opendatacommons.org/licenses/odbl/1-0/", "source_license": "https://creativecommons.org/publicdomain/zero/1.0/", "source_license_basis": "OHM default CC0", "tags": {"electrified": "contact_line", "flood_prone": "yes", "frequency": "0", "gauge": "1458", "oneway": "yes", "railway": "tram", "source": "OSM Contributors", "start_date": "1913-06-01", "voltage": "600"}}}, {"type": "Feature", "id": "ohm/way/205156678", "geometry": {"type": "LineString", "coordinates": [[12.4338069, 51.3445135], [12.433703599999998, 51.3443385]]}, "properties": {"source": "OpenHistoricalMap", "way_id": 205156678, "source_url": "https://www.openhistoricalmap.org/way/205156678", "name": null, "name_status": "unrecorded", "status": "historical_record; present-day removal unconfirmed", "railway": "tram", "length_km": 0.020757, "original_way_length_km": 0.020757, "start_date": "1913-06-01", "end_date": null, "license": "https://opendatacommons.org/licenses/odbl/1-0/", "source_license": "https://creativecommons.org/publicdomain/zero/1.0/", "source_license_basis": "OHM default CC0", "tags": {"covered": "yes", "electrified": "contact_line", "frequency": "0", "gauge": "1458", "oneway": "yes", "railway": "tram", "source": "OSM Contributors", "start_date": "1913-06-01", "voltage": "600"}}}, {"type": "Feature", "id": "ohm/way/205156679", "geometry": {"type": "LineString", "coordinates": [[12.433764500000002, 51.3443364], [12.433864900000001, 51.344511799999985]]}, "properties": {"source": "OpenHistoricalMap", "way_id": 205156679, "source_url": "https://www.openhistoricalmap.org/way/205156679", "name": null, "name_status": "unrecorded", "status": "historical_record; present-day removal unconfirmed", "railway": "tram", "length_km": 0.02073, "original_way_length_km": 0.02073, "start_date": "1913-06-01", "end_date": null, "license": "https://opendatacommons.org/licenses/odbl/1-0/", "source_license": "https://creativecommons.org/publicdomain/zero/1.0/", "source_license_basis": "OHM default CC0", "tags": {"covered": "yes", "electrified": "contact_line", "frequency": "0", "gauge": "1458", "oneway": "yes", "railway": "tram", "source": "OSM Contributors", "start_date": "1913-06-01", "voltage": "600"}}}, {"type": "Feature", "id": "ohm/way/205156680", "geometry": {"type": "LineString", "coordinates": [[12.4326644, 51.34399539999999], [12.4328163, 51.3439864], [12.4330189, 51.34397179999998], [12.433220600000002, 51.34398199999999], [12.4334722, 51.34405679999999], [12.4336258, 51.3441608], [12.433764500000002, 51.3443364]]}, "properties": {"source": "OpenHistoricalMap", "way_id": 205156680, "source_url": "https://www.openhistoricalmap.org/way/205156680", "name": null, "name_status": "unrecorded", "status": "historical_record; present-day removal unconfirmed", "railway": "tram", "length_km": 0.095904, "original_way_length_km": 0.095904, "start_date": "1913-06-01", "end_date": null, "license": "https://opendatacommons.org/licenses/odbl/1-0/", "source_license": "https://creativecommons.org/publicdomain/zero/1.0/", "source_license_basis": "OHM default CC0", "tags": {"electrified": "contact_line", "frequency": "0", "gauge": "1458", "oneway": "yes", "railway": "tram", "source": "OSM Contributors", "start_date": "1913-06-01", "voltage": "600"}}}, {"type": "Feature", "id": "ohm/way/205156681", "geometry": {"type": "LineString", "coordinates": [[12.433703599999998, 51.3443385], [12.433632100000002, 51.34423129999999], [12.4335876, 51.3441814], [12.433442, 51.3440827], [12.4332022, 51.3440118], [12.433020200000001, 51.34400269999998], [12.4326823, 51.344024600000004]]}, "properties": {"source": "OpenHistoricalMap", "way_id": 205156681, "source_url": "https://www.openhistoricalmap.org/way/205156681", "name": null, "name_status": "unrecorded", "status": "historical_record; present-day removal unconfirmed", "railway": "tram", "length_km": 0.089102, "original_way_length_km": 0.089102, "start_date": "1913-06-01", "end_date": null, "license": "https://opendatacommons.org/licenses/odbl/1-0/", "source_license": "https://creativecommons.org/publicdomain/zero/1.0/", "source_license_basis": "OHM default CC0", "tags": {"electrified": "contact_line", "frequency": "0", "gauge": "1458", "oneway": "yes", "railway": "tram", "source": "OSM Contributors", "start_date": "1913-06-01", "voltage": "600"}}}, {"type": "Feature", "id": "ohm/way/205156682", "geometry": {"type": "LineString", "coordinates": [[12.4326823, 51.344024600000004], [12.4324651, 51.34403129999999]]}, "properties": {"source": "OpenHistoricalMap", "way_id": 205156682, "source_url": "https://www.openhistoricalmap.org/way/205156682", "name": null, "name_status": "unrecorded", "status": "historical_record; present-day removal unconfirmed", "railway": "tram", "length_km": 0.015152, "original_way_length_km": 0.015152, "start_date": "1913-06-01", "end_date": null, "license": "https://opendatacommons.org/licenses/odbl/1-0/", "source_license": "https://creativecommons.org/publicdomain/zero/1.0/", "source_license_basis": "OHM default CC0", "tags": {"covered": "yes", "electrified": "contact_line", "frequency": "0", "gauge": "1458", "oneway": "yes", "railway": "tram", "source": "OSM Contributors", "start_date": "1913-06-01", "voltage": "600"}}}, {"type": "Feature", "id": "ohm/way/205156683", "geometry": {"type": "LineString", "coordinates": [[12.4324473, 51.3440021], [12.4326644, 51.34399539999999]]}, "properties": {"source": "OpenHistoricalMap", "way_id": 205156683, "source_url": "https://www.openhistoricalmap.org/way/205156683", "name": null, "name_status": "unrecorded", "status": "historical_record; present-day removal unconfirmed", "railway": "tram", "length_km": 0.015145, "original_way_length_km": 0.015145, "start_date": "1913-06-01", "end_date": null, "license": "https://opendatacommons.org/licenses/odbl/1-0/", "source_license": "https://creativecommons.org/publicdomain/zero/1.0/", "source_license_basis": "OHM default CC0", "tags": {"covered": "yes", "electrified": "contact_line", "frequency": "0", "gauge": "1458", "oneway": "yes", "railway": "tram", "source": "OSM Contributors", "start_date": "1913-06-01", "voltage": "600"}}}, {"type": "Feature", "id": "ohm/way/205156684", "geometry": {"type": "LineString", "coordinates": [[12.4286852, 51.3436652], [12.4286896, 51.3436892], [12.428690400000002, 51.3437224], [12.4286871, 51.343739599999985], [12.4286808, 51.34376189999999], [12.428669, 51.34378329999999], [12.4286555, 51.343801899999995], [12.4286359, 51.34382279999999], [12.428612400000002, 51.34384129999999], [12.4285835, 51.34385990000001], [12.4285588, 51.343871199999995], [12.428528500000002, 51.3438826], [12.4285006, 51.3438926], [12.428465200000002, 51.343900999999995], [12.428440200000002, 51.34390479999999], [12.428423, 51.3439063], [12.428403400000002, 51.34390729999999], [12.4283844, 51.3439071], [12.4283678, 51.3439065], [12.4283466, 51.3439051], [12.4283278, 51.3439024], [12.4283061, 51.3438984], [12.4282449, 51.3438829]]}, "properties": {"source": "OpenHistoricalMap", "way_id": 205156684, "source_url": "https://www.openhistoricalmap.org/way/205156684", "name": null, "name_status": "unrecorded", "status": "historical_record; present-day removal unconfirmed", "railway": "tram", "length_km": 0.049167, "original_way_length_km": 0.049167, "start_date": "1905-10-21", "end_date": null, "license": "https://opendatacommons.org/licenses/odbl/1-0/", "source_license": "https://creativecommons.org/publicdomain/zero/1.0/", "source_license_basis": "OHM default CC0", "tags": {"electrified": "contact_line", "frequency": "0", "gauge": "1458", "railway": "tram", "source": "OSM Contributors", "start_date": "1905-10-21", "voltage": "600"}}}, {"type": "Feature", "id": "ohm/way/205156685", "geometry": {"type": "LineString", "coordinates": [[12.4276786, 51.342681000000006], [12.4276938, 51.3426742], [12.427723600000002, 51.342663099999996], [12.4277397, 51.3426585], [12.4277658, 51.3426512], [12.427815300000002, 51.3426409], [12.4278501, 51.3426352], [12.427888800000002, 51.34263109999999], [12.4279226, 51.34262800000001], [12.427961, 51.34262799999999], [12.4279975, 51.342629], [12.4280318, 51.3426319], [12.428079000000002, 51.342637999999994], [12.4281232, 51.3426485], [12.4281554, 51.34265760000001], [12.4281981, 51.34267509999999], [12.4282319, 51.34269100000001], [12.4282542, 51.34270459999998], [12.4282788, 51.342721499999996], [12.4283002, 51.3427375], [12.4283196, 51.3427549], [12.428340400000002, 51.3427786], [12.4283559, 51.342801800000004], [12.4283714, 51.34282970000001], [12.4286852, 51.3436652]]}, "properties": {"source": "OpenHistoricalMap", "way_id": 205156685, "source_url": "https://www.openhistoricalmap.org/way/205156685", "name": null, "name_status": "unrecorded", "status": "historical_record; present-day removal unconfirmed", "railway": "tram", "length_km": 0.155426, "original_way_length_km": 0.155426, "start_date": "1905-10-21", "end_date": null, "license": "https://opendatacommons.org/licenses/odbl/1-0/", "source_license": "https://creativecommons.org/publicdomain/zero/1.0/", "source_license_basis": "OHM default CC0", "tags": {"electrified": "contact_line", "frequency": "0", "gauge": "1458", "railway": "tram", "source": "OSM Contributors", "start_date": "1905-10-21", "voltage": "600"}}}, {"type": "Feature", "id": "ohm/way/205156686", "geometry": {"type": "LineString", "coordinates": [[12.4260603, 51.3434998], [12.4261701, 51.343485300000005], [12.426217, 51.34347760000001], [12.4262498, 51.3434711], [12.4262844, 51.343463799999995], [12.426317300000001, 51.34345559999999], [12.4263441, 51.3434486], [12.426373, 51.343439999999994], [12.426397100000003, 51.34343150000001], [12.426438, 51.3434152], [12.4264695, 51.3433993], [12.426496600000002, 51.343385299999994], [12.426526400000002, 51.34336969999999], [12.426544, 51.343358900000005], [12.4265617, 51.34334809999999], [12.4266008, 51.343324499999994], [12.4266726, 51.343282699999996], [12.426755400000001, 51.3432332], [12.4276786, 51.342681000000006]]}, "properties": {"source": "OpenHistoricalMap", "way_id": 205156686, "source_url": "https://www.openhistoricalmap.org/way/205156686", "name": null, "name_status": "unrecorded", "status": "historical_record; present-day removal unconfirmed", "railway": "tram", "length_km": 0.147116, "original_way_length_km": 0.147116, "start_date": "1905-10-21", "end_date": null, "license": "https://opendatacommons.org/licenses/odbl/1-0/", "source_license": "https://creativecommons.org/publicdomain/zero/1.0/", "source_license_basis": "OHM default CC0", "tags": {"electrified": "contact_line", "frequency": "0", "gauge": "1458", "oneway": "yes", "railway": "tram", "source": "OSM Contributors", "start_date": "1905-10-21", "voltage": "600"}}}, {"type": "Feature", "id": "ohm/way/205156687", "geometry": {"type": "LineString", "coordinates": [[12.4219086, 51.34369749999999], [12.422068200000002, 51.3437061], [12.4221493, 51.34371], [12.4228707, 51.343744], [12.423318300000002, 51.343765099999985], [12.423695, 51.34378259999999], [12.423933899999998, 51.3437718], [12.425313400000002, 51.343587299999996], [12.425471700000001, 51.343568199999986], [12.4260603, 51.3434998]]}, "properties": {"source": "OpenHistoricalMap", "way_id": 205156687, "source_url": "https://www.openhistoricalmap.org/way/205156687", "name": null, "name_status": "unrecorded", "status": "historical_record; present-day removal unconfirmed", "railway": "tram", "length_km": 0.292755, "original_way_length_km": 0.292755, "start_date": "1905-10-21", "end_date": null, "license": "https://opendatacommons.org/licenses/odbl/1-0/", "source_license": "https://creativecommons.org/publicdomain/zero/1.0/", "source_license_basis": "OHM default CC0", "tags": {"electrified": "contact_line", "frequency": "0", "gauge": "1458", "oneway": "yes", "railway": "tram", "source": "OSM Contributors", "start_date": "1905-10-21", "voltage": "600"}}}, {"type": "Feature", "id": "ohm/way/205156688", "geometry": {"type": "LineString", "coordinates": [[12.4324651, 51.34403129999999], [12.432188, 51.3440352], [12.4290216, 51.3440689], [12.4287411, 51.344030599999996], [12.4282449, 51.3438829]]}, "properties": {"source": "OpenHistoricalMap", "way_id": 205156688, "source_url": "https://www.openhistoricalmap.org/way/205156688", "name": null, "name_status": "unrecorded", "status": "historical_record; present-day removal unconfirmed", "railway": "tram", "length_km": 0.298254, "original_way_length_km": 0.298254, "start_date": "1913-06-01", "end_date": null, "license": "https://opendatacommons.org/licenses/odbl/1-0/", "source_license": "https://creativecommons.org/publicdomain/zero/1.0/", "source_license_basis": "OHM default CC0", "tags": {"electrified": "contact_line", "frequency": "0", "gauge": "1458", "oneway": "yes", "railway": "tram", "source": "OSM Contributors", "start_date": "1913-06-01", "voltage": "600"}}}, {"type": "Feature", "id": "ohm/way/205156689", "geometry": {"type": "LineString", "coordinates": [[12.4282449, 51.3438829], [12.4281757, 51.34386269999999], [12.4276988, 51.3437203]]}, "properties": {"source": "OpenHistoricalMap", "way_id": 205156689, "source_url": "https://www.openhistoricalmap.org/way/205156689", "name": null, "name_status": "unrecorded", "status": "historical_record; present-day removal unconfirmed", "railway": "tram", "length_km": 0.042132, "original_way_length_km": 0.042132, "start_date": "1905-10-21", "end_date": null, "license": "https://opendatacommons.org/licenses/odbl/1-0/", "source_license": "https://creativecommons.org/publicdomain/zero/1.0/", "source_license_basis": "OHM default CC0", "tags": {"electrified": "contact_line", "frequency": "0", "gauge": "1458", "oneway": "yes", "railway": "tram", "source": "OSM Contributors", "start_date": "1905-10-21", "voltage": "600"}}}, {"type": "Feature", "id": "ohm/way/205156690", "geometry": {"type": "LineString", "coordinates": [[12.4276988, 51.3437203], [12.427521700000002, 51.343666799999994], [12.4273448, 51.343613399999995], [12.4269138, 51.34350549999999], [12.4265885, 51.34348430000001], [12.426374900000003, 51.3434952], [12.425484900000002, 51.3436066], [12.4253236, 51.34362249999999], [12.4239945, 51.34379070000001], [12.423792700000002, 51.34380529999999], [12.4221315, 51.34373219999999], [12.422000300000002, 51.34372589999999]]}, "properties": {"source": "OpenHistoricalMap", "way_id": 205156690, "source_url": "https://www.openhistoricalmap.org/way/205156690", "name": null, "name_status": "unrecorded", "status": "historical_record; present-day removal unconfirmed", "railway": "tram", "length_km": 0.405901, "original_way_length_km": 0.405901, "start_date": "1905-10-21", "end_date": null, "license": "https://opendatacommons.org/licenses/odbl/1-0/", "source_license": "https://creativecommons.org/publicdomain/zero/1.0/", "source_license_basis": "OHM default CC0", "tags": {"electrified": "contact_line", "frequency": "0", "gauge": "1458", "oneway": "yes", "railway": "tram", "source": "OSM Contributors", "start_date": "1905-10-21", "voltage": "600"}}}, {"type": "Feature", "id": "ohm/way/205156691", "geometry": {"type": "LineString", "coordinates": [[12.4260603, 51.3434998], [12.426403200000001, 51.343466], [12.4264925, 51.34346120000001], [12.4267189, 51.3434622], [12.426971200000002, 51.343489], [12.4272372, 51.34355649999999], [12.427560700000003, 51.34365350000001], [12.4279819, 51.343778799999995], [12.4280815, 51.3438086], [12.4283522, 51.3438907], [12.428403400000002, 51.34390729999999], [12.4287711, 51.3440112], [12.4289549, 51.34403919999999], [12.429274900000001, 51.344041899999986], [12.4304506, 51.344021299999994], [12.432177599999997, 51.34400399999999], [12.4324473, 51.3440021]]}, "properties": {"source": "OpenHistoricalMap", "way_id": 205156691, "source_url": "https://www.openhistoricalmap.org/way/205156691", "name": null, "name_status": "unrecorded", "status": "historical_record; present-day removal unconfirmed", "railway": "tram", "length_km": 0.458862, "original_way_length_km": 0.458862, "start_date": "1913-06-01", "end_date": null, "license": "https://opendatacommons.org/licenses/odbl/1-0/", "source_license": "https://creativecommons.org/publicdomain/zero/1.0/", "source_license_basis": "OHM default CC0", "tags": {"electrified": "contact_line", "frequency": "0", "gauge": "1458", "oneway": "yes", "railway": "tram", "source": "OSM Contributors", "start_date": "1913-06-01", "voltage": "600"}}}, {"type": "Feature", "id": "ohm/way/205156692", "geometry": {"type": "LineString", "coordinates": [[12.4908624, 51.3788107], [12.4909331, 51.378866299999984], [12.4909646, 51.3789119], [12.490978300000002, 51.37894789999999]]}, "properties": {"source": "OpenHistoricalMap", "way_id": 205156692, "source_url": "https://www.openhistoricalmap.org/way/205156692", "name": null, "name_status": "unrecorded", "status": "historical_record; present-day removal unconfirmed", "railway": "tram", "length_km": 0.01755, "original_way_length_km": 0.01755, "start_date": "1927-07-15", "end_date": null, "license": "https://opendatacommons.org/licenses/odbl/1-0/", "source_license": "https://creativecommons.org/publicdomain/zero/1.0/", "source_license_basis": "OHM default CC0", "tags": {"electrified": "contact_line", "frequency": "0", "gauge": "1458", "oneway": "yes", "railway": "tram", "source": "OSM Contributors", "start_date": "1927-07-15", "voltage": "600"}}}, {"type": "Feature", "id": "ohm/way/205156693", "geometry": {"type": "LineString", "coordinates": [[12.490978300000002, 51.37894789999999], [12.4909817, 51.37895679999999], [12.4909965, 51.3790124], [12.490964500000002, 51.3790783]]}, "properties": {"source": "OpenHistoricalMap", "way_id": 205156693, "source_url": "https://www.openhistoricalmap.org/way/205156693", "name": null, "name_status": "unrecorded", "status": "historical_record; present-day removal unconfirmed", "railway": "tram", "length_km": 0.014952, "original_way_length_km": 0.014952, "start_date": "1927-07-15", "end_date": null, "license": "https://opendatacommons.org/licenses/odbl/1-0/", "source_license": "https://creativecommons.org/publicdomain/zero/1.0/", "source_license_basis": "OHM default CC0", "tags": {"electrified": "contact_line", "frequency": "0", "gauge": "1458", "oneway": "yes", "railway": "tram", "source": "OSM Contributors", "start_date": "1927-07-15", "voltage": "600"}}}, {"type": "Feature", "id": "ohm/way/205156694", "geometry": {"type": "LineString", "coordinates": [[12.490964500000002, 51.3790783], [12.490902400000001, 51.3791272], [12.490864400000001, 51.37919440000001], [12.490836800000002, 51.3792743], [12.4908222, 51.3793392], [12.4908412, 51.3795108], [12.490871200000003, 51.3795916], [12.4909202, 51.379688499999986], [12.4909975, 51.3798002]]}, "properties": {"source": "OpenHistoricalMap", "way_id": 205156694, "source_url": "https://www.openhistoricalmap.org/way/205156694", "name": null, "name_status": "unrecorded", "status": "historical_record; present-day removal unconfirmed", "railway": "tram", "length_km": 0.084483, "original_way_length_km": 0.084483, "start_date": "1927-07-15", "end_date": null, "license": "https://opendatacommons.org/licenses/odbl/1-0/", "source_license": "https://creativecommons.org/publicdomain/zero/1.0/", "source_license_basis": "OHM default CC0", "tags": {"electrified": "contact_line", "frequency": "0", "gauge": "1458", "oneway": "yes", "railway": "tram", "source": "OSM Contributors", "start_date": "1927-07-15", "voltage": "600"}}}, {"type": "Feature", "id": "ohm/way/205156695", "geometry": {"type": "LineString", "coordinates": [[12.4909975, 51.3798002], [12.4910342, 51.379841799999994], [12.4910853, 51.37987439999999], [12.4911982, 51.3799301], [12.4913602, 51.379983200000005], [12.4914774, 51.38001], [12.4916134, 51.380022499999995], [12.491808600000002, 51.38000319999999], [12.4919942, 51.3799532], [12.492110000000002, 51.3798775], [12.4921553, 51.3798377], [12.4921898, 51.3797836], [12.4922053, 51.37971989999999], [12.4921974, 51.3796832], [12.492193700000001, 51.379666399999984], [12.4921584, 51.379615], [12.4921035, 51.379572700000004], [12.4915045, 51.37921059999999]]}, "properties": {"source": "OpenHistoricalMap", "way_id": 205156695, "source_url": "https://www.openhistoricalmap.org/way/205156695", "name": null, "name_status": "unrecorded", "status": "historical_record; present-day removal unconfirmed", "railway": "tram", "length_km": 0.186217, "original_way_length_km": 0.186217, "start_date": "1927-07-15", "end_date": null, "license": "https://opendatacommons.org/licenses/odbl/1-0/", "source_license": "https://creativecommons.org/publicdomain/zero/1.0/", "source_license_basis": "OHM default CC0", "tags": {"electrified": "contact_line", "frequency": "0", "gauge": "1458", "oneway": "yes", "railway": "tram", "source": "OSM Contributors", "start_date": "1927-07-15", "voltage": "600"}}}, {"type": "Feature", "id": "ohm/way/205156696", "geometry": {"type": "LineString", "coordinates": [[12.4915045, 51.37921059999999], [12.4910863, 51.3789502], [12.4910275, 51.3789136], [12.4908624, 51.3788107]]}, "properties": {"source": "OpenHistoricalMap", "way_id": 205156696, "source_url": "https://www.openhistoricalmap.org/way/205156696", "name": null, "name_status": "unrecorded", "status": "historical_record; present-day removal unconfirmed", "railway": "tram", "length_km": 0.063072, "original_way_length_km": 0.063072, "start_date": "1927-07-15", "end_date": null, "license": "https://opendatacommons.org/licenses/odbl/1-0/", "source_license": "https://creativecommons.org/publicdomain/zero/1.0/", "source_license_basis": "OHM default CC0", "tags": {"electrified": "contact_line", "frequency": "0", "gauge": "1458", "oneway": "yes", "railway": "tram", "source": "OSM Contributors", "start_date": "1927-07-15", "voltage": "600"}}}, {"type": "Feature", "id": "ohm/way/205156697", "geometry": {"type": "LineString", "coordinates": [[12.486418000000002, 51.3766914], [12.4878917, 51.37722159999999], [12.4879814, 51.377254], [12.4886312, 51.377489000000004], [12.488859500000002, 51.3775868], [12.489362599999998, 51.3778829], [12.489937100000002, 51.37824089999999], [12.4903582, 51.37849659999999], [12.4907247, 51.378724899999995], [12.4908624, 51.3788107]]}, "properties": {"source": "OpenHistoricalMap", "way_id": 205156697, "source_url": "https://www.openhistoricalmap.org/way/205156697", "name": null, "name_status": "unrecorded", "status": "historical_record; present-day removal unconfirmed", "railway": "tram", "length_km": 0.392005, "original_way_length_km": 0.392005, "start_date": "1927-07-15", "end_date": null, "license": "https://opendatacommons.org/licenses/odbl/1-0/", "source_license": "https://creativecommons.org/publicdomain/zero/1.0/", "source_license_basis": "OHM default CC0", "tags": {"electrified": "contact_line", "frequency": "0", "gauge": "1458", "oneway": "no", "railway": "tram", "source": "OSM Contributors", "start_date": "1927-07-15", "voltage": "600"}}}, {"type": "Feature", "id": "ohm/way/205156698", "geometry": {"type": "LineString", "coordinates": [[12.485172900000002, 51.37623349999999], [12.485762, 51.3764414], [12.4863238, 51.376653299999994], [12.486418000000002, 51.3766914]]}, "properties": {"source": "OpenHistoricalMap", "way_id": 205156698, "source_url": "https://www.openhistoricalmap.org/way/205156698", "name": null, "name_status": "unrecorded", "status": "historical_record; present-day removal unconfirmed", "railway": "tram", "length_km": 0.100571, "original_way_length_km": 0.100571, "start_date": "1927-07-15", "end_date": null, "license": "https://opendatacommons.org/licenses/odbl/1-0/", "source_license": "https://creativecommons.org/publicdomain/zero/1.0/", "source_license_basis": "OHM default CC0", "tags": {"electrified": "contact_line", "frequency": "0", "gauge": "1458", "oneway": "yes", "railway": "tram", "source": "OSM Contributors", "start_date": "1927-07-15", "voltage": "600"}}}, {"type": "Feature", "id": "ohm/way/205156699", "geometry": {"type": "LineString", "coordinates": [[12.4759743, 51.37291139999999], [12.4780352, 51.3736553], [12.4812727, 51.3748354], [12.4814325, 51.37489279999999], [12.4815861, 51.37494879999999], [12.481924100000002, 51.3750699], [12.4822762, 51.37519489999999], [12.482798, 51.37538259999999], [12.484657800000003, 51.37605179999999], [12.485172900000002, 51.37623349999999]]}, "properties": {"source": "OpenHistoricalMap", "way_id": 205156699, "source_url": "https://www.openhistoricalmap.org/way/205156699", "name": null, "name_status": "unrecorded", "status": "historical_record; present-day removal unconfirmed", "railway": "tram", "length_km": 0.739502, "original_way_length_km": 0.739502, "start_date": "1927-07-15", "end_date": null, "license": "https://opendatacommons.org/licenses/odbl/1-0/", "source_license": "https://creativecommons.org/publicdomain/zero/1.0/", "source_license_basis": "OHM default CC0", "tags": {"electrified": "contact_line", "frequency": "0", "gauge": "1458", "oneway": "no", "railway": "tram", "source": "OSM Contributors", "start_date": "1927-07-15", "voltage": "600"}}}, {"type": "Feature", "id": "ohm/way/205156700", "geometry": {"type": "LineString", "coordinates": [[12.4742905, 51.37231489999999], [12.4746681, 51.372448500000004], [12.475433400000002, 51.372719199999985], [12.4755437, 51.3727582], [12.4757354, 51.37282729999999], [12.4759224, 51.3728927], [12.4759743, 51.37291139999999]]}, "properties": {"source": "OpenHistoricalMap", "way_id": 205156700, "source_url": "https://www.openhistoricalmap.org/way/205156700", "name": null, "name_status": "unrecorded", "status": "historical_record; present-day removal unconfirmed", "railway": "tram", "length_km": 0.134729, "original_way_length_km": 0.134729, "start_date": "1927-07-15", "end_date": null, "license": "https://opendatacommons.org/licenses/odbl/1-0/", "source_license": "https://creativecommons.org/publicdomain/zero/1.0/", "source_license_basis": "OHM default CC0", "tags": {"electrified": "contact_line", "frequency": "0", "gauge": "1458", "oneway": "yes", "railway": "tram", "source": "OSM Contributors", "start_date": "1927-07-15", "voltage": "600"}}}, {"type": "Feature", "id": "ohm/way/205156701", "geometry": {"type": "LineString", "coordinates": [[12.4712413, 51.371226500000006], [12.471493, 51.37131659999999], [12.473771700000002, 51.372129699999995], [12.4742905, 51.37231489999999]]}, "properties": {"source": "OpenHistoricalMap", "way_id": 205156701, "source_url": "https://www.openhistoricalmap.org/way/205156701", "name": null, "name_status": "unrecorded", "status": "historical_record; present-day removal unconfirmed", "railway": "tram", "length_km": 0.244433, "original_way_length_km": 0.244433, "start_date": "1927-07-15", "end_date": null, "license": "https://opendatacommons.org/licenses/odbl/1-0/", "source_license": "https://creativecommons.org/publicdomain/zero/1.0/", "source_license_basis": "OHM default CC0", "tags": {"electrified": "contact_line", "frequency": "0", "gauge": "1458", "oneway": "no", "railway": "tram", "source": "OSM Contributors", "start_date": "1927-07-15", "voltage": "600"}}}, {"type": "Feature", "id": "ohm/way/205156702", "geometry": {"type": "LineString", "coordinates": [[12.4692261, 51.370498000000005], [12.469255, 51.3705085], [12.470805100000002, 51.3710704], [12.471117500000002, 51.371182199999986]]}, "properties": {"source": "OpenHistoricalMap", "way_id": 205156702, "source_url": "https://www.openhistoricalmap.org/way/205156702", "name": null, "name_status": "unrecorded", "status": "historical_record; present-day removal unconfirmed", "railway": "tram", "length_km": 0.152126, "original_way_length_km": 0.152126, "start_date": "1927-07-15", "end_date": null, "license": "https://opendatacommons.org/licenses/odbl/1-0/", "source_license": "https://creativecommons.org/publicdomain/zero/1.0/", "source_license_basis": "OHM default CC0", "tags": {"electrified": "contact_line", "frequency": "0", "gauge": "1458", "oneway": "no", "railway": "tram", "source": "OSM Contributors", "start_date": "1927-07-15", "voltage": "600"}}}, {"type": "Feature", "id": "ohm/way/205156703", "geometry": {"type": "LineString", "coordinates": [[12.4681733, 51.370117], [12.4692261, 51.370498000000005]]}, "properties": {"source": "OpenHistoricalMap", "way_id": 205156703, "source_url": "https://www.openhistoricalmap.org/way/205156703", "name": null, "name_status": "unrecorded", "status": "historical_record; present-day removal unconfirmed", "railway": "tram", "length_km": 0.084686, "original_way_length_km": 0.084686, "start_date": "1927-07-15", "end_date": null, "license": "https://opendatacommons.org/licenses/odbl/1-0/", "source_license": "https://creativecommons.org/publicdomain/zero/1.0/", "source_license_basis": "OHM default CC0", "tags": {"electrified": "contact_line", "frequency": "0", "gauge": "1458", "oneway": "yes", "railway": "tram", "source": "OSM Contributors", "start_date": "1927-07-15", "voltage": "600"}}}, {"type": "Feature", "id": "ohm/way/205156704", "geometry": {"type": "LineString", "coordinates": [[12.4692261, 51.370498000000005], [12.4689754, 51.37042579999999], [12.4687918, 51.3703745], [12.4686818, 51.37034099999999], [12.4681426, 51.37013599999999]]}, "properties": {"source": "OpenHistoricalMap", "way_id": 205156704, "source_url": "https://www.openhistoricalmap.org/way/205156704", "name": null, "name_status": "unrecorded", "status": "historical_record; present-day removal unconfirmed", "railway": "tram", "length_km": 0.08567, "original_way_length_km": 0.08567, "start_date": "1927-07-15", "end_date": null, "license": "https://opendatacommons.org/licenses/odbl/1-0/", "source_license": "https://creativecommons.org/publicdomain/zero/1.0/", "source_license_basis": "OHM default CC0", "tags": {"electrified": "contact_line", "frequency": "0", "gauge": "1458", "oneway": "yes", "railway": "tram", "source": "OSM Contributors", "start_date": "1927-07-15", "voltage": "600"}}}, {"type": "Feature", "id": "ohm/way/205156705", "geometry": {"type": "LineString", "coordinates": [[12.467684, 51.3699401], [12.4681733, 51.370117]]}, "properties": {"source": "OpenHistoricalMap", "way_id": 205156705, "source_url": "https://www.openhistoricalmap.org/way/205156705", "name": null, "name_status": "unrecorded", "status": "historical_record; present-day removal unconfirmed", "railway": "tram", "length_km": 0.039349, "original_way_length_km": 0.039349, "start_date": "1927-07-15", "end_date": null, "license": "https://opendatacommons.org/licenses/odbl/1-0/", "source_license": "https://creativecommons.org/publicdomain/zero/1.0/", "source_license_basis": "OHM default CC0", "tags": {"electrified": "contact_line", "frequency": "0", "gauge": "1458", "oneway": "yes", "railway": "tram", "source": "OSM Contributors", "start_date": "1927-07-15", "tunnel": "covered", "voltage": "600"}}}, {"type": "Feature", "id": "ohm/way/205156706", "geometry": {"type": "LineString", "coordinates": [[12.4681426, 51.37013599999999], [12.467641900000002, 51.3699561]]}, "properties": {"source": "OpenHistoricalMap", "way_id": 205156706, "source_url": "https://www.openhistoricalmap.org/way/205156706", "name": null, "name_status": "unrecorded", "status": "historical_record; present-day removal unconfirmed", "railway": "tram", "length_km": 0.040204, "original_way_length_km": 0.040204, "start_date": "1927-07-15", "end_date": null, "license": "https://opendatacommons.org/licenses/odbl/1-0/", "source_license": "https://creativecommons.org/publicdomain/zero/1.0/", "source_license_basis": "OHM default CC0", "tags": {"electrified": "contact_line", "frequency": "0", "gauge": "1458", "oneway": "yes", "railway": "tram", "source": "OSM Contributors", "start_date": "1927-07-15", "tunnel": "covered", "voltage": "600"}}}, {"type": "Feature", "id": "ohm/way/205156707", "geometry": {"type": "LineString", "coordinates": [[12.461142100000002, 51.367572100000004], [12.4611612, 51.367580499999995], [12.4614052, 51.3676676], [12.463787500000002, 51.36851639999999], [12.4654983, 51.3691511], [12.4662063, 51.369406], [12.467436, 51.3698504], [12.467684, 51.3699401]]}, "properties": {"source": "OpenHistoricalMap", "way_id": 205156707, "source_url": "https://www.openhistoricalmap.org/way/205156707", "name": null, "name_status": "unrecorded", "status": "historical_record; present-day removal unconfirmed", "railway": "tram", "length_km": 0.526287, "original_way_length_km": 0.526287, "start_date": "1927-07-15", "end_date": null, "license": "https://opendatacommons.org/licenses/odbl/1-0/", "source_license": "https://creativecommons.org/publicdomain/zero/1.0/", "source_license_basis": "OHM default CC0", "tags": {"electrified": "contact_line", "frequency": "0", "gauge": "1458", "oneway": "yes", "railway": "tram", "source": "OSM Contributors", "start_date": "1927-07-15", "voltage": "600"}}}, {"type": "Feature", "id": "ohm/way/205156708", "geometry": {"type": "LineString", "coordinates": [[12.467641900000002, 51.3699561], [12.466184500000002, 51.369428299999996], [12.4654803, 51.369175399999996], [12.464143500000002, 51.3686883], [12.462687000000003, 51.36816859999999], [12.4613735, 51.367694], [12.4611314, 51.3676065], [12.4611154, 51.367600700000004]]}, "properties": {"source": "OpenHistoricalMap", "way_id": 205156708, "source_url": "https://www.openhistoricalmap.org/way/205156708", "name": null, "name_status": "unrecorded", "status": "historical_record; present-day removal unconfirmed", "railway": "tram", "length_km": 0.52464, "original_way_length_km": 0.52464, "start_date": "1927-07-15", "end_date": null, "license": "https://opendatacommons.org/licenses/odbl/1-0/", "source_license": "https://creativecommons.org/publicdomain/zero/1.0/", "source_license_basis": "OHM default CC0", "tags": {"electrified": "contact_line", "frequency": "0", "gauge": "1458", "oneway": "yes", "railway": "tram", "source": "OSM Contributors", "start_date": "1927-07-15", "voltage": "600"}}}, {"type": "Feature", "id": "ohm/way/205156709", "geometry": {"type": "LineString", "coordinates": [[12.4611154, 51.367600700000004], [12.460828, 51.36749669999999], [12.4606734, 51.36744259999999], [12.460472600000001, 51.36736820000001]]}, "properties": {"source": "OpenHistoricalMap", "way_id": 205156709, "source_url": "https://www.openhistoricalmap.org/way/205156709", "name": null, "name_status": "unrecorded", "status": "historical_record; present-day removal unconfirmed", "railway": "tram", "length_km": 0.051704, "original_way_length_km": 0.051704, "start_date": "1927-07-15", "end_date": null, "license": "https://opendatacommons.org/licenses/odbl/1-0/", "source_license": "https://creativecommons.org/publicdomain/zero/1.0/", "source_license_basis": "OHM default CC0", "tags": {"electrified": "contact_line", "frequency": "0", "gauge": "1458", "oneway": "yes", "railway": "tram", "source": "OSM Contributors", "start_date": "1927-07-15", "voltage": "600"}}}, {"type": "Feature", "id": "ohm/way/205156710", "geometry": {"type": "LineString", "coordinates": [[12.4603633, 51.367290499999996], [12.4604566, 51.367324199999985], [12.4604681, 51.367328399999984], [12.4606289, 51.3673864], [12.4607009, 51.367412400000006], [12.4608556, 51.3674693], [12.460945999999998, 51.36750329999999], [12.461142100000002, 51.367572100000004]]}, "properties": {"source": "OpenHistoricalMap", "way_id": 205156710, "source_url": "https://www.openhistoricalmap.org/way/205156710", "name": null, "name_status": "unrecorded", "status": "historical_record; present-day removal unconfirmed", "railway": "tram", "length_km": 0.062638, "original_way_length_km": 0.062638, "start_date": "1927-07-15", "end_date": null, "license": "https://opendatacommons.org/licenses/odbl/1-0/", "source_license": "https://creativecommons.org/publicdomain/zero/1.0/", "source_license_basis": "OHM default CC0", "tags": {"electrified": "contact_line", "frequency": "0", "gauge": "1458", "oneway": "yes", "railway": "tram", "source": "OSM Contributors", "start_date": "1927-07-15", "voltage": "600"}}}, {"type": "Feature", "id": "ohm/way/205156711", "geometry": {"type": "LineString", "coordinates": [[12.460472600000001, 51.36736820000001], [12.4604416, 51.367357000000005], [12.4604268, 51.36735169999999], [12.4589488, 51.3668209], [12.4554545, 51.36555529999999], [12.455240300000002, 51.36547809999999], [12.4534405, 51.364829799999995], [12.45321, 51.3647451], [12.4530397, 51.3646659], [12.4528966, 51.3645974], [12.45275, 51.3645297], [12.452618899999997, 51.3644657], [12.4525313, 51.364423499999994], [12.4524638, 51.3643908], [12.4518157, 51.36408180000001], [12.4514521, 51.3639079], [12.451196000000001, 51.363786], [12.446355900000002, 51.36147859999999], [12.4462589, 51.3614334], [12.446052600000002, 51.3613341], [12.4458658, 51.36124499999999], [12.4438891, 51.360300099999996], [12.4436658, 51.360192899999994], [12.4435256, 51.3601242], [12.4433068, 51.360023299999995], [12.4427482, 51.3597597], [12.4424465, 51.35961860000001]]}, "properties": {"source": "OpenHistoricalMap", "way_id": 205156711, "source_url": "https://www.openhistoricalmap.org/way/205156711", "name": null, "name_status": "unrecorded", "status": "historical_record; present-day removal unconfirmed", "railway": "tram", "length_km": 1.525932, "original_way_length_km": 1.525932, "start_date": "1927-07-15", "end_date": null, "license": "https://opendatacommons.org/licenses/odbl/1-0/", "source_license": "https://creativecommons.org/publicdomain/zero/1.0/", "source_license_basis": "OHM default CC0", "tags": {"electrified": "contact_line", "frequency": "0", "gauge": "1458", "oneway": "yes", "railway": "tram", "source": "OSM Contributors", "start_date": "1927-07-15", "voltage": "600"}}}, {"type": "Feature", "id": "ohm/way/205156712", "geometry": {"type": "LineString", "coordinates": [[12.442415700000002, 51.3595603], [12.443192, 51.35992929999998], [12.4433365, 51.359996599999995], [12.4435572, 51.36010269999999], [12.443700700000003, 51.36017019999999], [12.4439206, 51.360273600000006], [12.445898800000002, 51.36121849999999], [12.446080999999998, 51.36130680000001], [12.446288100000002, 51.361409499999986], [12.4468523, 51.361676700000004], [12.451239000000001, 51.36376589999999], [12.4514811, 51.363881899999996], [12.4523093, 51.364278799999994], [12.4525273, 51.364383000000004], [12.4525613, 51.3643999], [12.452785700000002, 51.36450369999999], [12.4530572, 51.36463169999999], [12.453251, 51.364719699999995], [12.4552681, 51.3654521], [12.4554821, 51.3655257], [12.456072700000002, 51.36574189999999], [12.457562899999997, 51.3662806], [12.4602214, 51.3672389], [12.4603633, 51.367290499999996]]}, "properties": {"source": "OpenHistoricalMap", "way_id": 205156712, "source_url": "https://www.openhistoricalmap.org/way/205156712", "name": null, "name_status": "unrecorded", "status": "historical_record; present-day removal unconfirmed", "railway": "tram", "length_km": 1.520162, "original_way_length_km": 1.520162, "start_date": "1927-07-15", "end_date": null, "license": "https://opendatacommons.org/licenses/odbl/1-0/", "source_license": "https://creativecommons.org/publicdomain/zero/1.0/", "source_license_basis": "OHM default CC0", "tags": {"electrified": "contact_line", "frequency": "0", "gauge": "1458", "oneway": "yes", "railway": "tram", "source": "OSM Contributors", "start_date": "1927-07-15", "voltage": "600"}}}, {"type": "Feature", "id": "ohm/way/205156713", "geometry": {"type": "LineString", "coordinates": [[12.4416441, 51.35918379999999], [12.442415700000002, 51.3595603]]}, "properties": {"source": "OpenHistoricalMap", "way_id": 205156713, "source_url": "https://www.openhistoricalmap.org/way/205156713", "name": null, "name_status": "unrecorded", "status": "historical_record; present-day removal unconfirmed", "railway": "tram", "length_km": 0.06814, "original_way_length_km": 0.06814, "start_date": "1927-07-15", "end_date": null, "license": "https://opendatacommons.org/licenses/odbl/1-0/", "source_license": "https://creativecommons.org/publicdomain/zero/1.0/", "source_license_basis": "OHM default CC0", "tags": {"bridge": "yes", "electrified": "contact_line", "frequency": "0", "gauge": "1458", "layer": "1", "oneway": "yes", "railway": "tram", "source": "OSM Contributors", "start_date": "1927-07-15", "voltage": "600"}}}, {"type": "Feature", "id": "ohm/way/205156714", "geometry": {"type": "LineString", "coordinates": [[12.4235653, 51.35045129999999], [12.4237158, 51.350565199999984], [12.424104200000002, 51.35082129999999], [12.425899600000001, 51.351679299999994], [12.4259987, 51.351727200000006], [12.426044400000002, 51.351749199999986], [12.4260927, 51.351773399999985], [12.4262118, 51.35183059999999], [12.426366, 51.3519046], [12.426417900000002, 51.351928199999996], [12.4264279, 51.35193360000001], [12.426494, 51.3519674], [12.426988600000001, 51.3521983], [12.427161300000002, 51.35228079999999], [12.4301249, 51.353697800000006], [12.4308214, 51.354030099999996], [12.4309885, 51.3541087], [12.433172200000001, 51.355151699999986], [12.4334438, 51.355280400000005], [12.433684, 51.3553958], [12.434259, 51.355669], [12.4343556, 51.355715000000004], [12.4368894, 51.35691999999999], [12.4416441, 51.35918379999999]]}, "properties": {"source": "OpenHistoricalMap", "way_id": 205156714, "source_url": "https://www.openhistoricalmap.org/way/205156714", "name": null, "name_status": "unrecorded", "status": "historical_record; present-day removal unconfirmed", "railway": "tram", "length_km": 1.591488, "original_way_length_km": 1.591488, "start_date": "1927-07-15", "end_date": null, "license": "https://opendatacommons.org/licenses/odbl/1-0/", "source_license": "https://creativecommons.org/publicdomain/zero/1.0/", "source_license_basis": "OHM default CC0", "tags": {"electrified": "contact_line", "frequency": "0", "gauge": "1458", "oneway": "yes", "railway": "tram", "source": "OSM Contributors", "start_date": "1927-07-15", "voltage": "600"}}}, {"type": "Feature", "id": "ohm/way/205156715", "geometry": {"type": "LineString", "coordinates": [[12.4424465, 51.35961860000001], [12.441683800000002, 51.35925290000001]]}, "properties": {"source": "OpenHistoricalMap", "way_id": 205156715, "source_url": "https://www.openhistoricalmap.org/way/205156715", "name": null, "name_status": "unrecorded", "status": "historical_record; present-day removal unconfirmed", "railway": "tram", "length_km": 0.066915, "original_way_length_km": 0.066915, "start_date": "1927-07-15", "end_date": null, "license": "https://opendatacommons.org/licenses/odbl/1-0/", "source_license": "https://creativecommons.org/publicdomain/zero/1.0/", "source_license_basis": "OHM default CC0", "tags": {"bridge": "yes", "electrified": "contact_line", "frequency": "0", "gauge": "1458", "layer": "1", "oneway": "yes", "railway": "tram", "source": "OSM Contributors", "start_date": "1927-07-15", "voltage": "600"}}}, {"type": "Feature", "id": "ohm/way/205161451", "geometry": {"type": "LineString", "coordinates": [[12.4033246, 51.32729040000001], [12.4036536, 51.32786949999999], [12.403911, 51.3283225], [12.404365800000003, 51.32912289999999], [12.404858500000001, 51.32999009999999], [12.4049622, 51.3301726], [12.4053506, 51.33085609999999], [12.405432700000002, 51.33100049999999], [12.4058686, 51.33176770000001], [12.4062501, 51.3324879], [12.406560600000002, 51.33314289999999]]}, "properties": {"source": "OpenHistoricalMap", "way_id": 205161451, "source_url": "https://www.openhistoricalmap.org/way/205161451", "name": null, "name_status": "unrecorded", "status": "historical_record; present-day removal unconfirmed", "railway": "tram", "length_km": 0.689177, "original_way_length_km": 0.689177, "start_date": "1897-12-08", "end_date": null, "license": "https://opendatacommons.org/licenses/odbl/1-0/", "source_license": "https://creativecommons.org/publicdomain/zero/1.0/", "source_license_basis": "OHM default CC0", "tags": {"electrified": "contact_line", "frequency": "0", "gauge": "1458", "highway": "service", "lit": "yes", "oneway": "yes", "railway": "tram", "source": "OSM Contributors", "start_date": "1897-12-08", "tram": "yes", "voltage": "600"}}}, {"type": "Feature", "id": "ohm/way/205161452", "geometry": {"type": "LineString", "coordinates": [[12.4065276, 51.33314940000001], [12.406453199999998, 51.3330173], [12.406213900000001, 51.33249409999999], [12.405829500000001, 51.3317755], [12.4057467, 51.3316324], [12.405505400000001, 51.3312152], [12.4053869, 51.3310103], [12.404957000000001, 51.330266999999985], [12.4049286, 51.3302209], [12.404795, 51.3300044], [12.404567699999998, 51.32959550000001], [12.404202100000001, 51.3289378], [12.4038644, 51.3283302], [12.403823800000001, 51.328257199999996], [12.4037766, 51.328172699999996], [12.4037222, 51.32807520000001], [12.4036656, 51.32797380000001], [12.4036037, 51.32786289999999], [12.4035471, 51.327761499999994], [12.4034873, 51.327654300000006], [12.403438700000002, 51.32756740000001], [12.4033469, 51.32740290000001]]}, "properties": {"source": "OpenHistoricalMap", "way_id": 205161452, "source_url": "https://www.openhistoricalmap.org/way/205161452", "name": null, "name_status": "unrecorded", "status": "historical_record; present-day removal unconfirmed", "railway": "tram", "length_km": 0.676802, "original_way_length_km": 0.676802, "start_date": "1897-12-08", "end_date": null, "license": "https://opendatacommons.org/licenses/odbl/1-0/", "source_license": "https://creativecommons.org/publicdomain/zero/1.0/", "source_license_basis": "OHM default CC0", "tags": {"electrified": "contact_line", "frequency": "0", "gauge": "1458", "highway": "service", "lit": "yes", "oneway": "yes", "railway": "tram", "source": "OSM Contributors", "start_date": "1897-12-08", "tram": "yes", "voltage": "600"}}}, {"type": "Feature", "id": "ohm/way/205161453", "geometry": {"type": "LineString", "coordinates": [[12.4019572, 51.32386549999999], [12.4018999, 51.323928599999995], [12.4018361, 51.32399879999999], [12.4018022, 51.32405789999999], [12.401784, 51.3241171], [12.401778200000003, 51.3241849], [12.4017824, 51.324237100000005], [12.4017874, 51.32428279999999], [12.401805800000002, 51.32434929999999], [12.401872300000003, 51.32447179999999], [12.401890499999999, 51.32450540000001], [12.401972900000002, 51.3246585], [12.4020587, 51.32481789999999], [12.402081700000002, 51.3248607]]}, "properties": {"source": "OpenHistoricalMap", "way_id": 205161453, "source_url": "https://www.openhistoricalmap.org/way/205161453", "name": null, "name_status": "unrecorded", "status": "historical_record; present-day removal unconfirmed", "railway": "tram", "length_km": 0.116791, "original_way_length_km": 0.116791, "start_date": "1902-06-12", "end_date": null, "license": "https://opendatacommons.org/licenses/odbl/1-0/", "source_license": "https://creativecommons.org/publicdomain/zero/1.0/", "source_license_basis": "OHM default CC0", "tags": {"electrified": "contact_line", "frequency": "0", "gauge": "1458", "railway": "tram", "source": "OSM Contributors", "start_date": "1902-06-12", "voltage": "600"}}}, {"type": "Feature", "id": "ohm/way/205161454", "geometry": {"type": "LineString", "coordinates": [[12.4020619, 51.32490679999999], [12.4020271, 51.32484349999999], [12.401963900000002, 51.3247288], [12.4019542, 51.3247111], [12.4018473, 51.3245156], [12.401828200000002, 51.32448089999998], [12.4017751, 51.3243843], [12.4017588, 51.3243425], [12.4017497, 51.3243192], [12.401739, 51.32428449999999], [12.4017238, 51.324188199999995]]}, "properties": {"source": "OpenHistoricalMap", "way_id": 205161454, "source_url": "https://www.openhistoricalmap.org/way/205161454", "name": null, "name_status": "unrecorded", "status": "historical_record; present-day removal unconfirmed", "railway": "tram", "length_km": 0.083626, "original_way_length_km": 0.083626, "start_date": "1902-06-12", "end_date": null, "license": "https://opendatacommons.org/licenses/odbl/1-0/", "source_license": "https://creativecommons.org/publicdomain/zero/1.0/", "source_license_basis": "OHM default CC0", "tags": {"electrified": "contact_line", "frequency": "0", "gauge": "1458", "railway": "tram", "source": "OSM Contributors", "start_date": "1902-06-12", "voltage": "600"}}}, {"type": "Feature", "id": "ohm/way/205161455", "geometry": {"type": "LineString", "coordinates": [[12.402177200000002, 51.32511759999999], [12.4020619, 51.32490679999999]]}, "properties": {"source": "OpenHistoricalMap", "way_id": 205161455, "source_url": "https://www.openhistoricalmap.org/way/205161455", "name": null, "name_status": "unrecorded", "status": "historical_record; present-day removal unconfirmed", "railway": "tram", "length_km": 0.024791, "original_way_length_km": 0.024791, "start_date": "1897-12-08", "end_date": null, "license": "https://opendatacommons.org/licenses/odbl/1-0/", "source_license": "https://creativecommons.org/publicdomain/zero/1.0/", "source_license_basis": "OHM default CC0", "tags": {"electrified": "contact_line", "frequency": "0", "gauge": "1458", "railway": "tram", "source": "OSM Contributors", "start_date": "1897-12-08", "voltage": "600"}}}, {"type": "Feature", "id": "ohm/way/205161456", "geometry": {"type": "LineString", "coordinates": [[12.402081700000002, 51.3248607], [12.402100600000002, 51.3248953], [12.402135400000002, 51.32495929999999], [12.4022309, 51.325135], [12.4023923, 51.325431699999996], [12.4024691, 51.325588], [12.4025335, 51.3257493], [12.402602000000002, 51.32588760000001], [12.4030698, 51.3267384], [12.4030923, 51.326779300000005]]}, "properties": {"source": "OpenHistoricalMap", "way_id": 205161456, "source_url": "https://www.openhistoricalmap.org/way/205161456", "name": null, "name_status": "unrecorded", "status": "historical_record; present-day removal unconfirmed", "railway": "tram", "length_km": 0.224845, "original_way_length_km": 0.224845, "start_date": "1902-06-12", "end_date": null, "license": "https://opendatacommons.org/licenses/odbl/1-0/", "source_license": "https://creativecommons.org/publicdomain/zero/1.0/", "source_license_basis": "OHM default CC0", "tags": {"electrified": "contact_line", "frequency": "0", "gauge": "1458", "railway": "tram", "source": "OSM Contributors", "start_date": "1902-06-12", "voltage": "600"}}}, {"type": "Feature", "id": "ohm/way/205161457", "geometry": {"type": "LineString", "coordinates": [[12.403089200000002, 51.326859099999986], [12.4025871, 51.325936399999996], [12.4025643, 51.3258945], [12.402493600000001, 51.325757499999995], [12.4024269, 51.325594900000006], [12.402350100000001, 51.32543989999999], [12.4023344, 51.32541059999999], [12.402177200000002, 51.32511759999999]]}, "properties": {"source": "OpenHistoricalMap", "way_id": 205161457, "source_url": "https://www.openhistoricalmap.org/way/205161457", "name": null, "name_status": "unrecorded", "status": "historical_record; present-day removal unconfirmed", "railway": "tram", "length_km": 0.203963, "original_way_length_km": 0.203963, "start_date": "1902-06-12", "end_date": null, "license": "https://opendatacommons.org/licenses/odbl/1-0/", "source_license": "https://creativecommons.org/publicdomain/zero/1.0/", "source_license_basis": "OHM default CC0", "tags": {"electrified": "contact_line", "frequency": "0", "gauge": "1458", "railway": "tram", "source": "OSM Contributors", "start_date": "1902-06-12", "voltage": "600"}}}, {"type": "Feature", "id": "ohm/way/205161458", "geometry": {"type": "LineString", "coordinates": [[12.411554500000001, 51.324969599999996], [12.411509100000002, 51.32498189999999], [12.410893600000001, 51.325142199999995], [12.410503100000001, 51.3252449], [12.4098364, 51.325381199999995], [12.4086036, 51.3256926], [12.4074287, 51.3259893], [12.405890800000002, 51.326376999999994], [12.405760200000001, 51.326410899999985], [12.405307700000002, 51.32652160000001], [12.4045375, 51.32671010000001]]}, "properties": {"source": "OpenHistoricalMap", "way_id": 205161458, "source_url": "https://www.openhistoricalmap.org/way/205161458", "name": null, "name_status": "unrecorded", "status": "historical_record; present-day removal unconfirmed", "railway": "tram", "length_km": 0.526169, "original_way_length_km": 0.526169, "start_date": "1897-12-08", "end_date": null, "license": "https://opendatacommons.org/licenses/odbl/1-0/", "source_license": "https://creativecommons.org/publicdomain/zero/1.0/", "source_license_basis": "OHM default CC0", "tags": {"electrified": "contact_line", "frequency": "0", "gauge": "1458", "railway": "tram", "source": "OSM Contributors", "start_date": "1897-12-08", "voltage": "600"}}}, {"type": "Feature", "id": "ohm/way/205161459", "geometry": {"type": "LineString", "coordinates": [[12.4036277, 51.3269026], [12.404419200000001, 51.326705999999994], [12.4045225, 51.32668], [12.404708700000002, 51.3266341], [12.4049501, 51.326560799999996], [12.4070167, 51.32604260000001], [12.407395, 51.3259478], [12.4088308, 51.32558660000001], [12.4093139, 51.3254651], [12.409711800000002, 51.325364699999994], [12.4098139, 51.32533889999999], [12.4102337, 51.325248699999996], [12.4104732, 51.32519729999999], [12.4108278, 51.3251211], [12.411477200000002, 51.32494839999999], [12.4115277, 51.324934299999995]]}, "properties": {"source": "OpenHistoricalMap", "way_id": 205161459, "source_url": "https://www.openhistoricalmap.org/way/205161459", "name": null, "name_status": "unrecorded", "status": "historical_record; present-day removal unconfirmed", "railway": "tram", "length_km": 0.592765, "original_way_length_km": 0.592765, "start_date": "1897-12-08", "end_date": null, "license": "https://opendatacommons.org/licenses/odbl/1-0/", "source_license": "https://creativecommons.org/publicdomain/zero/1.0/", "source_license_basis": "OHM default CC0", "tags": {"electrified": "contact_line", "frequency": "0", "gauge": "1458", "oneway": "yes", "railway": "tram", "source": "OSM Contributors", "start_date": "1897-12-08", "voltage": "600"}}}, {"type": "Feature", "id": "ohm/way/205161460", "geometry": {"type": "LineString", "coordinates": [[12.4045375, 51.32671010000001], [12.4044367, 51.32673460000001], [12.4038415, 51.326880200000005], [12.4035543, 51.3269502]]}, "properties": {"source": "OpenHistoricalMap", "way_id": 205161460, "source_url": "https://www.openhistoricalmap.org/way/205161460", "name": null, "name_status": "unrecorded", "status": "historical_record; present-day removal unconfirmed", "railway": "tram", "length_km": 0.073554, "original_way_length_km": 0.073554, "start_date": "1897-12-08", "end_date": null, "license": "https://opendatacommons.org/licenses/odbl/1-0/", "source_license": "https://creativecommons.org/publicdomain/zero/1.0/", "source_license_basis": "OHM default CC0", "tags": {"electrified": "contact_line", "frequency": "0", "gauge": "1458", "railway": "tram", "source": "OSM Contributors", "start_date": "1897-12-08", "voltage": "600"}}}, {"type": "Feature", "id": "ohm/way/205161461", "geometry": {"type": "LineString", "coordinates": [[12.4063254, 51.33808560000001], [12.4065747, 51.3380963], [12.406689800000002, 51.33810129999999], [12.406711100000003, 51.338101499999986], [12.4068457, 51.3381019], [12.4069309, 51.3380966], [12.4070394, 51.33808940000001], [12.4071749, 51.3380686], [12.407194400000002, 51.3380634], [12.407498600000002, 51.3379831], [12.407654400000002, 51.33792739999999], [12.4077939, 51.3378636], [12.4079291, 51.337785499999995], [12.4080223, 51.33771899999999], [12.408112, 51.3376481], [12.4081985, 51.3375667], [12.408282900000001, 51.33746899999999], [12.4083484, 51.3373562], [12.4083836, 51.33725789999999], [12.4084201, 51.33709150000001], [12.4084339, 51.3369498], [12.4084333, 51.33675649999999], [12.4084081, 51.3365723], [12.408374900000002, 51.33644349999999], [12.4083509, 51.336363299999995], [12.408306600000001, 51.33625319999999], [12.4081331, 51.3358925]]}, "properties": {"source": "OpenHistoricalMap", "way_id": 205161461, "source_url": "https://www.openhistoricalmap.org/way/205161461", "name": null, "name_status": "unrecorded", "status": "historical_record; present-day removal unconfirmed", "railway": "tram", "length_km": 0.343846, "original_way_length_km": 0.343846, "start_date": "1888-08-19", "end_date": null, "license": "https://opendatacommons.org/licenses/odbl/1-0/", "source_license": "https://creativecommons.org/publicdomain/zero/1.0/", "source_license_basis": "OHM default CC0", "tags": {"electrified": "contact_line", "frequency": "0", "gauge": "1458", "oneway": "yes", "railway": "tram", "source": "OSM Contributors", "start_date": "1888-08-19", "tram": "yes", "voltage": "600"}}}, {"type": "Feature", "id": "ohm/way/205161462", "geometry": {"type": "LineString", "coordinates": [[12.4081785, 51.3358819], [12.408355700000001, 51.3362461], [12.4083988, 51.33635509999999], [12.408424, 51.33643709999999], [12.4084547, 51.3365686], [12.408479300000002, 51.336754899999995], [12.4084784, 51.336950900000005], [12.4084659, 51.337095], [12.408429400000001, 51.33726359999999], [12.4083971, 51.33736429999998], [12.408324100000002, 51.33748669999999], [12.4082362, 51.337583], [12.4081477, 51.33766500000001], [12.4080612, 51.33773949999999], [12.4079667, 51.337805299999985], [12.407822, 51.3378875], [12.407678000000002, 51.33795009999999], [12.4075204, 51.3380081], [12.407297500000002, 51.33806750000001], [12.407209500000002, 51.33808499999999], [12.4070482, 51.338116400000004], [12.406886, 51.338128], [12.4067932, 51.3381302], [12.4067245, 51.338127699999994], [12.4066875, 51.33812639999999], [12.4065717, 51.33812210000001], [12.4065676, 51.3381218], [12.4062999, 51.338106599999996]]}, "properties": {"source": "OpenHistoricalMap", "way_id": 205161462, "source_url": "https://www.openhistoricalmap.org/way/205161462", "name": null, "name_status": "unrecorded", "status": "historical_record; present-day removal unconfirmed", "railway": "tram", "length_km": 0.351909, "original_way_length_km": 0.351909, "start_date": "1888-08-19", "end_date": null, "license": "https://opendatacommons.org/licenses/odbl/1-0/", "source_license": "https://creativecommons.org/publicdomain/zero/1.0/", "source_license_basis": "OHM default CC0", "tags": {"electrified": "contact_line", "frequency": "0", "gauge": "1458", "oneway": "yes", "railway": "tram", "source": "OSM Contributors", "start_date": "1888-08-19", "tram": "yes", "voltage": "600"}}}, {"type": "Feature", "id": "ohm/way/205161463", "geometry": {"type": "LineString", "coordinates": [[12.406696400000001, 51.33338419999999], [12.407775100000002, 51.3353201], [12.4078808, 51.3355065], [12.4079881, 51.3356442], [12.4080163, 51.335680399999994], [12.4081056, 51.335795000000005], [12.4081785, 51.3358819]]}, "properties": {"source": "OpenHistoricalMap", "way_id": 205161463, "source_url": "https://www.openhistoricalmap.org/way/205161463", "name": null, "name_status": "unrecorded", "status": "historical_record; present-day removal unconfirmed", "railway": "tram", "length_km": 0.296766, "original_way_length_km": 0.296766, "start_date": "1897-12-08", "end_date": null, "license": "https://opendatacommons.org/licenses/odbl/1-0/", "source_license": "https://creativecommons.org/publicdomain/zero/1.0/", "source_license_basis": "OHM default CC0", "tags": {"electrified": "contact_line", "frequency": "0", "gauge": "1458", "oneway": "yes", "railway": "tram", "source": "OSM Contributors", "start_date": "1897-12-08", "tram": "yes", "voltage": "600"}}}, {"type": "Feature", "id": "ohm/way/205161464", "geometry": {"type": "LineString", "coordinates": [[12.4081331, 51.3358925], [12.408064, 51.335802599999994], [12.4079782, 51.3356929], [12.4079483, 51.3356549], [12.4078409, 51.3355176], [12.4066632, 51.33339019999999]]}, "properties": {"source": "OpenHistoricalMap", "way_id": 205161464, "source_url": "https://www.openhistoricalmap.org/way/205161464", "name": null, "name_status": "unrecorded", "status": "historical_record; present-day removal unconfirmed", "railway": "tram", "length_km": 0.296925, "original_way_length_km": 0.296925, "start_date": "1897-12-08", "end_date": null, "license": "https://opendatacommons.org/licenses/odbl/1-0/", "source_license": "https://creativecommons.org/publicdomain/zero/1.0/", "source_license_basis": "OHM default CC0", "tags": {"electrified": "contact_line", "frequency": "0", "gauge": "1458", "oneway": "yes", "railway": "tram", "source": "OSM Contributors", "start_date": "1897-12-08", "tram": "yes", "voltage": "600"}}}, {"type": "Feature", "id": "ohm/way/205161465", "geometry": {"type": "LineString", "coordinates": [[12.406560600000002, 51.33314289999999], [12.406696400000001, 51.33338419999999]]}, "properties": {"source": "OpenHistoricalMap", "way_id": 205161465, "source_url": "https://www.openhistoricalmap.org/way/205161465", "name": null, "name_status": "unrecorded", "status": "historical_record; present-day removal unconfirmed", "railway": "tram", "length_km": 0.028465, "original_way_length_km": 0.028465, "start_date": "1897-12-08", "end_date": null, "license": "https://opendatacommons.org/licenses/odbl/1-0/", "source_license": "https://creativecommons.org/publicdomain/zero/1.0/", "source_license_basis": "OHM default CC0", "tags": {"bridge": "yes", "electrified": "contact_line", "frequency": "0", "gauge": "1458", "layer": "1", "railway": "tram", "source": "OSM Contributors", "start_date": "1897-12-08", "voltage": "600"}}}, {"type": "Feature", "id": "ohm/way/205161466", "geometry": {"type": "LineString", "coordinates": [[12.4066632, 51.33339019999999], [12.4065276, 51.33314940000001]]}, "properties": {"source": "OpenHistoricalMap", "way_id": 205161466, "source_url": "https://www.openhistoricalmap.org/way/205161466", "name": null, "name_status": "unrecorded", "status": "historical_record; present-day removal unconfirmed", "railway": "tram", "length_km": 0.028408, "original_way_length_km": 0.028408, "start_date": "1897-12-08", "end_date": null, "license": "https://opendatacommons.org/licenses/odbl/1-0/", "source_license": "https://creativecommons.org/publicdomain/zero/1.0/", "source_license_basis": "OHM default CC0", "tags": {"bridge": "yes", "electrified": "contact_line", "frequency": "0", "gauge": "1458", "layer": "1", "railway": "tram", "source": "OSM Contributors", "start_date": "1897-12-08", "voltage": "600"}}}, {"type": "Feature", "id": "ohm/way/205161467", "geometry": {"type": "LineString", "coordinates": [[12.4033469, 51.32740290000001], [12.4032564, 51.3272463]]}, "properties": {"source": "OpenHistoricalMap", "way_id": 205161467, "source_url": "https://www.openhistoricalmap.org/way/205161467", "name": null, "name_status": "unrecorded", "status": "historical_record; present-day removal unconfirmed", "railway": "tram", "length_km": 0.018529, "original_way_length_km": 0.018529, "start_date": "1897-12-08", "end_date": null, "license": "https://opendatacommons.org/licenses/odbl/1-0/", "source_license": "https://creativecommons.org/publicdomain/zero/1.0/", "source_license_basis": "OHM default CC0", "tags": {"electrified": "contact_line", "frequency": "0", "gauge": "1458", "railway": "tram", "source": "OSM Contributors", "start_date": "1897-12-08", "voltage": "600"}}}, {"type": "Feature", "id": "ohm/way/205161468", "geometry": {"type": "LineString", "coordinates": [[12.4030923, 51.326779300000005], [12.4031744, 51.3269365], [12.4031969, 51.326987], [12.4032221, 51.3270527], [12.403240300000002, 51.327106799999996], [12.4032523, 51.32713879999999], [12.4032908, 51.3272345], [12.4033246, 51.32729040000001]]}, "properties": {"source": "OpenHistoricalMap", "way_id": 205161468, "source_url": "https://www.openhistoricalmap.org/way/205161468", "name": null, "name_status": "unrecorded", "status": "historical_record; present-day removal unconfirmed", "railway": "tram", "length_km": 0.059191, "original_way_length_km": 0.059191, "start_date": "1902-06-12", "end_date": null, "license": "https://opendatacommons.org/licenses/odbl/1-0/", "source_license": "https://creativecommons.org/publicdomain/zero/1.0/", "source_license_basis": "OHM default CC0", "tags": {"electrified": "contact_line", "frequency": "0", "gauge": "1458", "railway": "tram", "source": "OSM Contributors", "start_date": "1902-06-12", "voltage": "600"}}}, {"type": "Feature", "id": "ohm/way/205161469", "geometry": {"type": "LineString", "coordinates": [[12.4032564, 51.3272463], [12.403223, 51.3271801], [12.4032008, 51.32711389999999], [12.4031891, 51.32708709999999], [12.403156, 51.3270117], [12.403089200000002, 51.326859099999986]]}, "properties": {"source": "OpenHistoricalMap", "way_id": 205161469, "source_url": "https://www.openhistoricalmap.org/way/205161469", "name": null, "name_status": "unrecorded", "status": "historical_record; present-day removal unconfirmed", "railway": "tram", "length_km": 0.044646, "original_way_length_km": 0.044646, "start_date": "1902-06-12", "end_date": null, "license": "https://opendatacommons.org/licenses/odbl/1-0/", "source_license": "https://creativecommons.org/publicdomain/zero/1.0/", "source_license_basis": "OHM default CC0", "tags": {"electrified": "contact_line", "frequency": "0", "gauge": "1458", "railway": "tram", "source": "OSM Contributors", "start_date": "1902-06-12", "voltage": "600"}}}, {"type": "Feature", "id": "ohm/way/205161470", "geometry": {"type": "LineString", "coordinates": [[12.4035543, 51.3269502], [12.4035476, 51.32695300000001], [12.403478200000002, 51.326982], [12.403395700000003, 51.32702079999999], [12.4033208, 51.3270865], [12.4033071, 51.32711859999999], [12.403296500000002, 51.327150499999995], [12.403294600000002, 51.3272025], [12.4033246, 51.32729040000001]]}, "properties": {"source": "OpenHistoricalMap", "way_id": 205161470, "source_url": "https://www.openhistoricalmap.org/way/205161470", "name": null, "name_status": "unrecorded", "status": "historical_record; present-day removal unconfirmed", "railway": "tram", "length_km": 0.045658, "original_way_length_km": 0.045658, "start_date": "1897-12-08", "end_date": null, "license": "https://opendatacommons.org/licenses/odbl/1-0/", "source_license": "https://creativecommons.org/publicdomain/zero/1.0/", "source_license_basis": "OHM default CC0", "tags": {"electrified": "contact_line", "frequency": "0", "gauge": "1458", "railway": "tram", "source": "OSM Contributors", "start_date": "1897-12-08", "voltage": "600"}}}, {"type": "Feature", "id": "ohm/way/205161471", "geometry": {"type": "LineString", "coordinates": [[12.4032564, 51.3272463], [12.403247700000001, 51.32719569999999], [12.403244500000001, 51.32716509999999], [12.4032523, 51.32713879999999], [12.4032671, 51.32710019999998], [12.4032883, 51.32706249999999], [12.403337100000002, 51.32701709999999], [12.403394, 51.3269803], [12.4034826, 51.32694469999999], [12.4035344, 51.32692939999998], [12.4036277, 51.3269026]]}, "properties": {"source": "OpenHistoricalMap", "way_id": 205161471, "source_url": "https://www.openhistoricalmap.org/way/205161471", "name": null, "name_status": "unrecorded", "status": "historical_record; present-day removal unconfirmed", "railway": "tram", "length_km": 0.051186, "original_way_length_km": 0.051186, "start_date": "1897-12-08", "end_date": null, "license": "https://opendatacommons.org/licenses/odbl/1-0/", "source_license": "https://creativecommons.org/publicdomain/zero/1.0/", "source_license_basis": "OHM default CC0", "tags": {"electrified": "contact_line", "frequency": "0", "gauge": "1458", "oneway": "yes", "railway": "tram", "source": "OSM Contributors", "start_date": "1897-12-08", "voltage": "600"}}}, {"type": "Feature", "id": "ohm/way/205161535", "geometry": {"type": "LineString", "coordinates": [[12.3881149, 51.33808899999998], [12.388206600000002, 51.33798190000001], [12.3897492, 51.3378328], [12.3904294, 51.3376692], [12.3912625, 51.3374304], [12.392056600000002, 51.337188299999994], [12.393058, 51.3369804], [12.394282600000002, 51.336814], [12.3944232, 51.3367976], [12.3976452, 51.33649630000001], [12.3987382, 51.3363896], [12.3996533, 51.3362975], [12.4005739, 51.33621680000001], [12.40213, 51.3361064], [12.4031196, 51.3361202], [12.404486700000001, 51.336072900000005], [12.4059615, 51.33594659999999], [12.4079483, 51.3356549]]}, "properties": {"source": "OpenHistoricalMap", "way_id": 205161535, "source_url": "https://www.openhistoricalmap.org/way/205161535", "name": "Täubchenweg", "name_status": "recorded", "status": "historical_record; present-day removal unconfirmed", "railway": "abandoned", "length_km": 1.422236, "original_way_length_km": 1.422236, "start_date": "1889-09-15", "end_date": null, "license": "https://opendatacommons.org/licenses/odbl/1-0/", "source_license": "https://creativecommons.org/publicdomain/zero/1.0/", "source_license_basis": "OHM default CC0", "tags": {"highway": "secondary", "lit": "yes", "name": "Täubchenweg", "name:ja": "トイブヒェン通り", "note": "Straßenbahnstrecke bis 1998", "old_ref": "K 6520", "railway": "abandoned", "razed:railway": "tram", "source": "simplified OSM", "start_date": "1889-09-15"}}}, {"type": "Feature", "id": "ohm/way/205262209", "geometry": {"type": "LineString", "coordinates": [[12.4058686, 51.3503921], [12.4058594, 51.3504795], [12.4058716, 51.3506133], [12.4059474, 51.3507056], [12.406044, 51.3507612], [12.407187400000002, 51.35113389999999], [12.407345100000002, 51.3511838], [12.4074751, 51.35122429999999], [12.4076602, 51.35129109999999], [12.407976, 51.35146159999999], [12.4080292, 51.35149530000001], [12.409881800000003, 51.3526832], [12.4111316, 51.3534842], [12.4116531, 51.3538192], [12.4121803, 51.35415569999999], [12.412470100000002, 51.354341399999996], [12.4146245, 51.35569569999999], [12.4149196, 51.3558146], [12.4156947, 51.3563155]]}, "properties": {"source": "OpenHistoricalMap", "way_id": 205262209, "source_url": "https://www.openhistoricalmap.org/way/205262209", "name": null, "name_status": "unrecorded", "status": "historical_record; present-day removal unconfirmed", "railway": "tram", "length_km": 0.964164, "original_way_length_km": 0.964164, "start_date": "1898-08-20", "end_date": null, "license": "https://opendatacommons.org/licenses/odbl/1-0/", "source_license": "https://creativecommons.org/publicdomain/zero/1.0/", "source_license_basis": "OHM default CC0", "tags": {"electrified": "contact_line", "frequency": "0", "gauge": "1458", "highway": "service", "oneway": "yes", "railway": "tram", "source": "OSM Contributors", "start_date": "1898-08-20", "voltage": "600"}}}, {"type": "Feature", "id": "ohm/way/205262210", "geometry": {"type": "LineString", "coordinates": [[12.415160000000002, 51.3560301], [12.4149638, 51.3559042], [12.414908900000002, 51.355868199999996], [12.4144451, 51.35563520000001], [12.4144308, 51.35562699999998], [12.414260300000002, 51.35552139999999], [12.4121574, 51.354172199999994], [12.412013000000002, 51.354080499999995], [12.4116168, 51.353827], [12.411264600000003, 51.353600499999985], [12.410105, 51.35285850000001], [12.4086701, 51.351940299999995], [12.4080573, 51.35154599999999], [12.407940800000002, 51.35147359999999], [12.4078128, 51.35140169999999], [12.4077708, 51.35137989999999], [12.407557500000001, 51.3512982], [12.407289700000002, 51.351211599999985], [12.4068841, 51.3510812], [12.406357, 51.3509083], [12.4059794, 51.3507757], [12.4059403, 51.350757], [12.4058621, 51.350698], [12.4058161, 51.350638700000005], [12.4057921, 51.3505272], [12.4058054, 51.35039439999999]]}, "properties": {"source": "OpenHistoricalMap", "way_id": 205262210, "source_url": "https://www.openhistoricalmap.org/way/205262210", "name": null, "name_status": "unrecorded", "status": "historical_record; present-day removal unconfirmed", "railway": "tram", "length_km": 0.918548, "original_way_length_km": 0.918548, "start_date": "1898-08-20", "end_date": null, "license": "https://opendatacommons.org/licenses/odbl/1-0/", "source_license": "https://creativecommons.org/publicdomain/zero/1.0/", "source_license_basis": "OHM default CC0", "tags": {"electrified": "contact_line", "frequency": "0", "gauge": "1458", "oneway": "yes", "railway": "tram", "source": "OSM Contributors", "start_date": "1898-08-20", "voltage": "600"}}}, {"type": "Feature", "id": "ohm/way/205262211", "geometry": {"type": "LineString", "coordinates": [[12.4022838, 51.36398979999999], [12.4021461, 51.36398839999999], [12.402112, 51.36398809999999], [12.401946, 51.3639835], [12.4018416, 51.36396460000001], [12.4017008, 51.36391], [12.401593900000002, 51.3638162]]}, "properties": {"source": "OpenHistoricalMap", "way_id": 205262211, "source_url": "https://www.openhistoricalmap.org/way/205262211", "name": null, "name_status": "unrecorded", "status": "historical_record; present-day removal unconfirmed", "railway": "tram", "length_km": 0.055463, "original_way_length_km": 0.055463, "start_date": "1896-05-20", "end_date": null, "license": "https://opendatacommons.org/licenses/odbl/1-0/", "source_license": "https://creativecommons.org/publicdomain/zero/1.0/", "source_license_basis": "OHM default CC0", "tags": {"electrified": "contact_line", "frequency": "0", "gauge": "1458", "oneway": "yes", "railway": "tram", "source": "OSM Contributors", "start_date": "1896-05-20", "voltage": "600"}}}, {"type": "Feature", "id": "ohm/way/205262212", "geometry": {"type": "LineString", "coordinates": [[12.401623200000001, 51.36378389999999], [12.4017498, 51.36388999999999], [12.401814600000002, 51.363919700000004], [12.402032, 51.36395790000001], [12.4022699, 51.36396089999999]]}, "properties": {"source": "OpenHistoricalMap", "way_id": 205262212, "source_url": "https://www.openhistoricalmap.org/way/205262212", "name": null, "name_status": "unrecorded", "status": "historical_record; present-day removal unconfirmed", "railway": "tram", "length_km": 0.052626, "original_way_length_km": 0.052626, "start_date": "1896-05-20", "end_date": null, "license": "https://opendatacommons.org/licenses/odbl/1-0/", "source_license": "https://creativecommons.org/publicdomain/zero/1.0/", "source_license_basis": "OHM default CC0", "tags": {"electrified": "contact_line", "frequency": "0", "gauge": "1458", "oneway": "yes", "railway": "tram", "source": "OSM Contributors", "start_date": "1896-05-20", "voltage": "600"}}}, {"type": "Feature", "id": "ohm/way/205262213", "geometry": {"type": "LineString", "coordinates": [[12.407118700000002, 51.361543399999995], [12.407096100000002, 51.361573299999996], [12.407006800000001, 51.36169649999999], [12.4068782, 51.3618751], [12.406775700000003, 51.36201669999999], [12.4064882, 51.3624091], [12.4064772, 51.36242409999999], [12.4064619, 51.3624451], [12.406454800000002, 51.362454899999996], [12.4063127, 51.36264419999999], [12.406121900000002, 51.362815999999995], [12.4061078, 51.3628271], [12.4060909, 51.36283759999999], [12.4057889, 51.363003000000006], [12.405402400000002, 51.363160799999996], [12.404979, 51.3633336], [12.404098900000001, 51.36368889999999], [12.403616800000002, 51.3638521], [12.4029567, 51.36395739999999], [12.4026478, 51.36398719999999], [12.4022838, 51.36398979999999]]}, "properties": {"source": "OpenHistoricalMap", "way_id": 205262213, "source_url": "https://www.openhistoricalmap.org/way/205262213", "name": null, "name_status": "unrecorded", "status": "historical_record; present-day removal unconfirmed", "railway": "tram", "length_km": 0.462202, "original_way_length_km": 0.462202, "start_date": "1896-05-20", "end_date": null, "license": "https://opendatacommons.org/licenses/odbl/1-0/", "source_license": "https://creativecommons.org/publicdomain/zero/1.0/", "source_license_basis": "OHM default CC0", "tags": {"electrified": "contact_line", "frequency": "0", "gauge": "1458", "oneway": "yes", "railway": "tram", "source": "OSM Contributors", "start_date": "1896-05-20", "voltage": "600"}}}, {"type": "Feature", "id": "ohm/way/205262214", "geometry": {"type": "LineString", "coordinates": [[12.4071675, 51.361478999999996], [12.407118700000002, 51.361543399999995]]}, "properties": {"source": "OpenHistoricalMap", "way_id": 205262214, "source_url": "https://www.openhistoricalmap.org/way/205262214", "name": null, "name_status": "unrecorded", "status": "historical_record; present-day removal unconfirmed", "railway": "tram", "length_km": 0.00793, "original_way_length_km": 0.00793, "start_date": "1896-05-20", "end_date": null, "license": "https://opendatacommons.org/licenses/odbl/1-0/", "source_license": "https://creativecommons.org/publicdomain/zero/1.0/", "source_license_basis": "OHM default CC0", "tags": {"electrified": "contact_line", "frequency": "0", "gauge": "1458", "oneway": "yes", "railway": "tram", "source": "OSM Contributors", "start_date": "1896-05-20", "voltage": "600"}}}, {"type": "Feature", "id": "ohm/way/205262215", "geometry": {"type": "LineString", "coordinates": [[12.4074311, 51.361110499999995], [12.4073812, 51.361180899999994], [12.4072061, 51.36142809999999], [12.4071675, 51.361478999999996]]}, "properties": {"source": "OpenHistoricalMap", "way_id": 205262215, "source_url": "https://www.openhistoricalmap.org/way/205262215", "name": null, "name_status": "unrecorded", "status": "historical_record; present-day removal unconfirmed", "railway": "tram", "length_km": 0.044923, "original_way_length_km": 0.044923, "start_date": "1896-05-20", "end_date": null, "license": "https://opendatacommons.org/licenses/odbl/1-0/", "source_license": "https://creativecommons.org/publicdomain/zero/1.0/", "source_license_basis": "OHM default CC0", "tags": {"electrified": "contact_line", "frequency": "0", "gauge": "1458", "oneway": "yes", "railway": "tram", "source": "OSM Contributors", "start_date": "1896-05-20", "voltage": "600"}}}, {"type": "Feature", "id": "ohm/way/205262216", "geometry": {"type": "LineString", "coordinates": [[12.4022699, 51.36396089999999], [12.402462, 51.3639615], [12.4028162, 51.36394829999998], [12.403443300000001, 51.36386439999998], [12.4038081, 51.363773], [12.4041803, 51.363630900000004], [12.4059237, 51.362908899999994], [12.4060765, 51.362813], [12.4062844, 51.3626317], [12.4066671, 51.3621095], [12.4069766, 51.3616864], [12.407245000000001, 51.3613141], [12.4073012, 51.36123469999999], [12.407396, 51.36110049999999]]}, "properties": {"source": "OpenHistoricalMap", "way_id": 205262216, "source_url": "https://www.openhistoricalmap.org/way/205262216", "name": null, "name_status": "unrecorded", "status": "historical_record; present-day removal unconfirmed", "railway": "tram", "length_km": 0.513097, "original_way_length_km": 0.513097, "start_date": "1896-05-20", "end_date": null, "license": "https://opendatacommons.org/licenses/odbl/1-0/", "source_license": "https://creativecommons.org/publicdomain/zero/1.0/", "source_license_basis": "OHM default CC0", "tags": {"electrified": "contact_line", "frequency": "0", "gauge": "1458", "oneway": "yes", "railway": "tram", "source": "OSM Contributors", "start_date": "1896-05-20", "voltage": "600"}}}, {"type": "Feature", "id": "ohm/way/205262217", "geometry": {"type": "LineString", "coordinates": [[12.4075174, 51.36099709999999], [12.4074311, 51.361110499999995]]}, "properties": {"source": "OpenHistoricalMap", "way_id": 205262217, "source_url": "https://www.openhistoricalmap.org/way/205262217", "name": null, "name_status": "unrecorded", "status": "historical_record; present-day removal unconfirmed", "railway": "tram", "length_km": 0.013975, "original_way_length_km": 0.013975, "start_date": "1896-05-20", "end_date": null, "license": "https://opendatacommons.org/licenses/odbl/1-0/", "source_license": "https://creativecommons.org/publicdomain/zero/1.0/", "source_license_basis": "OHM default CC0", "tags": {"bridge": "yes", "electrified": "contact_line", "frequency": "0", "gauge": "1458", "layer": "1", "oneway": "yes", "railway": "tram", "source": "OSM Contributors", "start_date": "1896-05-20", "voltage": "600"}}}, {"type": "Feature", "id": "ohm/way/205262218", "geometry": {"type": "LineString", "coordinates": [[12.407396, 51.36110049999999], [12.4074815, 51.36098690000001]]}, "properties": {"source": "OpenHistoricalMap", "way_id": 205262218, "source_url": "https://www.openhistoricalmap.org/way/205262218", "name": null, "name_status": "unrecorded", "status": "historical_record; present-day removal unconfirmed", "railway": "tram", "length_km": 0.013971, "original_way_length_km": 0.013971, "start_date": "1896-05-20", "end_date": null, "license": "https://opendatacommons.org/licenses/odbl/1-0/", "source_license": "https://creativecommons.org/publicdomain/zero/1.0/", "source_license_basis": "OHM default CC0", "tags": {"bridge": "yes", "electrified": "contact_line", "frequency": "0", "gauge": "1458", "layer": "1", "oneway": "yes", "railway": "tram", "source": "OSM Contributors", "start_date": "1896-05-20", "voltage": "600"}}}, {"type": "Feature", "id": "ohm/way/205262219", "geometry": {"type": "LineString", "coordinates": [[12.4156947, 51.3563155], [12.4160287, 51.35653359999999], [12.4161266, 51.35662659999999], [12.4162868, 51.35684390000001], [12.417529, 51.358482], [12.4175563, 51.358535200000006], [12.417601000000001, 51.3586941], [12.417626600000002, 51.35908959999999], [12.4176013, 51.3591717], [12.417532800000002, 51.3592388], [12.417355, 51.3593081], [12.4168993, 51.3593252], [12.416284300000001, 51.3593368], [12.4157798, 51.3593501], [12.4145252, 51.35944150000001], [12.413584400000001, 51.3595125], [12.4134197, 51.35952470000001], [12.412337400000002, 51.359610399999994], [12.4115423, 51.35966979999999], [12.4113742, 51.359682199999995], [12.4110127, 51.35970929999999], [12.410512500000001, 51.3597492], [12.4095386, 51.35983509999999], [12.4092098, 51.35988050000001], [12.4089469, 51.3599364], [12.408695, 51.36002359999999], [12.4084942, 51.3601208], [12.408176799999998, 51.36033489999999], [12.4078711, 51.360589499999996], [12.4075551, 51.3609496], [12.4075174, 51.36099709999999]]}, "properties": {"source": "OpenHistoricalMap", "way_id": 205262219, "source_url": "https://www.openhistoricalmap.org/way/205262219", "name": null, "name_status": "unrecorded", "status": "historical_record; present-day removal unconfirmed", "railway": "tram", "length_km": 1.123301, "original_way_length_km": 1.123301, "start_date": "1896-05-20", "end_date": null, "license": "https://opendatacommons.org/licenses/odbl/1-0/", "source_license": "https://creativecommons.org/publicdomain/zero/1.0/", "source_license_basis": "OHM default CC0", "tags": {"electrified": "contact_line", "frequency": "0", "gauge": "1458", "oneway": "yes", "railway": "tram", "source": "OSM Contributors", "start_date": "1896-05-20", "voltage": "600"}}}, {"type": "Feature", "id": "ohm/way/205262220", "geometry": {"type": "LineString", "coordinates": [[12.4074815, 51.36098690000001], [12.4075064, 51.36095449999999], [12.4075143, 51.360944200000006], [12.407519300000002, 51.360937699999994], [12.4075312, 51.3609221], [12.4077215, 51.3606948], [12.407971499999999, 51.3604558], [12.4083148, 51.360198700000005], [12.4084695, 51.36010129999998], [12.408678000000002, 51.36000069999999], [12.409034800000002, 51.35988749999999], [12.409387700000002, 51.35982359999999], [12.4098158, 51.35977390000001], [12.410661600000001, 51.3597055], [12.410872900000001, 51.3596881], [12.4125681, 51.3595615], [12.4132935, 51.35950819999999], [12.413580100000003, 51.359487399999985], [12.413806500000002, 51.3594703], [12.4146274, 51.35940349999999], [12.415461600000002, 51.359332699999996], [12.4158138, 51.359312499999994], [12.4172231, 51.3592878], [12.417344600000002, 51.359272199999985], [12.4174409, 51.35923929999999], [12.417532800000002, 51.35917259999999], [12.417580700000002, 51.3590785], [12.4175593, 51.358714099999986], [12.4175124, 51.358551199999994], [12.4174812, 51.35849009999999], [12.4172179, 51.3581426], [12.416176800000002, 51.35676449999998], [12.416151100000002, 51.3567411], [12.416043400000001, 51.356621999999994], [12.4159281, 51.3565248], [12.415160000000002, 51.3560301]]}, "properties": {"source": "OpenHistoricalMap", "way_id": 205262220, "source_url": "https://www.openhistoricalmap.org/way/205262220", "name": null, "name_status": "unrecorded", "status": "historical_record; present-day removal unconfirmed", "railway": "tram", "length_km": 1.166359, "original_way_length_km": 1.166359, "start_date": "1896-05-20", "end_date": null, "license": "https://opendatacommons.org/licenses/odbl/1-0/", "source_license": "https://creativecommons.org/publicdomain/zero/1.0/", "source_license_basis": "OHM default CC0", "tags": {"electrified": "contact_line", "frequency": "0", "gauge": "1458", "oneway": "yes", "railway": "tram", "source": "OSM Contributors", "start_date": "1896-05-20", "voltage": "600"}}}, {"type": "Feature", "id": "ohm/way/205262221", "geometry": {"type": "LineString", "coordinates": [[12.405990600000003, 51.349143899999994], [12.406011000000001, 51.3490353], [12.4060549, 51.348771], [12.406122700000001, 51.3481104], [12.4061528, 51.3477815], [12.406145800000001, 51.34748139999999], [12.406077000000002, 51.34686579999999], [12.405998100000001, 51.34627259999999], [12.4059221, 51.34572539999999], [12.4059145, 51.3456703], [12.4059107, 51.34566259999999], [12.4058336, 51.34558789999999], [12.405702, 51.34555910000001]]}, "properties": {"source": "OpenHistoricalMap", "way_id": 205262221, "source_url": "https://www.openhistoricalmap.org/way/205262221", "name": null, "name_status": "unrecorded", "status": "historical_record; present-day removal unconfirmed", "railway": "tram", "length_km": 0.408066, "original_way_length_km": 0.408066, "start_date": "1898", "end_date": null, "license": "https://opendatacommons.org/licenses/odbl/1-0/", "source_license": "https://creativecommons.org/publicdomain/zero/1.0/", "source_license_basis": "OHM default CC0", "tags": {"electrified": "contact_line", "frequency": "0", "gauge": "1458", "oneway": "yes", "railway": "tram", "source": "OSM Contributors", "start_date": "1898", "voltage": "600"}}}, {"type": "Feature", "id": "ohm/way/205262222", "geometry": {"type": "LineString", "coordinates": [[12.405662700000002, 51.34552359999999], [12.4056911, 51.3455255], [12.405741600000002, 51.34552889999999], [12.4057783, 51.34553609999999], [12.4058365, 51.34555249999999], [12.405949000000001, 51.345624199999996], [12.405974, 51.3456607], [12.4060644, 51.3462689], [12.406143000000002, 51.34686219999999], [12.406181300000002, 51.347239699999996], [12.4062044, 51.3474863], [12.4062072, 51.347704500000006], [12.4061678, 51.348177299999996], [12.406105600000002, 51.34877969999999], [12.406103100000001, 51.348797499999996], [12.406056200000002, 51.34914129999999]]}, "properties": {"source": "OpenHistoricalMap", "way_id": 205262222, "source_url": "https://www.openhistoricalmap.org/way/205262222", "name": null, "name_status": "unrecorded", "status": "historical_record; present-day removal unconfirmed", "railway": "tram", "length_km": 0.416502, "original_way_length_km": 0.416502, "start_date": "1898", "end_date": null, "license": "https://opendatacommons.org/licenses/odbl/1-0/", "source_license": "https://creativecommons.org/publicdomain/zero/1.0/", "source_license_basis": "OHM default CC0", "tags": {"electrified": "contact_line", "frequency": "0", "gauge": "1458", "highway": "service", "oneway": "yes", "railway": "tram", "source": "OSM Contributors", "start_date": "1898", "voltage": "600"}}}, {"type": "Feature", "id": "ohm/way/205262223", "geometry": {"type": "LineString", "coordinates": [[12.406056200000002, 51.34914129999999], [12.4058686, 51.3503921]]}, "properties": {"source": "OpenHistoricalMap", "way_id": 205262223, "source_url": "https://www.openhistoricalmap.org/way/205262223", "name": null, "name_status": "unrecorded", "status": "historical_record; present-day removal unconfirmed", "railway": "tram", "length_km": 0.13977, "original_way_length_km": 0.13977, "start_date": "1898", "end_date": null, "license": "https://opendatacommons.org/licenses/odbl/1-0/", "source_license": "https://creativecommons.org/publicdomain/zero/1.0/", "source_license_basis": "OHM default CC0", "tags": {"bridge": "yes", "electrified": "contact_line", "frequency": "0", "gauge": "1458", "layer": "1", "oneway": "yes", "railway": "tram", "source": "OSM Contributors", "start_date": "1898", "voltage": "600"}}}, {"type": "Feature", "id": "ohm/way/205262224", "geometry": {"type": "LineString", "coordinates": [[12.4058054, 51.35039439999999], [12.405990600000003, 51.349143899999994]]}, "properties": {"source": "OpenHistoricalMap", "way_id": 205262224, "source_url": "https://www.openhistoricalmap.org/way/205262224", "name": null, "name_status": "unrecorded", "status": "historical_record; present-day removal unconfirmed", "railway": "tram", "length_km": 0.139721, "original_way_length_km": 0.139721, "start_date": "1898", "end_date": null, "license": "https://opendatacommons.org/licenses/odbl/1-0/", "source_license": "https://creativecommons.org/publicdomain/zero/1.0/", "source_license_basis": "OHM default CC0", "tags": {"bridge": "yes", "electrified": "contact_line", "frequency": "0", "gauge": "1458", "layer": "1", "oneway": "yes", "railway": "tram", "source": "OSM Contributors", "start_date": "1898", "voltage": "600"}}}, {"type": "Feature", "id": "ohm/way/205262226", "geometry": {"type": "LineString", "coordinates": [[12.4116986, 51.37403840000001], [12.4117934, 51.3741345], [12.4118484, 51.37418949999999], [12.4123002, 51.37464370000001], [12.4123352, 51.37466979999999], [12.4123946, 51.3747099], [12.4124388, 51.374736], [12.4126074, 51.3748016], [12.4131796, 51.374936], [12.4133233, 51.37497029999999], [12.4133608, 51.374977999999984], [12.4136902, 51.3750238], [12.413741400000001, 51.3750248], [12.416140100000002, 51.3753514], [12.4188041, 51.3757625], [12.4191671, 51.37581899999999], [12.419679, 51.3759066], [12.4198273, 51.3759549], [12.420116200000002, 51.3761041], [12.4202383, 51.37621380000001], [12.420503, 51.37659359999999], [12.4208231, 51.377075700000006], [12.4212105, 51.37766349999999], [12.421413500000002, 51.37796850000001]]}, "properties": {"source": "OpenHistoricalMap", "way_id": 205262226, "source_url": "https://www.openhistoricalmap.org/way/205262226", "name": null, "name_status": "unrecorded", "status": "historical_record; present-day removal unconfirmed", "railway": "tram", "length_km": 0.879563, "original_way_length_km": 0.879563, "start_date": "1896-05-20", "end_date": null, "license": "https://opendatacommons.org/licenses/odbl/1-0/", "source_license": "https://creativecommons.org/publicdomain/zero/1.0/", "source_license_basis": "OHM default CC0", "tags": {"electrified": "contact_line", "frequency": "0", "gauge": "1458", "oneway": "yes", "railway": "tram", "source": "OSM Contributors", "start_date": "1896-05-20", "voltage": "600"}}}, {"type": "Feature", "id": "ohm/way/205262227", "geometry": {"type": "LineString", "coordinates": [[12.421413500000002, 51.37796850000001], [12.4212736, 51.377818500000004], [12.4207881, 51.37708320000001], [12.420310400000002, 51.37636129999999], [12.4202047, 51.376221599999994], [12.4200904, 51.376119899999985], [12.419810500000002, 51.3759737], [12.4196625, 51.3759277], [12.418985600000001, 51.37581389999999], [12.4183449, 51.3757153], [12.4161362, 51.3753754], [12.414682800000001, 51.37517919999999], [12.4138971, 51.375069100000005], [12.413657100000002, 51.37504309999999], [12.413306700000001, 51.37499979999999], [12.41321, 51.374978399999996], [12.4127538, 51.374872499999995], [12.4126108, 51.3748411], [12.412577000000002, 51.374832299999994], [12.4124333, 51.374778299999996], [12.4123743, 51.3747429], [12.412342200000001, 51.3747221], [12.412305100000001, 51.37469219999999], [12.4123036, 51.3746908], [12.4120559, 51.374447399999994], [12.4119557, 51.374343599999996], [12.411810200000001, 51.374193899999995], [12.411655, 51.374042299999985]]}, "properties": {"source": "OpenHistoricalMap", "way_id": 205262227, "source_url": "https://www.openhistoricalmap.org/way/205262227", "name": null, "name_status": "unrecorded", "status": "historical_record; present-day removal unconfirmed", "railway": "tram", "length_km": 0.88145, "original_way_length_km": 0.88145, "start_date": "1896-05-20", "end_date": null, "license": "https://opendatacommons.org/licenses/odbl/1-0/", "source_license": "https://creativecommons.org/publicdomain/zero/1.0/", "source_license_basis": "OHM default CC0", "tags": {"electrified": "contact_line", "frequency": "0", "gauge": "1458", "oneway": "yes", "railway": "tram", "source": "OSM Contributors", "start_date": "1896-05-20", "voltage": "600"}}}, {"type": "Feature", "id": "ohm/way/205262228", "geometry": {"type": "LineString", "coordinates": [[12.4116032, 51.3739471], [12.4116986, 51.37403840000001]]}, "properties": {"source": "OpenHistoricalMap", "way_id": 205262228, "source_url": "https://www.openhistoricalmap.org/way/205262228", "name": null, "name_status": "unrecorded", "status": "historical_record; present-day removal unconfirmed", "railway": "tram", "length_km": 0.012137, "original_way_length_km": 0.012137, "start_date": "1896-05-20", "end_date": null, "license": "https://opendatacommons.org/licenses/odbl/1-0/", "source_license": "https://creativecommons.org/publicdomain/zero/1.0/", "source_license_basis": "OHM default CC0", "tags": {"covered": "yes", "electrified": "contact_line", "frequency": "0", "gauge": "1458", "layer": "-1", "railway": "tram", "source": "OSM Contributors", "start_date": "1896-05-20", "tunnel": "yes", "voltage": "600"}}}, {"type": "Feature", "id": "ohm/way/205262229", "geometry": {"type": "LineString", "coordinates": [[12.411655, 51.374042299999985], [12.4115606, 51.37395099999999]]}, "properties": {"source": "OpenHistoricalMap", "way_id": 205262229, "source_url": "https://www.openhistoricalmap.org/way/205262229", "name": null, "name_status": "unrecorded", "status": "historical_record; present-day removal unconfirmed", "railway": "tram", "length_km": 0.012099, "original_way_length_km": 0.012099, "start_date": "1896-05-20", "end_date": null, "license": "https://opendatacommons.org/licenses/odbl/1-0/", "source_license": "https://creativecommons.org/publicdomain/zero/1.0/", "source_license_basis": "OHM default CC0", "tags": {"covered": "yes", "electrified": "contact_line", "frequency": "0", "gauge": "1458", "layer": "-1", "railway": "tram", "source": "OSM Contributors", "start_date": "1896-05-20", "tunnel": "yes", "voltage": "600"}}}, {"type": "Feature", "id": "ohm/way/205262230", "geometry": {"type": "LineString", "coordinates": [[12.4115172, 51.373909499999996], [12.411454800000001, 51.373849599999986]]}, "properties": {"source": "OpenHistoricalMap", "way_id": 205262230, "source_url": "https://www.openhistoricalmap.org/way/205262230", "name": null, "name_status": "unrecorded", "status": "historical_record; present-day removal unconfirmed", "railway": "tram", "length_km": 0.007956, "original_way_length_km": 0.007956, "start_date": "1896-05-20", "end_date": null, "license": "https://opendatacommons.org/licenses/odbl/1-0/", "source_license": "https://creativecommons.org/publicdomain/zero/1.0/", "source_license_basis": "OHM default CC0", "tags": {"covered": "yes", "electrified": "contact_line", "frequency": "0", "gauge": "1458", "layer": "-1", "railway": "tram", "source": "OSM Contributors", "start_date": "1896-05-20", "tunnel": "yes", "voltage": "600"}}}, {"type": "Feature", "id": "ohm/way/205262231", "geometry": {"type": "LineString", "coordinates": [[12.411499200000002, 51.37384549999999], [12.411561000000003, 51.37390559999999]]}, "properties": {"source": "OpenHistoricalMap", "way_id": 205262231, "source_url": "https://www.openhistoricalmap.org/way/205262231", "name": null, "name_status": "unrecorded", "status": "historical_record; present-day removal unconfirmed", "railway": "tram", "length_km": 0.007952, "original_way_length_km": 0.007952, "start_date": "1896-05-20", "end_date": null, "license": "https://opendatacommons.org/licenses/odbl/1-0/", "source_license": "https://creativecommons.org/publicdomain/zero/1.0/", "source_license_basis": "OHM default CC0", "tags": {"covered": "yes", "electrified": "contact_line", "frequency": "0", "gauge": "1458", "layer": "-1", "railway": "tram", "source": "OSM Contributors", "start_date": "1896-05-20", "tunnel": "yes", "voltage": "600"}}}, {"type": "Feature", "id": "ohm/way/205262232", "geometry": {"type": "LineString", "coordinates": [[12.411561000000003, 51.37390559999999], [12.4116032, 51.3739471]]}, "properties": {"source": "OpenHistoricalMap", "way_id": 205262232, "source_url": "https://www.openhistoricalmap.org/way/205262232", "name": null, "name_status": "unrecorded", "status": "historical_record; present-day removal unconfirmed", "railway": "tram", "length_km": 0.005473, "original_way_length_km": 0.005473, "start_date": "1896-05-20", "end_date": null, "license": "https://opendatacommons.org/licenses/odbl/1-0/", "source_license": "https://creativecommons.org/publicdomain/zero/1.0/", "source_license_basis": "OHM default CC0", "tags": {"electrified": "contact_line", "frequency": "0", "gauge": "1458", "layer": "-1", "railway": "tram", "source": "OSM Contributors", "start_date": "1896-05-20", "tunnel": "yes", "voltage": "600"}}}, {"type": "Feature", "id": "ohm/way/205262233", "geometry": {"type": "LineString", "coordinates": [[12.4115606, 51.37395099999999], [12.4115172, 51.373909499999996]]}, "properties": {"source": "OpenHistoricalMap", "way_id": 205262233, "source_url": "https://www.openhistoricalmap.org/way/205262233", "name": null, "name_status": "unrecorded", "status": "historical_record; present-day removal unconfirmed", "railway": "tram", "length_km": 0.005518, "original_way_length_km": 0.005518, "start_date": "1896-05-20", "end_date": null, "license": "https://opendatacommons.org/licenses/odbl/1-0/", "source_license": "https://creativecommons.org/publicdomain/zero/1.0/", "source_license_basis": "OHM default CC0", "tags": {"electrified": "contact_line", "frequency": "0", "gauge": "1458", "layer": "-1", "railway": "tram", "source": "OSM Contributors", "start_date": "1896-05-20", "tunnel": "yes", "voltage": "600"}}}, {"type": "Feature", "id": "ohm/way/205262234", "geometry": {"type": "LineString", "coordinates": [[12.411454800000001, 51.373849599999986], [12.411226500000001, 51.373630799999994], [12.410928300000002, 51.37332649999999], [12.4104702, 51.3728597], [12.409933600000002, 51.372315699999994], [12.409467800000002, 51.371843999999996], [12.4094303, 51.3718061], [12.409369, 51.3717446], [12.4090466, 51.371421299999994], [12.4089127, 51.3712871], [12.408147100000003, 51.370519300000005], [12.4065748, 51.3689426], [12.4063154, 51.36867139999999], [12.406198, 51.3685533], [12.4041985, 51.36654310000001], [12.403537600000002, 51.3658781], [12.4031017, 51.3654115], [12.402711600000002, 51.3650326], [12.402410100000003, 51.36474259999999], [12.401983800000002, 51.36432310000001], [12.401926, 51.3642599], [12.4018558, 51.36418309999999], [12.4017155, 51.3640026], [12.401593900000002, 51.3638162], [12.4011668, 51.363186], [12.4008199, 51.3627035], [12.4007245, 51.3625278]]}, "properties": {"source": "OpenHistoricalMap", "way_id": 205262234, "source_url": "https://www.openhistoricalmap.org/way/205262234", "name": null, "name_status": "unrecorded", "status": "historical_record; present-day removal unconfirmed", "railway": "tram", "length_km": 1.466747, "original_way_length_km": 1.466747, "start_date": "1896-05-20", "end_date": null, "license": "https://opendatacommons.org/licenses/odbl/1-0/", "source_license": "https://creativecommons.org/publicdomain/zero/1.0/", "source_license_basis": "OHM default CC0", "tags": {"electrified": "contact_line", "frequency": "0", "gauge": "1458", "oneway": "yes", "railway": "tram", "source": "OSM Contributors", "start_date": "1896-05-20", "voltage": "600"}}}, {"type": "Feature", "id": "ohm/way/205262235", "geometry": {"type": "LineString", "coordinates": [[12.400766, 51.3625186], [12.400897000000002, 51.362753999999995], [12.401477600000002, 51.36355389999999], [12.401623200000001, 51.36378389999999], [12.4017008, 51.36391], [12.4017781, 51.364020700000005], [12.4018644, 51.364140199999994], [12.401919700000002, 51.36420499999999], [12.4020115, 51.36429029999999], [12.4024421, 51.3647296], [12.4031432, 51.365407999999995], [12.4040767, 51.3663788], [12.405765400000002, 51.3680536], [12.406046100000001, 51.36834749999999], [12.406230500000001, 51.3685406], [12.406337, 51.36865209999999], [12.408415800000002, 51.3707439], [12.4089448, 51.37127609999999], [12.4091337, 51.3714662], [12.4093989, 51.37173239999999], [12.4095, 51.371833900000006], [12.4096261, 51.371960499999986], [12.4099716, 51.372305], [12.4105775, 51.3729067], [12.41125, 51.37359759999998], [12.411499200000002, 51.37384549999999]]}, "properties": {"source": "OpenHistoricalMap", "way_id": 205262235, "source_url": "https://www.openhistoricalmap.org/way/205262235", "name": null, "name_status": "unrecorded", "status": "historical_record; present-day removal unconfirmed", "railway": "tram", "length_km": 1.467404, "original_way_length_km": 1.467404, "start_date": "1896-05-20", "end_date": null, "license": "https://opendatacommons.org/licenses/odbl/1-0/", "source_license": "https://creativecommons.org/publicdomain/zero/1.0/", "source_license_basis": "OHM default CC0", "tags": {"electrified": "contact_line", "frequency": "0", "gauge": "1458", "oneway": "yes", "railway": "tram", "source": "OSM Contributors", "start_date": "1896-05-20", "voltage": "600"}}}, {"type": "Feature", "id": "ohm/way/205262236", "geometry": {"type": "LineString", "coordinates": [[12.3774226, 51.3493582], [12.377397200000003, 51.349443], [12.3773856, 51.34949559999999], [12.3773844, 51.3495774], [12.377440900000002, 51.3496937], [12.3780251, 51.350038199999986], [12.3781823, 51.35013729999999], [12.3789511, 51.350606799999994], [12.3790973, 51.350673799999996], [12.379284700000001, 51.350716099999985], [12.379401100000003, 51.35072559999999], [12.381209400000001, 51.35086729999999], [12.3815258, 51.35089549999999], [12.3816111, 51.3509045], [12.38174, 51.35092589999999], [12.3818986, 51.35097609999999], [12.383632700000001, 51.35193779999998], [12.383835400000002, 51.35202679999998], [12.387485, 51.35319739999999], [12.3875839, 51.3532282], [12.387625700000001, 51.35324049999999], [12.3876801, 51.3532566], [12.3878736, 51.353318699999996], [12.3880618, 51.35337809999999], [12.388259600000001, 51.3534409], [12.3886301, 51.35356209999999], [12.3891421, 51.3537368], [12.3893747, 51.35386810000001], [12.3897098, 51.35409260000001], [12.3909496, 51.354950699999996], [12.3910719, 51.35503299999999], [12.391316600000001, 51.3551974], [12.3915278, 51.35534609999999], [12.3927209, 51.3561832], [12.395525500000002, 51.35853139999999], [12.3982777, 51.3608388], [12.398676900000002, 51.361184699999995], [12.398962800000001, 51.361480300000004]]}, "properties": {"source": "OpenHistoricalMap", "way_id": 205262236, "source_url": "https://www.openhistoricalmap.org/way/205262236", "name": null, "name_status": "unrecorded", "status": "historical_record; present-day removal unconfirmed", "railway": "tram", "length_km": 2.092139, "original_way_length_km": 2.092139, "start_date": "1896-05-20", "end_date": null, "license": "https://opendatacommons.org/licenses/odbl/1-0/", "source_license": "https://creativecommons.org/publicdomain/zero/1.0/", "source_license_basis": "OHM default CC0", "tags": {"covered": "yes", "electrified": "contact_line", "frequency": "0", "gauge": "1458", "oneway": "yes", "railway": "tram", "source": "OSM Contributors", "start_date": "1896-05-20", "voltage": "600"}}}, {"type": "Feature", "id": "ohm/way/205262237", "geometry": {"type": "LineString", "coordinates": [[12.398925100000001, 51.361494099999994], [12.3987544, 51.361304299999986], [12.3984372, 51.361014], [12.3962507, 51.3591813], [12.392698, 51.356199000000004], [12.3914951, 51.35536669999999], [12.3913831, 51.3552831], [12.3912848, 51.3552137], [12.3911654, 51.3551317], [12.390964600000002, 51.354992599999996], [12.3908316, 51.3549005], [12.3896172, 51.35406789999999], [12.3894331, 51.35394289999999], [12.389051700000001, 51.35372819999999], [12.388614200000001, 51.3535825], [12.3882847, 51.35347599999999], [12.3881415, 51.3534298], [12.388089, 51.35341309999999], [12.387893800000002, 51.35334779999999], [12.3877654, 51.35330879999999], [12.387666300000001, 51.35327499999999], [12.3876125, 51.353258099999984], [12.3838142, 51.352046200000004], [12.3836085, 51.351955600000004], [12.3819845, 51.3510504], [12.3818016, 51.350970999999994], [12.381619600000002, 51.350929599999986], [12.381359600000001, 51.350902899999994], [12.379274000000002, 51.350744600000006], [12.379074200000002, 51.35069769999999], [12.3788864, 51.35060049999999], [12.3776953, 51.34988959999999], [12.377522500000001, 51.349789699999995], [12.3773714, 51.349686600000005], [12.3773418, 51.349638299999995], [12.377330600000002, 51.349499099999996], [12.377348, 51.34944080000001], [12.3773953, 51.3493294]]}, "properties": {"source": "OpenHistoricalMap", "way_id": 205262237, "source_url": "https://www.openhistoricalmap.org/way/205262237", "name": null, "name_status": "unrecorded", "status": "historical_record; present-day removal unconfirmed", "railway": "tram", "length_km": 2.098113, "original_way_length_km": 2.098113, "start_date": "1896-05-20", "end_date": null, "license": "https://opendatacommons.org/licenses/odbl/1-0/", "source_license": "https://creativecommons.org/publicdomain/zero/1.0/", "source_license_basis": "OHM default CC0", "tags": {"covered": "yes", "electrified": "contact_line", "frequency": "0", "gauge": "1458", "oneway": "yes", "railway": "tram", "source": "OSM Contributors", "start_date": "1896-05-20", "voltage": "600"}}}, {"type": "Feature", "id": "ohm/way/205262238", "geometry": {"type": "LineString", "coordinates": [[12.4007245, 51.3625278], [12.400661000000001, 51.3624184], [12.4005184, 51.362261499999995], [12.4003887, 51.3621679], [12.400239700000002, 51.36209249999999], [12.4000634, 51.3620287], [12.399926000000002, 51.3619896], [12.399714, 51.3619367], [12.3994802, 51.3618715], [12.3992848, 51.3617906], [12.3991127, 51.361683400000004], [12.398925100000001, 51.361494099999994]]}, "properties": {"source": "OpenHistoricalMap", "way_id": 205262238, "source_url": "https://www.openhistoricalmap.org/way/205262238", "name": null, "name_status": "unrecorded", "status": "historical_record; present-day removal unconfirmed", "railway": "tram", "length_km": 0.176592, "original_way_length_km": 0.176592, "start_date": "1896-05-20", "end_date": null, "license": "https://opendatacommons.org/licenses/odbl/1-0/", "source_license": "https://creativecommons.org/publicdomain/zero/1.0/", "source_license_basis": "OHM default CC0", "tags": {"bridge": "yes", "electrified": "contact_line", "frequency": "0", "gauge": "1458", "layer": "1", "oneway": "yes", "railway": "tram", "source": "OSM Contributors", "start_date": "1896-05-20", "voltage": "600"}}}, {"type": "Feature", "id": "ohm/way/205262239", "geometry": {"type": "LineString", "coordinates": [[12.398962800000001, 51.361480300000004], [12.3990258, 51.3615541], [12.3991554, 51.36167209999999], [12.399278, 51.361750699999995], [12.3994896, 51.3618431], [12.3997313, 51.3619124], [12.399942100000002, 51.3619648], [12.4000806, 51.36200300000001], [12.4002923, 51.362083899999995], [12.4004955, 51.3622014], [12.4006461, 51.3623395], [12.400766, 51.3625186]]}, "properties": {"source": "OpenHistoricalMap", "way_id": 205262239, "source_url": "https://www.openhistoricalmap.org/way/205262239", "name": null, "name_status": "unrecorded", "status": "historical_record; present-day removal unconfirmed", "railway": "tram", "length_km": 0.177037, "original_way_length_km": 0.177037, "start_date": "1896-05-20", "end_date": null, "license": "https://opendatacommons.org/licenses/odbl/1-0/", "source_license": "https://creativecommons.org/publicdomain/zero/1.0/", "source_license_basis": "OHM default CC0", "tags": {"bridge": "yes", "electrified": "contact_line", "frequency": "0", "gauge": "1458", "layer": "1", "oneway": "yes", "railway": "tram", "source": "OSM Contributors", "start_date": "1896-05-20", "voltage": "600"}}}]}
